category_id,category_name,characteristic,frequency,total_items_in_category
793284715,"Шины пневматические для строительных, дорожных, подъемно-транспортных машин",Вид: шин покрышек и камер резиновых шины пневматичес,444,3331
793284715,"Шины пневматические для строительных, дорожных, подъемно-транспортных машин",Ос: ти и изделия крепежные для ремонта шин и,276,3331
793284715,"Шины пневматические для строительных, дорожных, подъемно-транспортных машин",Вид: товаров транспортные средства вид транспортные,194,3331
793284715,"Шины пневматические для строительных, дорожных, подъемно-транспортных машин",Характеристика: россия,165,3331
793284715,"Шины пневматические для строительных, дорожных, подъемно-транспортных машин",Ос: сия,164,3331
793284715,"Шины пневматические для строительных, дорожных, подъемно-транспортных машин",Вид: ы запасных частей для транспортных средств коле,158,3331
793284715,"Шины пневматические для строительных, дорожных, подъемно-транспортных машин",Категория: использования шины повышенной проходимости нали,132,3331
793284715,"Шины пневматические для строительных, дорожных, подъемно-транспортных машин",Вид: транспортные средства запасные части вид шин,127,3331
793284715,"Шины пневматические для строительных, дорожных, подъемно-транспортных машин",Ос: об герметизации шины бескамерная спос,119,3331
793284715,"Шины пневматические для строительных, дорожных, подъемно-транспортных машин",Тип: конструкции пневматических шин диагональная вид,109,3331
793284715,"Шины пневматические для строительных, дорожных, подъемно-транспортных машин",Технические параметры: китай,102,3331
793284715,"Шины пневматические для строительных, дорожных, подъемно-транспортных машин",Тип: конструкции диагональная вид продукции товар,60,3331
793284715,"Шины пневматические для строительных, дорожных, подъемно-транспортных машин",Ос: тавки товара по заявке тип конструкци,60,3331
793284715,"Шины пневматические для строительных, дорожных, подъемно-транспортных машин",Ос: ти a8 категория использования шины,48,3331
793284715,"Шины пневматические для строительных, дорожных, подъемно-транспортных машин",Характеристика: индия,41,3331
793284715,"Шины пневматические для строительных, дорожных, подъемно-транспортных машин",Материал: ов и запасных частей для них,25,3331
793284715,"Шины пневматические для строительных, дорожных, подъемно-транспортных машин",Ос: ти назначение пневматических шин стро,16,3331
793284715,"Шины пневматические для строительных, дорожных, подъемно-транспортных машин",Тип: конструкции диагональная условное обозначение н,16,3331
793284715,"Шины пневматические для строительных, дорожных, подъемно-транспортных машин",Категория: использования шины универсальная наличие шипов,13,3331
793284715,"Шины пневматические для строительных, дорожных, подъемно-транспортных машин",Ос: ти a8 способ герметизации шины бес,12,3331
793285271,Шины пневматические для сельскохозяйственных машин,Вид: шин покрышек и камер резиновых шины пневматичес,151,1139
793285271,Шины пневматические для сельскохозяйственных машин,Ос: ти и изделия крепежные для ремонта шин и,99,1139
793285271,Шины пневматические для сельскохозяйственных машин,Характеристика: россия,81,1139
793285271,Шины пневматические для сельскохозяйственных машин,Ос: сия,78,1139
793285271,Шины пневматические для сельскохозяйственных машин,Вид: товаров транспортные средства вид транспортные,71,1139
793285271,Шины пневматические для сельскохозяйственных машин,Вид: ы запасных частей для транспортных средств коле,46,1139
793285271,Шины пневматические для сельскохозяйственных машин,Ос: ти а8 категория использования веду,40,1139
793285271,Шины пневматические для сельскохозяйственных машин,Вид: транспортные средства запасные части вид шин,39,1139
793285271,Шины пневматические для сельскохозяйственных машин,Ос: об герметизации камерные тип конструк,20,1139
793285271,Шины пневматические для сельскохозяйственных машин,Тип: конструкции пневматических шин диагональная вид,20,1139
793285271,Шины пневматические для сельскохозяйственных машин,Категория: использования ведущего колеса назначение тра,18,1139
793285271,Шины пневматические для сельскохозяйственных машин,Тип: конструкции диагональная вид продукции товар,17,1139
793285271,Шины пневматические для сельскохозяйственных машин,Ос: ти 8pr способ герметизации камерны,14,1139
793285271,Шины пневматические для сельскохозяйственных машин,Характеристика: индия,13,1139
793285271,Шины пневматические для сельскохозяйственных машин,Технические параметры: 2а,12,1139
793285271,Шины пневматические для сельскохозяйственных машин,Технические параметры: китай,12,1139
793285271,Шины пневматические для сельскохозяйственных машин,Ос: об поставки товара по заявке тип конс,11,1139
793285271,Шины пневматические для сельскохозяйственных машин,Категория: использования ведущего колеса номинальная ширин,11,1139
793285271,Шины пневматические для сельскохозяйственных машин,Категория: использования несущего колеса наличие шипов,9,1139
793285271,Шины пневматические для сельскохозяйственных машин,Объем: беларусь,7,1139
793286151,Шины пневматические для легкового автомобиля,Характеристика: россия,1803,24266
793286151,Шины пневматические для легкового автомобиля,Ос: сия,1792,24266
793286151,Шины пневматические для легкового автомобиля,Характеристика: runflat,1082,24266
793286151,Шины пневматические для легкового автомобиля,Да: номинальная ширина профиля,997,24266
793286151,Шины пневматические для легкового автомобиля,Категория: использования шины зимняя назначение пневматиче,975,24266
793286151,Шины пневматические для легкового автомобиля,Нет: категория использования шины,968,24266
793286151,Шины пневматические для легкового автомобиля,Ос: об герметизации шины бескамерные тип,933,24266
793286151,Шины пневматические для легкового автомобиля,Ос: ти и изделия крепежные для ремонта шин и,425,24266
793286151,Шины пневматические для легкового автомобиля,Вид: шин покрышек и камер резиновых шины пневматичес,422,24266
793286151,Шины пневматические для легкового автомобиля,Характеристика: xl,402,24266
793286151,Шины пневматические для легкового автомобиля,Технические параметры: китай,369,24266
793286151,Шины пневматические для легкового автомобиля,Вид: ы запасных частей для транспортных средств коле,327,24266
793286151,Шины пневматические для легкового автомобиля,Вид: транспортные средства запасные части вид шин,326,24266
793286151,Шины пневматические для легкового автомобиля,Вид: продукции товары вид товаров транспортные ср,267,24266
793286151,Шины пневматические для легкового автомобиля,Характеристика: ice,256,24266
793286151,Шины пневматические для легкового автомобиля,Характеристика: nordman,240,24266
793286151,Шины пневматические для легкового автомобиля,Характеристика: suv,193,24266
793286151,Шины пневматические для легкового автомобиля,Характеристика: nokian,178,24266
793286151,Шины пневматические для легкового автомобиля,Характеристика: корея,170,24266
793286151,Шины пневматические для легкового автомобиля,Модель: nordman,158,24266
793360561,Шины пневматические для грузовых автомобилей,Вид: шин покрышек и камер резиновых шины пневматичес,402,5905
793360561,Шины пневматические для грузовых автомобилей,Вид: ы шин пневматических для грузовых автомобилей авто,371,5905
793360561,Шины пневматические для грузовых автомобилей,Характеристика: россия,361,5905
793360561,Шины пневматические для грузовых автомобилей,Ос: сия,334,5905
793360561,Шины пневматические для грузовых автомобилей,Ос: ти и изделия крепежные для ремонта шин и,323,5905
793360561,Шины пневматические для грузовых автомобилей,Вид: транспортные средства запасные части вид шин,262,5905
793360561,Шины пневматические для грузовых автомобилей,Вид: продукции товары вид товаров транспортные ср,260,5905
793360561,Шины пневматические для грузовых автомобилей,Вид: ы запасных частей для транспортных средств коле,230,5905
793360561,Шины пневматические для грузовых автомобилей,Ос: об герметизации шины бескамерная тип,214,5905
793360561,Шины пневматические для грузовых автомобилей,Тип: грузовых шин универсальные тип конструкции р,206,5905
793360561,Шины пневматические для грузовых автомобилей,Технические параметры: китай,128,5905
793360561,Шины пневматические для грузовых автомобилей,Нет: номинальная ширина профиля,118,5905
793360561,Шины пневматические для грузовых автомобилей,Ос: ти l категория использования шины,47,5905
793360561,Шины пневматические для грузовых автомобилей,Ос: и тип конструкции радиальная цельноме,33,5905
793360561,Шины пневматические для грузовых автомобилей,Категория: использования шины всесезонные назначение шины,29,5905
793360561,Шины пневматические для грузовых автомобилей,Категория: использования шины всесезонная наличие логотипа,28,5905
793360561,Шины пневматические для грузовых автомобилей,Материал: ов и запасных частей для них,28,5905
793360561,Шины пневматические для грузовых автомобилей,Ос: тавки товара по заявке тип грузовых ш,26,5905
793360561,Шины пневматические для грузовых автомобилей,Тип: конструкции радиальная вид продукции товары,21,5905
793360561,Шины пневматические для грузовых автомобилей,Тип: рисунка дорожный вид продукции товары вид то,20,5905
793410132,Шины пневматические для мотоциклов,Технические параметры: китай,25,311
793410132,Шины пневматические для мотоциклов,Вид: шины покрышки и камеры резиновые вид транспортные,16,311
793410132,Шины пневматические для мотоциклов,Характеристика: kenda,12,311
793410132,Шины пневматические для мотоциклов,Ос: ти и изделия крепежные для ремонта шин и,10,311
793410132,Шины пневматические для мотоциклов,Вид: товаров транспортные средства вид продукции,10,311
793410132,Шины пневматические для мотоциклов,Вид: ы запасных частей для транспортных средств коле,10,311
793410132,Шины пневматические для мотоциклов,Характеристика: tr4,10,311
793410132,Шины пневматические для мотоциклов,Модель: mitas,10,311
793410132,Шины пневматические для мотоциклов,Характеристика: япония,8,311
793410132,Шины пневматические для мотоциклов,Характеристика: mitas,7,311
793410132,Шины пневматические для мотоциклов,Технические параметры: резина,5,311
793410132,Шины пневматические для мотоциклов,Ос: сия,5,311
793410132,Шины пневматические для мотоциклов,Характеристика: россия,5,311
793410132,Шины пневматические для мотоциклов,Вес: германия,4,311
793410132,Шины пневматические для мотоциклов,Характеристика: battlax,4,311
793410132,Шины пневматические для мотоциклов,Характеристика: geomax,4,311
793410132,Шины пневматические для мотоциклов,Модель: dunlop,4,311
793410132,Шины пневматические для мотоциклов,Характеристика: dunlop,4,311
793410132,Шины пневматические для мотоциклов,Модель: kenda,3,311
793410132,Шины пневматические для мотоциклов,Характеристика: 4 м,3,311
793284937,Шины сплошные и полупневматические,Ос: ти и изделия крепежные для ремонта шин и,9,111
793284937,Шины сплошные и полупневматические,Вид: шин покрышек и камер резиновых шины сплошные и,9,111
793284937,Шины сплошные и полупневматические,Вид: ы запасных частей для транспортных средств коле,8,111
793284937,Шины сплошные и полупневматические,Вид: транспортные средства запасные части вид шин,8,111
793284937,Шины сплошные и полупневматические,Вид: шины сплошная цельнолитая индекс нагрузки,6,111
793284937,Шины сплошные и полупневматические,Характеристика: std,5,111
793284937,Шины сплошные и полупневматические,Характеристика: bkt,4,111
793284937,Шины сплошные и полупневматические,Характеристика: индия,4,111
793284937,Шины сплошные и полупневматические,Вид: продукции товары вид товаров транспортные ср,4,111
793284937,Шины сплошные и полупневматические,Тип: конструкции полупневматических шин диагональные,3,111
793284937,Шины сплошные и полупневматические,Характеристика: maglift,3,111
793284937,Шины сплошные и полупневматические,Размер: 8 дюйм,2,111
793284937,Шины сплошные и полупневматические,Ос: ть всесезонная способ герметизации ши,2,111
793284937,Шины сплошные и полупневматические,Характеристика: optima,2,111
793284937,Шины сплошные и полупневматические,Модель: optima,2,111
793284937,Шины сплошные и полупневматические,Тип: рисунка индустриальный вид товаров транспорт,1,111
793284937,Шины сплошные и полупневматические,Ос: ти а5 исполнение цельнолитой шины,1,111
793284937,Шины сплошные и полупневматические,Вид: шины покрышки и камеры резиновые виды запасных час,1,111
793284937,Шины сплошные и полупневматические,Характеристика: run,1,111
793284937,Шины сплошные и полупневматические,Характеристика: sottozero,1,111
793360559,Шины пневматические для автобусов,Вид: шин покрышек и камер резиновых шины пневматичес,58,499
793360559,Шины пневматические для автобусов,Вид: ы шин пневматических для грузовых автомобилей авто,39,499
793360559,Шины пневматические для автобусов,Ос: ти и изделия крепежные для ремонта шин и,34,499
793360559,Шины пневматические для автобусов,Вид: товаров транспортные средства вид транспортные,32,499
793360559,Шины пневматические для автобусов,Ос: об герметизации шины бескамерная тип,32,499
793360559,Шины пневматические для автобусов,Характеристика: россия,29,499
793360559,Шины пневматические для автобусов,Ос: сия,29,499
793360559,Шины пневматические для автобусов,Тип: конструкции радиальная вид продукции товары,25,499
793360559,Шины пневматические для автобусов,Да: номинальная ширина профиля,24,499
793360559,Шины пневматические для автобусов,Категория: использования шины зимняя назначение шины ле,18,499
793360559,Шины пневматические для автобусов,Технические параметры: китай,12,499
793360559,Шины пневматические для автобусов,Вид: транспортные средства запасные части вид шин,10,499
793360559,Шины пневматические для автобусов,Вид: ы запасных частей для транспортных средств коле,10,499
793360559,Шины пневматические для автобусов,Характеристика: van,6,499
793360559,Шины пневматические для автобусов,Характеристика: winter,5,499
793360559,Шины пневматические для автобусов,Материал: ов и запасных частей для них,5,499
793360559,Шины пневматические для автобусов,Ос: тавки товара по заявке тип конструкци,4,499
793360559,Шины пневматические для автобусов,Характеристика: grip,4,499
793360559,Шины пневматические для автобусов,Характеристика: green-max,4,499
793360559,Шины пневматические для автобусов,Категория: использования шины дорожная категория скорости,4,499
793410130,Шины пневматические для картов,Технические параметры: китай,8,96
793410130,Шины пневматические для картов,Характеристика: bxdxd,7,96
793410130,Шины пневматические для картов,Характеристика: россия,5,96
793410130,Шины пневматические для картов,Ос: сия,5,96
793410130,Шины пневматические для картов,Вид: шин покрышек и камер резиновых шины пневматичес,5,96
793410130,Шины пневматические для картов,Ос: ти и изделия крепежные для ремонта шин и,4,96
793410130,Шины пневматические для картов,Размер: 5 дюйм,4,96
793410130,Шины пневматические для картов,Вид: транспортные средства запасные части вид шин,3,96
793410130,Шины пневматические для картов,Вид: ы запасных частей для транспортных средств коле,3,96
793410130,Шины пневматические для картов,Характеристика: ekka,3,96
793410130,Шины пневматические для картов,Вид: продукции товары вид товаров транспортные ср,3,96
793410130,Шины пневматические для картов,Ос: ть летняя тип tl тип рисунка проте,2,96
793410130,Шины пневматические для картов,Технические параметры: 2 в,2,96
793410130,Шины пневматические для картов,Тип: tl тип рисунка протектора с глубоким протекторо,2,96
793410130,Шины пневматические для картов,Объем: польша,1,96
793410130,Шины пневматические для картов,Модель: at225,1,96
793410130,Шины пневматические для картов,Вес: 225 г,1,96
793410130,Шины пневматические для картов,Ос: ть летняя вид продукции товары вид,1,96
793410130,Шины пневматические для картов,Характеристика: at225,1,96
793410130,Шины пневматические для картов,Назначение: для каретных колес сезонность летняя вид продук,1,96
793410128,Шины (покрышки) и камеры для кресел-колясок,Технические параметры: резина,5,67
793410128,Шины (покрышки) и камеры для кресел-колясок,Размер: 24,5,67
793410128,Шины (покрышки) и камеры для кресел-колясок,Технические параметры: китай,4,67
793410128,Шины (покрышки) и камеры для кресел-колясок,Вес: германия,3,67
793410128,Шины (покрышки) и камеры для кресел-колясок,Цвет: черный,3,67
793410128,Шины (покрышки) и камеры для кресел-колясок,Характеристика: серый,2,67
793410128,Шины (покрышки) и камеры для кресел-колясок,Материал: нейлон назначение,2,67
793410128,Шины (покрышки) и камеры для кресел-колясок,Вид: шин покрышек и камер резиновых шины покрышки,2,67
793410128,Шины (покрышки) и камеры для кресел-колясок,Ос: ти и изделия крепежные для ремонта шин и,2,67
793410128,Шины (покрышки) и камеры для кресел-колясок,Вид: продукции товары вид товаров транспортные ср,2,67
793410128,Шины (покрышки) и камеры для кресел-колясок,Вид: транспортные средства запасные части вид шин,2,67
793410128,Шины (покрышки) и камеры для кресел-колясок,Вид: ы запасных частей для транспортных средств коле,2,67
793410128,Шины (покрышки) и камеры для кресел-колясок,Ос: сия,2,67
793410128,Шины (покрышки) и камеры для кресел-колясок,Характеристика: россия,2,67
793410128,Шины (покрышки) и камеры для кресел-колясок,Модель: 24,1,67
793410128,Шины (покрышки) и камеры для кресел-колясок,Характеристика: tpi,1,67
793410128,Шины (покрышки) и камеры для кресел-колясок,Цвет: серый размер,1,67
793410128,Шины (покрышки) и камеры для кресел-колясок,Характеристика: guard,1,67
793410128,Шины (покрышки) и камеры для кресел-колясок,Характеристика: smart,1,67
793410128,Шины (покрышки) и камеры для кресел-колясок,Назначение: инвалидная коляска цвет серый размер 24 дюйм,1,67
72095359,Одежда для взрослых форменная,Характеристика: россия,285,3277
72095359,Одежда для взрослых форменная,Ос: сия,246,3277
72095359,Одежда для взрослых форменная,Объем: хлопок,192,3277
72095359,Одежда для взрослых форменная,Характеристика: .м,169,3277
72095359,Одежда для взрослых форменная,Состав: ткани,144,3277
72095359,Одежда для взрослых форменная,Ос: лых форменная воротник отложной со ст,135,3277
72095359,Одежда для взрослых форменная,Объем: белый,115,3277
72095359,Одежда для взрослых форменная,Цвет: синий,94,3277
72095359,Одежда для взрослых форменная,Цвет: белый размер рост,86,3277
72095359,Одежда для взрослых форменная,Характеристика: шерсть,80,3277
72095359,Одежда для взрослых форменная,Вес: голубой,74,3277
72095359,Одежда для взрослых форменная,Цвет: черный,54,3277
72095359,Одежда для взрослых форменная,Ос: лых форменная модель сорочка мужская,49,3277
72095359,Одежда для взрослых форменная,Вид: рукава короткий силуэт приталенный с вытачка,42,3277
72095359,Одежда для взрослых форменная,Ос: ть мужской вид рукава короткий сил,42,3277
72095359,Одежда для взрослых форменная,Цвет: отделки,37,3277
72095359,Одежда для взрослых форменная,Ос: тав 65 - полиэфир 35 - хлопок цвет,35,3277
72095359,Одежда для взрослых форменная,Вид: рукава длинный цвет отделки синий модель,35,3277
72095359,Одежда для взрослых форменная,Ос: лых форменная назначение одежды форменно,23,3277
72095359,Одежда для взрослых форменная,Ос: лых форменная половая принадлежность,23,3277
72095360,Юбки женские,Цвет: синий,3,26
72095360,Юбки женские,Характеристика: шерсть,3,26
72095360,Юбки женские,Состав: ткани верха,3,26
72095360,Юбки женские,Ос: сия,2,26
72095360,Юбки женские,Ос: тав ткани верха 44 шерсть 54 полиэфир,2,26
72095360,Юбки женские,Характеристика: россия,2,26
72095360,Юбки женские,Цвет: темно-синий вид прод,1,26
72095360,Юбки женские,Цвет: темно-синий плотност,1,26
72095360,Юбки женские,Назначение: защита от общепроизводственных загрязнений плотнос,1,26
72095360,Юбки женские,Объем: хлопок,1,26
72095360,Юбки женские,Объем: белый,1,26
72095360,Юбки женские,Характеристика: .м,1,26
72095360,Юбки женские,Состав: ткани,1,26
72095360,Юбки женские,Цвет: белый отделка,1,26
72095360,Юбки женские,Вид: ы одежды включая форменную головных уборов одежд,1,26
72095360,Юбки женские,Цвет: темно-синий размер р,1,26
72095360,Юбки женские,Ос: тюмная состав ткани верха 44 шерсть 5,1,26
72095366,Жилеты для взрослых,Вид: ы одежды включая форменную головных уборов одежд,17,200
72095366,Жилеты для взрослых,Состав: ткани,14,200
72095366,Жилеты для взрослых,Ос: сия,13,200
72095366,Жилеты для взрослых,Характеристика: россия,13,200
72095366,Жилеты для взрослых,Технические параметры: красный,12,200
72095366,Жилеты для взрослых,Цвет: черный,11,200
72095366,Жилеты для взрослых,Объем: хлопок,10,200
72095366,Жилеты для взрослых,Цвет: сочетание бежевого и,10,200
72095366,Жилеты для взрослых,Тип: ткани супербандмастер смесовая цвет сочета,10,200
72095366,Жилеты для взрослых,Ос: обенности удлиненная спинка и кулиска,8,200
72095366,Жилеты для взрослых,Цвет: красный черный модел,8,200
72095366,Жилеты для взрослых,Ос: тав ткани 65 полиэфир 35 хлопок отд,8,200
72095366,Жилеты для взрослых,Ос: лых в составе комплекта костюма,6,200
72095366,Жилеты для взрослых,Состав: е комплекта,6,200
72095366,Жилеты для взрослых,Вид: защиты защита от механических воздействий истир,6,200
72095366,Жилеты для взрослых,Ос: лых назначение для защиты от общих пр,4,200
72095366,Жилеты для взрослых,Назначение: для защиты от общих производственных загрязнений и,4,200
72095366,Жилеты для взрослых,Размер: 48,4,200
72095366,Жилеты для взрослых,Материал: а половой признак,2,200
72095366,Жилеты для взрослых,Цвет: флуоресцентный оранж,2,200
72095367,Жакеты женские,Характеристика: .м,27,258
72095367,Жакеты женские,Состав: ткани,25,258
72095367,Жакеты женские,Объем: хлопок,24,258
72095367,Жакеты женские,Объем: белый,24,258
72095367,Жакеты женские,Цвет: белый отделка,24,258
72095367,Жакеты женские,Ос: тав ткани 65 полиэфир 35 хлопок цве,19,258
72095367,Жакеты женские,Вид: ы одежды включая форменную головных уборов одежд,17,258
72095367,Жакеты женские,Ос: сия,16,258
72095367,Жакеты женские,Характеристика: россия,16,258
72095367,Жакеты женские,Цвет: синий,12,258
72095367,Жакеты женские,Характеристика: шерсть,11,258
72095367,Жакеты женские,Назначение: защита об общепроизводственных загрязнений плотнос,10,258
72095367,Жакеты женские,Состав: ткани верха,8,258
72095367,Жакеты женские,Цвет: темно-синий вид прод,8,258
72095367,Жакеты женские,Ос: тюмная цвет темно-синий вид продукции,8,258
72095367,Жакеты женские,Ос: тюмная цвет темно-синий модель жак,4,258
72095367,Жакеты женские,Технические параметры: . в,2,258
72095367,Жакеты женские,Характеристика: 2 м,1,258
72095367,Жакеты женские,Размер: 46,1,258
72095367,Жакеты женские,Ос: тюмная состав ткани верха 44 шерсть 5,1,258
72095368,Халаты для взрослых,Вид: ы одежды включая форменную головных уборов одежд,58,396
72095368,Халаты для взрослых,Состав: ткани,44,396
72095368,Халаты для взрослых,Объем: хлопок,42,396
72095368,Халаты для взрослых,Объем: белый,35,396
72095368,Халаты для взрослых,Цвет: белый модель,25,396
72095368,Халаты для взрослых,Характеристика: россия,23,396
72095368,Халаты для взрослых,Ос: сия,18,396
72095368,Халаты для взрослых,Характеристика: .м,15,396
72095368,Халаты для взрослых,Цвет: синий,11,396
72095368,Халаты для взрослых,Цвет: белый вид продукции,11,396
72095368,Халаты для взрослых,Технические параметры: 35 в,9,396
72095368,Халаты для взрослых,Назначение: для защиты от общих производственных загрязнений п,7,396
72095368,Халаты для взрослых,Вес: голубой,6,396
72095368,Халаты для взрослых,Цвет: белый отделка,6,396
72095368,Халаты для взрослых,Ос: лых назначение для защиты от общих пр,5,396
72095368,Халаты для взрослых,Ос: тав ткани 65 полиэфир 35 вискоза ти,4,396
72095368,Халаты для взрослых,Цвет: бирюзовый модель,4,396
72095368,Халаты для взрослых,Тип: ткани трикотажного полотна смесовая цвет бел,4,396
72095368,Халаты для взрослых,Вид: а изделия халат полуприлегающего силуэта с рель,4,396
72095368,Халаты для взрослых,Материал: смесовая,4,396
72095369,Пиджаки мужские,Цвет: синий,9,59
72095369,Пиджаки мужские,Характеристика: шерсть,7,59
72095369,Пиджаки мужские,Характеристика: .м,7,59
72095369,Пиджаки мужские,Состав: ткани верха,7,59
72095369,Пиджаки мужские,Ос: сия,6,59
72095369,Пиджаки мужские,Характеристика: россия,6,59
72095369,Пиджаки мужские,Цвет: темно-синий вид прод,6,59
72095369,Пиджаки мужские,Объем: хлопок,2,59
72095369,Пиджаки мужские,Назначение: защита от общих производственных загрязнений разме,2,59
72095369,Пиджаки мужские,Цвет: темно-синий модель,2,59
72095369,Пиджаки мужские,Состав: ткани,2,59
72095369,Пиджаки мужские,Характеристика: lycra,2,59
72095369,Пиджаки мужские,Цвет: темно-синий карманы,1,59
72095370,Футболки трикотажные для взрослых,Объем: хлопок,469,1985
72095370,Футболки трикотажные для взрослых,Назначение: подходит как для работы так и для повседневного га,129,1985
72095370,Футболки трикотажные для взрослых,Цвет: синий,90,1985
72095370,Футболки трикотажные для взрослых,Характеристика: россия,81,1985
72095370,Футболки трикотажные для взрослых,Ос: сия,71,1985
72095370,Футболки трикотажные для взрослых,Вид: ы одежды включая форменную головных уборов одежд,71,1985
72095370,Футболки трикотажные для взрослых,Характеристика: серый,66,1985
72095370,Футболки трикотажные для взрослых,Цвет: черный,50,1985
72095370,Футболки трикотажные для взрослых,Объем: белый,38,1985
72095370,Футболки трикотажные для взрослых,Ос: лых назначение подходит как для работ,36,1985
72095370,Футболки трикотажные для взрослых,Цвет: а может быть рекомен,33,1985
72095370,Футболки трикотажные для взрослых,Характеристика: .м,31,1985
72095370,Футболки трикотажные для взрослых,Ос: лых застежка на 3 пуговицы область пр,24,1985
72095370,Футболки трикотажные для взрослых,Технические параметры: 2 в,20,1985
72095370,Футболки трикотажные для взрослых,Ос: лых вид продукции товары вид товаров,19,1985
72095370,Футболки трикотажные для взрослых,Технические параметры: красный,16,1985
72095370,Футболки трикотажные для взрослых,Ос: лых рукав короткий цвет васильковы,16,1985
72095370,Футболки трикотажные для взрослых,Цвет: серый вид продукции,16,1985
72095370,Футболки трикотажные для взрослых,Технические параметры: . в,15,1985
72095370,Футболки трикотажные для взрослых,Цвет: фисташковый плотност,15,1985
72095373,Плащи для взрослых,Цвет: синий,10,68
72095373,Плащи для взрослых,Технические параметры: пвх,9,68
72095373,Плащи для взрослых,Вес: 225 г,8,68
72095373,Плащи для взрослых,Вид: ы одежды включая форменную головных уборов одежд,6,68
72095373,Плащи для взрослых,Характеристика: россия,4,68
72095373,Плащи для взрослых,Да: плотность 225 гр м2 размер,4,68
72095373,Плащи для взрослых,Цвет: темно-синий модель,4,68
72095373,Плащи для взрослых,Наличие: назначение для защиты от во,3,68
72095373,Плащи для взрослых,Ос: лых капюшон наличие назначение для,3,68
72095373,Плащи для взрослых,Состав: ткани,3,68
72095373,Плащи для взрослых,Ос: лых застежка застежкой на двухзамкову,2,68
72095373,Плащи для взрослых,Ос: ейдон темно-синий,2,68
72095373,Плащи для взрослых,Да: материал полиэфир с пвх-пок,2,68
72095373,Плащи для взрослых,Цвет: темно-синий покрытие,2,68
72095373,Плащи для взрослых,Назначение: для защиты от воды покрытие пвх-покрытие с изна,2,68
72095373,Плащи для взрослых,Ос: обенности швы проклеены специальной л,1,68
72095373,Плащи для взрослых,Ос: ть 225 гр м2 виды одежды включая фор,1,68
72095373,Плащи для взрослых,Ос: ть 225 гр м2 покрытие пвх-покрытие,1,68
72095373,Плащи для взрослых,Ос: ейдон темно-синий россия,1,68
72105483,"Перчатки смотровые/процедурные из латекса гевеи, неопудренные, нестерильные",Характеристика: ansell,5,45
72105483,"Перчатки смотровые/процедурные из латекса гевеи, неопудренные, нестерильные",Объем: желтый,5,45
72105483,"Перчатки смотровые/процедурные из латекса гевеи, неопудренные, нестерильные",Ос: обенности модели универсальные перчат,5,45
72105483,"Перчатки смотровые/процедурные из латекса гевеи, неопудренные, нестерильные",Характеристика: alphatec,5,45
72105483,"Перчатки смотровые/процедурные из латекса гевеи, неопудренные, нестерильные",Материал: хлопковое напыление область пр,4,45
72105483,"Перчатки смотровые/процедурные из латекса гевеи, неопудренные, нестерильные",Ос: ходную чувствительность. поверхность,4,45
72105483,"Перчатки смотровые/процедурные из латекса гевеи, неопудренные, нестерильные",Характеристика: supermax,3,45
72105483,"Перчатки смотровые/процедурные из латекса гевеи, неопудренные, нестерильные",Размер: 8 5-9,2,45
72105483,"Перчатки смотровые/процедурные из латекса гевеи, неопудренные, нестерильные",Материал: латекс опудренные,2,45
72105483,"Перчатки смотровые/процедурные из латекса гевеи, неопудренные, нестерильные",Материал: хлопковое напыление манжета пе,1,45
72105483,"Перчатки смотровые/процедурные из латекса гевеи, неопудренные, нестерильные",Ос: ходную чувствительность. область примене,1,45
72105483,"Перчатки смотровые/процедурные из латекса гевеи, неопудренные, нестерильные",Характеристика: . м,1,45
72105483,"Перчатки смотровые/процедурные из латекса гевеи, неопудренные, нестерильные",Характеристика: 9 м,1,45
72105483,"Перчатки смотровые/процедурные из латекса гевеи, неопудренные, нестерильные",Материал: латесные опудренные,1,45
72105483,"Перчатки смотровые/процедурные из латекса гевеи, неопудренные, нестерильные",Технические параметры: 9 в,1,45
72105483,"Перчатки смотровые/процедурные из латекса гевеи, неопудренные, нестерильные",Размер: 7 5-8,1,45
72105483,"Перчатки смотровые/процедурные из латекса гевеи, неопудренные, нестерильные",Технические параметры: 8 в,1,45
72105483,"Перчатки смотровые/процедурные из латекса гевеи, неопудренные, нестерильные",Размер: 6 5-7,1,45
72105483,"Перчатки смотровые/процедурные из латекса гевеи, неопудренные, нестерильные",Технические параметры: 7 в,1,45
137004434,Фартуки кухонные,Объем: хлопок,3,21
137004434,Фартуки кухонные,Ос: сия,3,21
137004434,Фартуки кухонные,Характеристика: россия,3,21
137004434,Фартуки кухонные,Объем: белый,2,21
137004434,Фартуки кухонные,Состав: ткани,2,21
137004434,Фартуки кухонные,Размер: 85 см,1,21
137004434,Фартуки кухонные,Длина: 85,1,21
137004434,Фартуки кухонные,Ос: т универсальный состав ткани 65 по,1,21
137004434,Фартуки кухонные,Цвет: белый ширина,1,21
137004434,Фартуки кухонные,Цвет: синий,1,21
137004434,Фартуки кухонные,Тип: б синий россия,1,21
137004434,Фартуки кухонные,Цвет: синий модель,1,21
137004434,Фартуки кухонные,Цвет: белый вид размера,1,21
137004762,Шорты для взрослых,Цвет: черный,3,29
137004762,Шорты для взрослых,Объем: хлопок,3,29
137004762,Шорты для взрослых,Ос: лых половой признак мужские боковые к,3,29
137004762,Шорты для взрослых,Цвет: черный эластичный по,3,29
137004762,Шорты для взрослых,Тип: ткани смесовая цвет черный эластичный пояс,3,29
137004762,Шорты для взрослых,Ос: лых модель шорты-бриджи россия,3,29
137004762,Шорты для взрослых,Характеристика: россия,3,29
137004762,Шорты для взрослых,Характеристика: 2 шт,3,29
137004762,Шорты для взрослых,Размер: 88,2,29
137004762,Шорты для взрослых,Размер: 88-92,2,29
137004762,Шорты для взрослых,Размер: 96,1,29
137008502,Гели для ухода за кожей лица,Технические параметры: 2в,1,5
137008502,Гели для ухода за кожей лица,Характеристика: 3,1,5
137008502,Гели для ухода за кожей лица,Технические параметры: . в,1,5
137008502,Гели для ухода за кожей лица,Характеристика: премиум,1,5
137008502,Гели для ухода за кожей лица,Ос: ти и свежести. вид упаковки бутыль с,1,5
137009272,Кремы для рук,Ос: сия,5,33
137009272,Кремы для рук,Характеристика: россия,5,33
137009272,Кремы для рук,Характеристика: 36 м,4,33
137009272,Кремы для рук,Назначение: крем защищает кожу от неблагоприятных погодных усл,2,33
137009272,Кремы для рук,Ос: сийского рынка. крем применим при работа,1,33
137009272,Кремы для рук,Ос: ить крем на кожу рекомендуется только в,1,33
137009272,Кремы для рук,Характеристика: . м,1,33
137009272,Кремы для рук,Характеристика: 3,1,33
137009272,Кремы для рук,Ос: обенности время действия не менее 4 ч,1,33
137009272,Кремы для рук,Ос: метика вид косметики парфюмерии средс,1,33
137009272,Кремы для рук,Ос: метические вид косметических средств,1,33
137009272,Кремы для рук,Вид: продукции товары вид товаров косметика вид к,1,33
137009272,Кремы для рук,Объем: 2 мл,1,33
137009272,Кремы для рук,Ос: об применения не добавляя воды нанест,1,33
137009272,Кремы для рук,Ос: новные ингредиенты очищающая паста с,1,33
137009272,Кремы для рук,Ос: об применения после окончания работ н,1,33
137009272,Кремы для рук,Тип: средства регенерирующий активные ингредиенты,1,33
137009272,Кремы для рук,Тип: средства гидрофильного действия гидрофильный,1,33
137009272,Кремы для рук,Ос: ле высыхания крема и образования пленки,1,33
137009272,Кремы для рук,Ос: об применения перед работой на сухую,1,33
793142263,Одежда специальная для защиты от воды,Характеристика: россия,132,1194
793142263,Одежда специальная для защиты от воды,Ос: сия,115,1194
793142263,Одежда специальная для защиты от воды,Технические параметры: пвх,78,1194
793142263,Одежда специальная для защиты от воды,Состав: ткани,77,1194
793142263,Одежда специальная для защиты от воды,Цвет: синий,67,1194
793142263,Одежда специальная для защиты от воды,Вес: 225 г,54,1194
793142263,Одежда специальная для защиты от воды,Цвет: лимонный с васильков,31,1194
793142263,Одежда специальная для защиты от воды,Характеристика: vision,28,1194
793142263,Одежда специальная для защиты от воды,Характеристика: wpl,28,1194
793142263,Одежда специальная для защиты от воды,Характеристика: extra,28,1194
793142263,Одежда специальная для защиты от воды,Объем: желтый,25,1194
793142263,Одежда специальная для защиты от воды,Технические параметры: . в,24,1194
793142263,Одежда специальная для защиты от воды,Технические параметры: оранжевый,24,1194
793142263,Одежда специальная для защиты от воды,Состав: е комплекта,24,1194
793142263,Одежда специальная для защиты от воды,Цвет: флуоресцентный оранж,21,1194
793142263,Одежда специальная для защиты от воды,Размер: 5 см,19,1194
793142263,Одежда специальная для защиты от воды,Наличие: дополнительных элементов на од,17,1194
793142263,Одежда специальная для защиты от воды,Ос: ть 225 гр м2 покрытие пвх-покрытие,14,1194
793142263,Одежда специальная для защиты от воды,Цвет: темно-синий модель,14,1194
793142263,Одежда специальная для защиты от воды,Ос: ть 225 гр м2 половая принадлежность,13,1194
793142372,Одежда специальная для защиты от растворов кислот,Характеристика: россия,28,329
793142372,Одежда специальная для защиты от растворов кислот,Состав: е комплекта,26,329
793142372,Одежда специальная для защиты от растворов кислот,Технические параметры: оранжевый,24,329
793142372,Одежда специальная для защиты от растворов кислот,Ос: таве комплекта костюма куртка брю,22,329
793142372,Одежда специальная для защиты от растворов кислот,Цвет: синий,21,329
793142372,Одежда специальная для защиты от растворов кислот,Состав: ткани,16,329
793142372,Одежда специальная для защиты от растворов кислот,Материал: лента шириной,14,329
793142372,Одежда специальная для защиты от растворов кислот,Цвет: темно-синий отделка,14,329
793142372,Одежда специальная для защиты от растворов кислот,Технические параметры: . а,14,329
793142372,Одежда специальная для защиты от растворов кислот,Технические параметры: пвх,12,329
793142372,Одежда специальная для защиты от растворов кислот,Размер: .,8,329
793142372,Одежда специальная для защиты от растворов кислот,Материал: полиэфир,8,329
793142372,Одежда специальная для защиты от растворов кислот,Ос: сия,7,329
793142372,Одежда специальная для защиты от растворов кислот,Характеристика: .м,6,329
793142372,Одежда специальная для защиты от растворов кислот,Вид: ы одежды включая форменную головных уборов одежд,6,329
793142372,Одежда специальная для защиты от растворов кислот,Вид: продукции товары виды одежды специальной оде,6,329
793142372,Одежда специальная для защиты от растворов кислот,Цвет: оранжевый вид продук,6,329
793142372,Одежда специальная для защиты от растворов кислот,Вид: атор россия,5,329
793142372,Одежда специальная для защиты от растворов кислот,Ос: тюм женский летний химик россия,5,329
793142372,Одежда специальная для защиты от растворов кислот,Ос: тюм женский летний химик для защиты от,4,329
793142482,"Костюмы защитные легкие для защиты от радиационной пыли, химических и бактериологических воздействий",Ос: тюмы защитные легкие для защиты от радиа,24,181
793142482,"Костюмы защитные легкие для защиты от радиационной пыли, химических и бактериологических воздействий",Объем: белый,17,181
793142482,"Костюмы защитные легкие для защиты от радиационной пыли, химических и бактериологических воздействий",Ос: сия,11,181
793142482,"Костюмы защитные легкие для защиты от радиационной пыли, химических и бактериологических воздействий",Характеристика: россия,11,181
793142482,"Костюмы защитные легкие для защиты от радиационной пыли, химических и бактериологических воздействий",Ос: татическая защита в соответствии со с,9,181
793142482,"Костюмы защитные легкие для защиты от радиационной пыли, химических и бактериологических воздействий",Характеристика: xxl,8,181
793142482,"Костюмы защитные легкие для защиты от радиационной пыли, химических и бактериологических воздействий",Модель: rumax,7,181
793142482,"Костюмы защитные легкие для защиты от радиационной пыли, химических и бактериологических воздействий",Характеристика: invicta,7,181
793142482,"Костюмы защитные легкие для защиты от радиационной пыли, химических и бактериологических воздействий",Материал: полипропилен покрытый микропор,7,181
793142482,"Костюмы защитные легкие для защиты от радиационной пыли, химических и бактериологических воздействий",Характеристика: rumax,7,181
793142482,"Костюмы защитные легкие для защиты от радиационной пыли, химических и бактериологических воздействий",Вид: ы одежды специальной костюмы защитные легкие дл,7,181
793142482,"Костюмы защитные легкие для защиты от радиационной пыли, химических и бактериологических воздействий",Вид: продукции товары виды одежды специальной кос,7,181
793142482,"Костюмы защитные легкие для защиты от радиационной пыли, химических и бактериологических воздействий",Цвет: белый электростатиче,6,181
793142482,"Костюмы защитные легкие для защиты от радиационной пыли, химических и бактериологических воздействий",Вид: ы одежды включая форменную головных уборов одежд,6,181
793142482,"Костюмы защитные легкие для защиты от радиационной пыли, химических и бактериологических воздействий",Цвет: белый модель,4,181
793142482,"Костюмы защитные легкие для защиты от радиационной пыли, химических и бактериологических воздействий",Характеристика: . x,3,181
793142482,"Костюмы защитные легкие для защиты от радиационной пыли, химических и бактериологических воздействий",Назначение: комбинезон универсальный одноразового использовани,3,181
793142482,"Костюмы защитные легкие для защиты от радиационной пыли, химических и бактериологических воздействий",Назначение: для защиты от общих производственных загрязнений о,3,181
793142482,"Костюмы защитные легкие для защиты от радиационной пыли, химических и бактериологических воздействий",Цвет: белый размер рост,2,181
793142482,"Костюмы защитные легкие для защиты от радиационной пыли, химических и бактериологических воздействий",Цвет: белый вид продукции,2,181
793142592,Одежда специальная для защиты от искр и брызг расплавленного металла,Характеристика: россия,152,1867
793142592,Одежда специальная для защиты от искр и брызг расплавленного металла,Ос: сия,151,1867
793142592,Одежда специальная для защиты от искр и брызг расплавленного металла,Материал: ткани,76,1867
793142592,Одежда специальная для защиты от искр и брызг расплавленного металла,Объем: хлопок,69,1867
793142592,Одежда специальная для защиты от искр и брызг расплавленного металла,Характеристика: proban,48,1867
793142592,Одежда специальная для защиты от искр и брызг расплавленного металла,Цвет: черный,47,1867
793142592,Одежда специальная для защиты от искр и брызг расплавленного металла,Характеристика: серый,46,1867
793142592,Одежда специальная для защиты от искр и брызг расплавленного металла,Ос: ть куртка брюки конструктивные особ,44,1867
793142592,Одежда специальная для защиты от искр и брызг расплавленного металла,Размер: 5 см,43,1867
793142592,Одежда специальная для защиты от искр и брызг расплавленного металла,Вид: защиты обеспечивают высокую защиту от прожигани,43,1867
793142592,Одежда специальная для защиты от искр и брызг расплавленного металла,Ос: таве комплекта костюма куртка брю,33,1867
793142592,Одежда специальная для защиты от искр и брызг расплавленного металла,Состав: е комплекта,33,1867
793142592,Одежда специальная для защиты от искр и брызг расплавленного металла,Цвет: синий,31,1867
793142592,Одежда специальная для защиты от искр и брызг расплавленного металла,Технические параметры: . в,27,1867
793142592,Одежда специальная для защиты от искр и брызг расплавленного металла,Состав: утеплителя,27,1867
793142592,Одежда специальная для защиты от искр и брызг расплавленного металла,Характеристика: . м,25,1867
793142592,Одежда специальная для защиты от искр и брызг расплавленного металла,Вес: 485 г,24,1867
793142592,Одежда специальная для защиты от искр и брызг расплавленного металла,Ос: торонней застежкой на петли и пуговицы с,23,1867
793142592,Одежда специальная для защиты от искр и брызг расплавленного металла,Ос: ти куртка воротник-стойка с хлясти,23,1867
793142592,Одежда специальная для защиты от искр и брызг расплавленного металла,Ос: тав утеплителя огнестойкий синтетичес,23,1867
793142593,Одежда специальная повышенной видимости,Характеристика: россия,494,6937
793142593,Одежда специальная повышенной видимости,Состав: ткани,468,6937
793142593,Одежда специальная повышенной видимости,Ос: сия,346,6937
793142593,Одежда специальная повышенной видимости,Цвет: флуоресцентный желты,318,6937
793142593,Одежда специальная повышенной видимости,Объем: хлопок,225,6937
793142593,Одежда специальная повышенной видимости,Объем: желтый,224,6937
793142593,Одежда специальная повышенной видимости,Цвет: синий,159,6937
793142593,Одежда специальная повышенной видимости,Состав: е комплекта,150,6937
793142593,Одежда специальная повышенной видимости,Размер: 5 см,129,6937
793142593,Одежда специальная повышенной видимости,Технические параметры: оранжевый,108,6937
793142593,Одежда специальная повышенной видимости,Ос: ти в составе комплекта костюма курт,105,6937
793142593,Одежда специальная повышенной видимости,Вид: имости. на куртке используется термоактивная свето,98,6937
793142593,Одежда специальная повышенной видимости,Наличие: дополнительных элементов на од,84,6937
793142593,Одежда специальная повышенной видимости,Вес: 245 г,71,6937
793142593,Одежда специальная повышенной видимости,Ос: ится методом термопечати что исключает п,64,6937
793142593,Одежда специальная повышенной видимости,Ос: ти от площади сигнальных элементов 2,61,6937
793142593,Одежда специальная повышенной видимости,Характеристика: .м,59,6937
793142593,Одежда специальная повышенной видимости,Ос: россия,58,6937
793142593,Одежда специальная повышенной видимости,Вид: е жилета который пристегивается на молнию цвет,57,6937
793142593,Одежда специальная повышенной видимости,Вид: одежды костюм вид отделки водоотталкивающая,49,6937
793142702,Одежда специальная для защиты от насекомых и паукообразных,Да: вид защиты защита от паукоо,48,229
793142702,Одежда специальная для защиты от насекомых и паукообразных,Ос: сия,29,229
793142702,Одежда специальная для защиты от насекомых и паукообразных,Характеристика: россия,29,229
793142702,Одежда специальная для защиты от насекомых и паукообразных,Состав: е комплекта,24,229
793142702,Одежда специальная для защиты от насекомых и паукообразных,Цвет: васильковый вид прод,19,229
793142702,Одежда специальная для защиты от насекомых и паукообразных,Ос: тюм мужской противоэнцефалитный лес ва,16,229
793142702,Одежда специальная для защиты от насекомых и паукообразных,Материал: подкладки,10,229
793142702,Одежда специальная для защиты от насекомых и паукообразных,Ос: тоянную эффективную защиту от клещей и г,5,229
793142702,Одежда специальная для защиты от насекомых и паукообразных,Объем: хлопок,5,229
793142702,Одежда специальная для защиты от насекомых и паукообразных,Характеристика: cotton,5,229
793142702,Одежда специальная для защиты от насекомых и паукообразных,Ос: ти методов защиты механического конс,5,229
793142702,Одежда специальная для защиты от насекомых и паукообразных,Вид: спецодежды костюм защитные свойства костюм о,5,229
793142702,Одежда специальная для защиты от насекомых и паукообразных,Технические параметры: пвх,5,229
793142702,Одежда специальная для защиты от насекомых и паукообразных,Ос: тюма куртка брюки материал премье,5,229
793142702,Одежда специальная для защиты от насекомых и паукообразных,Ос: тюм защитные свойства костюм обеспечи,5,229
793142702,Одежда специальная для защиты от насекомых и паукообразных,Ос: осущих насекомых комары мошки мокрецы с,5,229
793142702,Одежда специальная для защиты от насекомых и паукообразных,Цвет: васильковый модель,5,229
793142702,Одежда специальная для защиты от насекомых и паукообразных,Размер: 96,4,229
793142812,Одежда специальная для защиты от неблагоприятных погодных условий,Характеристика: россия,20,196
793142812,Одежда специальная для защиты от неблагоприятных погодных условий,Характеристика: серый,12,196
793142812,Одежда специальная для защиты от неблагоприятных погодных условий,Ос: сия,12,196
793142812,Одежда специальная для защиты от неблагоприятных погодных условий,Технические параметры: красный,9,196
793142812,Одежда специальная для защиты от неблагоприятных погодных условий,Цвет: синий,7,196
793142812,Одежда специальная для защиты от неблагоприятных погодных условий,Цвет: серый отделка,6,196
793142812,Одежда специальная для защиты от неблагоприятных погодных условий,Состав: е комплекта,6,196
793142812,Одежда специальная для защиты от неблагоприятных погодных условий,Объем: хлопок,5,196
793142812,Одежда специальная для защиты от неблагоприятных погодных условий,Наличие: дополнительных элементов на од,4,196
793142812,Одежда специальная для защиты от неблагоприятных погодных условий,Вид: одежды куртка вид фурнитуры застежка-молния,4,196
793142812,Одежда специальная для защиты от неблагоприятных погодных условий,Состав: ткани,4,196
793142812,Одежда специальная для защиты от неблагоприятных погодных условий,Назначение: для защиты от общих производственных загрязнений и,4,196
793142812,Одежда специальная для защиты от неблагоприятных погодных условий,Технические параметры: . в,3,196
793142812,Одежда специальная для защиты от неблагоприятных погодных условий,Цвет: черно-синий вид прод,3,196
793142812,Одежда специальная для защиты от неблагоприятных погодных условий,Ос: об поставки товара единовременно цвет,3,196
793142812,Одежда специальная для защиты от неблагоприятных погодных условий,Вид: одежды форменной куртка сигнальные элементы,3,196
793142812,Одежда специальная для защиты от неблагоприятных погодных условий,Материал: а обеспечивает хорошую видимос,3,196
793142812,Одежда специальная для защиты от неблагоприятных погодных условий,Цвет: светлый хаки отделка,3,196
793142812,Одежда специальная для защиты от неблагоприятных погодных условий,Цвет: красный светло-серый,2,196
793142812,Одежда специальная для защиты от неблагоприятных погодных условий,Ос: новной ткани что увеличивает комфорт. шв,2,196
793142813,Одежда специальная для защиты от пониженных температур,Характеристика: россия,2075,23698
793142813,Одежда специальная для защиты от пониженных температур,Ос: сия,1885,23698
793142813,Одежда специальная для защиты от пониженных температур,Материал: подкладки,1747,23698
793142813,Одежда специальная для защиты от пониженных температур,Цвет: синий,1102,23698
793142813,Одежда специальная для защиты от пониженных температур,Характеристика: iii,939,23698
793142813,Одежда специальная для защиты от пониженных температур,Характеристика: 2 м,851,23698
793142813,Одежда специальная для защиты от пониженных температур,Характеристика: 3 шт,781,23698
793142813,Одежда специальная для защиты от пониженных температур,Объем: хлопок,686,23698
793142813,Одежда специальная для защиты от пониженных температур,Характеристика: .м,630,23698
793142813,Одежда специальная для защиты от пониженных температур,Характеристика: серый,454,23698
793142813,Одежда специальная для защиты от пониженных температур,Цвет: черный,433,23698
793142813,Одежда специальная для защиты от пониженных температур,Состав: е комплекта,375,23698
793142813,Одежда специальная для защиты от пониженных температур,Объем: желтый,300,23698
793142813,Одежда специальная для защиты от пониженных температур,Ос: обом климатических поясах количество сло,299,23698
793142813,Одежда специальная для защиты от пониженных температур,Технические параметры: . в,209,23698
793142813,Одежда специальная для защиты от пониженных температур,Цвет: отделки,163,23698
793142813,Одежда специальная для защиты от пониженных температур,Технические параметры: красный,162,23698
793142813,Одежда специальная для защиты от пониженных температур,Вид: ы одежды включая форменную головных уборов одежд,146,23698
793142813,Одежда специальная для защиты от пониженных температур,Материал: лента см состав,144,23698
793142813,Одежда специальная для защиты от пониженных температур,Характеристика: teflon,108,23698
793143032,Одежда специальная для защиты от общих производственных загрязнений и механических воздействий,Характеристика: россия,4410,38888
793143032,Одежда специальная для защиты от общих производственных загрязнений и механических воздействий,Ос: сия,3716,38888
793143032,Одежда специальная для защиты от общих производственных загрязнений и механических воздействий,Объем: хлопок,3629,38888
793143032,Одежда специальная для защиты от общих производственных загрязнений и механических воздействий,Состав: ткани,2741,38888
793143032,Одежда специальная для защиты от общих производственных загрязнений и механических воздействий,Цвет: синий,1841,38888
793143032,Одежда специальная для защиты от общих производственных загрязнений и механических воздействий,Характеристика: серый,864,38888
793143032,Одежда специальная для защиты от общих производственных загрязнений и механических воздействий,Состав: е комплекта,799,38888
793143032,Одежда специальная для защиты от общих производственных загрязнений и механических воздействий,Объем: белый,753,38888
793143032,Одежда специальная для защиты от общих производственных загрязнений и механических воздействий,Цвет: отделки,693,38888
793143032,Одежда специальная для защиты от общих производственных загрязнений и механических воздействий,Ос: тав ткани 65 полиэфир 35 хлопок ста,609,38888
793143032,Одежда специальная для защиты от общих производственных загрязнений и механических воздействий,Технические параметры: красный,607,38888
793143032,Одежда специальная для защиты от общих производственных загрязнений и механических воздействий,Вес: 245 г,554,38888
793143032,Одежда специальная для защиты от общих производственных загрязнений и механических воздействий,Технические параметры: 2 в,508,38888
793143032,Одежда специальная для защиты от общих производственных загрязнений и механических воздействий,Ос: таве комплекта костюма куртка брю,505,38888
793143032,Одежда специальная для защиты от общих производственных загрязнений и механических воздействий,Цвет: черный,429,38888
793143032,Одежда специальная для защиты от общих производственных загрязнений и механических воздействий,Материал: лента см состав ткани,259,38888
793143032,Одежда специальная для защиты от общих производственных загрязнений и механических воздействий,Размер: 5 см,180,38888
793143032,Одежда специальная для защиты от общих производственных загрязнений и механических воздействий,Вид: ы одежды включая форменную головных уборов одежд,175,38888
793143032,Одежда специальная для защиты от общих производственных загрязнений и механических воздействий,Характеристика: ykk,173,38888
793143032,Одежда специальная для защиты от общих производственных загрязнений и механических воздействий,Технические параметры: . в,165,38888
793143142,Одежда специальная для защиты от повышенных температур,Ос: новного сырья волокна в составе ткани,11,88
793143142,Одежда специальная для защиты от повышенных температур,Ос: сия,6,88
793143142,Одежда специальная для защиты от повышенных температур,Характеристика: россия,6,88
793143142,Одежда специальная для защиты от повышенных температур,Состав: ткани,5,88
793143142,Одежда специальная для защиты от повышенных температур,Цвет: синий,4,88
793143142,Одежда специальная для защиты от повышенных температур,Цвет: черный,4,88
793143142,Одежда специальная для защиты от повышенных температур,Размер: 55,4,88
793143142,Одежда специальная для защиты от повышенных температур,Объем: хлопок,3,88
793143142,Одежда специальная для защиты от повышенных температур,Состав: е комплекта,3,88
793143142,Одежда специальная для защиты от повышенных температур,Ос: таве комплекта костюма куртка брю,3,88
793143142,Одежда специальная для защиты от повышенных температур,Ос: тюм мужской для защиты от повышенных тем,2,88
793143142,Одежда специальная для защиты от повышенных температур,Цвет: черный модель,2,88
793143142,Одежда специальная для защиты от повышенных температур,Состав: материала подкладки,2,88
793143142,Одежда специальная для защиты от повышенных температур,Цвет: синий отделка,1,88
793143142,Одежда специальная для защиты от повышенных температур,Вид: ы одежды включая форменную головных уборов одежд,1,88
793143142,Одежда специальная для защиты от повышенных температур,Ос: тюм мужской горн для защиты от повышен,1,88
793143142,Одежда специальная для защиты от повышенных температур,Вес: 335 г,1,88
793143142,Одежда специальная для защиты от повышенных температур,Вид: продукции товары виды одежды специальной оде,1,88
793143142,Одежда специальная для защиты от повышенных температур,Технические параметры: красный,1,88
793143142,Одежда специальная для защиты от повышенных температур,Характеристика: proban,1,88
793143252,Элементы специальной одежды и средств защиты,Вид: ы одежды специальной специальная экипировка кро,2,22
793143252,Элементы специальной одежды и средств защиты,Характеристика: tig,1,22
793143252,Элементы специальной одежды и средств защиты,Характеристика: mig,1,22
793143252,Элементы специальной одежды и средств защиты,Цвет: черный,1,22
793143252,Элементы специальной одежды и средств защиты,Назначение: для сварочных процессов mma tig mig mag прихва,1,22
793143252,Элементы специальной одежды и средств защиты,Цвет: черный вид продукции,1,22
793143252,Элементы специальной одежды и средств защиты,Материал: изделия,1,22
793143252,Элементы специальной одежды и средств защиты,Характеристика: tecmen,1,22
793143252,Элементы специальной одежды и средств защиты,Характеристика: adf-735s,1,22
793143252,Элементы специальной одежды и средств защиты,Технические параметры: китай,1,22
793143252,Элементы специальной одежды и средств защиты,Характеристика: mma,1,22
793143252,Элементы специальной одежды и средств защиты,Характеристика: mag,1,22
793143252,Элементы специальной одежды и средств защиты,Тип: защитного стекла внешнее цвет прозрачный вид,1,22
793143252,Элементы специальной одежды и средств защиты,Материал: поликарбонат совместимость,1,22
793143252,Элементы специальной одежды и средств защиты,Модель: e684,1,22
793143252,Элементы специальной одежды и средств защиты,Ос: ть к щитку сварщика модели e684 тип з,1,22
793143252,Элементы специальной одежды и средств защиты,Ос: сия,1,22
793143252,Элементы специальной одежды и средств защиты,Цвет: прозрачный вид проду,1,22
793143252,Элементы специальной одежды и средств защиты,Характеристика: e684,1,22
793143252,Элементы специальной одежды и средств защиты,Технические параметры: прозрачный,1,22
793299344,Средства индивидуальной защиты от падения с высоты (страховочная привязь),Вид: уальной защиты от падения с высоты страховочная п,47,424
793299344,Средства индивидуальной защиты от падения с высоты (страховочная привязь),Вид: ы одежды специальной средства индивидуальной за,41,424
793299344,Средства индивидуальной защиты от падения с высоты (страховочная привязь),Ос: сия,32,424
793299344,Средства индивидуальной защиты от падения с высоты (страховочная привязь),Характеристика: россия,32,424
793299344,Средства индивидуальной защиты от падения с высоты (страховочная привязь),Объем: сталь,22,424
793299344,Средства индивидуальной защиты от падения с высоты (страховочная привязь),Характеристика: . м,18,424
793299344,Средства индивидуальной защиты от падения с высоты (страховочная привязь),Характеристика: vnt,16,424
793299344,Средства индивидуальной защиты от падения с высоты (страховочная привязь),Объем: польша,10,424
793299344,Средства индивидуальной защиты от падения с высоты (страховочная привязь),Материал: полиэфир гальванизированная ст,7,424
793299344,Средства индивидуальной защиты от падения с высоты (страховочная привязь),Вид: ы одежды включая форменную головных уборов одежд,7,424
793299344,Средства индивидуальной защиты от падения с высоты (страховочная привязь),Материал: полиамид карабины,5,424
793299344,Средства индивидуальной защиты от падения с высоты (страховочная привязь),Ос: тановки падения и является компонентом с,4,424
793299344,Средства индивидуальной защиты от падения с высоты (страховочная привязь),Технические параметры: . в,4,424
793299344,Средства индивидуальной защиты от падения с высоты (страховочная привязь),Характеристика: xxl,4,424
793299344,Средства индивидуальной защиты от падения с высоты (страховочная привязь),Характеристика: 2 м,3,424
793299344,Средства индивидуальной защиты от падения с высоты (страховочная привязь),Ос: трочка в местах соединения лямок способс,3,424
793299344,Средства индивидуальной защиты от падения с высоты (страховочная привязь),Применение: для безопасной остановки падения и является компон,2,424
793299344,Средства индивидуальной защиты от падения с высоты (страховочная привязь),Ос: обенности комплектуется двумя карабин,2,424
793299344,Средства индивидуальной защиты от падения с высоты (страховочная привязь),Ос: нащен индикаторами изнашивания. применен,2,424
793299344,Средства индивидуальной защиты от падения с высоты (страховочная привязь),Ос: остойкости привязи. идентификационная би,2,424
793300443,"Белье для спецодежды нательное, для взрослых",Характеристика: россия,62,806
793300443,"Белье для спецодежды нательное, для взрослых",Объем: хлопок,59,806
793300443,"Белье для спецодежды нательное, для взрослых",Цвет: черный,52,806
793300443,"Белье для спецодежды нательное, для взрослых",Ос: сия,50,806
793300443,"Белье для спецодежды нательное, для взрослых",Вид: ы одежды специальной белье для спецодежды нател,49,806
793300443,"Белье для спецодежды нательное, для взрослых",Ос: тью и гигроскопичностью. структура полот,31,806
793300443,"Белье для спецодежды нательное, для взрослых",Ос: кого шва увеличивает износостойкость ш,31,806
793300443,"Белье для спецодежды нательное, для взрослых",Страна: производитель рос,31,806
793300443,"Белье для спецодежды нательное, для взрослых",Тип: ткани основного материала хлопок цвет черный,31,806
793300443,"Белье для спецодежды нательное, для взрослых",Изготовлен: ы из трикотажного полотна с эл,31,806
793300443,"Белье для спецодежды нательное, для взрослых",Ос: сия тип ткани основного материала хло,16,806
793300443,"Белье для спецодежды нательное, для взрослых",Производитель: россия тип ткани основного мат,16,806
793300443,"Белье для спецодежды нательное, для взрослых",Ос: лых особенности изготовлены из трикот,16,806
793300443,"Белье для спецодежды нательное, для взрослых",Состав: е комплекта,15,806
793300443,"Белье для спецодежды нательное, для взрослых",Ос: лых модель фуфайка трикотажная тирол,15,806
793300443,"Белье для спецодежды нательное, для взрослых",Ос: лых модель кальсоны трикотажные тиро,15,806
793300443,"Белье для спецодежды нательное, для взрослых",Цвет: черный плотность тка,15,806
793300443,"Белье для спецодежды нательное, для взрослых",Ос: новного материала хлопок страна произ,15,806
793300443,"Белье для спецодежды нательное, для взрослых",Ос: лых конструктивные особенности изделия,14,806
793300443,"Белье для спецодежды нательное, для взрослых",Ос: обенности фуфайка с удлиненной спинко,14,806
793300662,Одежда специальная для защиты от термических рисков электрической дуги,Технические параметры: 2 а,70,604
793300662,Одежда специальная для защиты от термических рисков электрической дуги,Характеристика: россия,42,604
793300662,Одежда специальная для защиты от термических рисков электрической дуги,Ос: сия,34,604
793300662,Одежда специальная для защиты от термических рисков электрической дуги,Характеристика: 93 м,33,604
793300662,Одежда специальная для защиты от термических рисков электрической дуги,Цвет: синий,21,604
793300662,Одежда специальная для защиты от термических рисков электрической дуги,Размер: .см,18,604
793300662,Одежда специальная для защиты от термических рисков электрической дуги,Технические параметры: красный,17,604
793300662,Одежда специальная для защиты от термических рисков электрической дуги,Ос: адку на фигуре свободу движений при выпо,15,604
793300662,Одежда специальная для защиты от термических рисков электрической дуги,Ос: обенности модели куртка-рубашка компл,15,604
793300662,Одежда специальная для защиты от термических рисков электрической дуги,Вид: е треугольника внизу локтевых швов закрывает разре,15,604
793300662,Одежда специальная для защиты от термических рисков электрической дуги,Ос: новному положению рук при работе что спо,15,604
793300662,Одежда специальная для защиты от термических рисков электрической дуги,Вид: имости из световозвращающего материала позволяю,14,604
793300662,Одежда специальная для защиты от термических рисков электрической дуги,Ос: новная арамидная термоогнестойкая 93,14,604
793300662,Одежда специальная для защиты от термических рисков электрической дуги,Характеристика: . м,14,604
793300662,Одежда специальная для защиты от термических рисков электрической дуги,Ос: ти из световозвращающего материала по,14,604
793300662,Одежда специальная для защиты от термических рисков электрической дуги,Материал: а позволяют сделать человека з,14,604
793300662,Одежда специальная для защиты от термических рисков электрической дуги,Ос: тью регулировки по ширине воротник от,14,604
793300662,Одежда специальная для защиты от термических рисков электрической дуги,Цвет: васильковый силуэт,14,604
793300662,Одежда специальная для защиты от термических рисков электрической дуги,Ос: ти. ткань основная 93 мета-арамид 5 п,14,604
793300662,Одежда специальная для защиты от термических рисков электрической дуги,Цвет: темно-синий отделка,13,604
793300772,"Средства защиты ног, кроме обуви специальной",Вид: ы одежды специальной средства защиты ног кроме,9,57
793300772,"Средства защиты ног, кроме обуви специальной",Характеристика: россия,7,57
793300772,"Средства защиты ног, кроме обуви специальной",Ос: сия,6,57
793300772,"Средства защиты ног, кроме обуви специальной",Размер: 39,5,57
793300772,"Средства защиты ног, кроме обуви специальной",Вид: продукции товары виды одежды включая форменную,4,57
793300772,"Средства защиты ног, кроме обуви специальной",Цвет: серый с черным вид п,3,57
793300772,"Средства защиты ног, кроме обуви специальной",Характеристика: серый,3,57
793300772,"Средства защиты ног, кроме обуви специальной",Цвет: черный,2,57
793300772,"Средства защиты ног, кроме обуви специальной",Страна: производства росс,1,57
793300772,"Средства защиты ног, кроме обуви специальной",Цвет: черный размер универ,1,57
793300772,"Средства защиты ног, кроме обуви специальной",Ос: сия цвет черный размер универсальный,1,57
793300772,"Средства защиты ног, кроме обуви специальной",Материал: корпуса,1,57
793300772,"Средства защиты ног, кроме обуви специальной",Вид: средства защиты ног чулок вкладной модель чу,1,57
793300772,"Средства защиты ног, кроме обуви специальной",Цвет: черный вид продукции,1,57
793300772,"Средства защиты ног, кроме обуви специальной",Технические параметры: резина,1,57
793300772,"Средства защиты ног, кроме обуви специальной",Ос: ти устойчивое к истиранию подносок те,1,57
793300772,"Средства защиты ног, кроме обуви специальной",Характеристика: . м,1,57
793300772,"Средства защиты ног, кроме обуви специальной",Материал: изделия,1,57
793300772,"Средства защиты ног, кроме обуви специальной",Применение: вставлять в карманы для амортизационных вкладышей,1,57
793300772,"Средства защиты ног, кроме обуви специальной",Ос: тойкими. внешний слой выполнен из полипр,1,57
793302093,Средства дезинсекционные,Вид: продукции товары вид товаров бытовая химия в,1,11
793302093,Средства дезинсекционные,Характеристика: . м,1,11
793302093,Средства дезинсекционные,Характеристика: 3,1,11
793302093,Средства дезинсекционные,Применение: м баллон встряхнуть. распылить средство на ладонь,1,11
793302093,Средства дезинсекционные,Ос: обенно тщательно вокруг щиколоток коле,1,11
793302093,Средства дезинсекционные,Размер: 25 см,1,11
793302093,Средства дезинсекционные,Ос: сия,1,11
793302093,Средства дезинсекционные,Ос: об применения перед применением балло,1,11
793302093,Средства дезинсекционные,Характеристика: .м,1,11
793302093,Средства дезинсекционные,Характеристика: россия,1,11
793302093,Средства дезинсекционные,Ос: тав n n-диэтил-м-толуамид дэта 28 п,1,11
793302204,Мыло туалетное жидкое,Вид: мыла крем жидкое вид упаковки бутыль с помпо,1,4
793302204,Мыло туалетное жидкое,Ос: сия,1,4
793302204,Мыло туалетное жидкое,Характеристика: россия,1,4
793302204,Мыло туалетное жидкое,Вид: крем жидкое вид упаковки бутыль с помпой-дозато,1,4
793303192,Мыло туалетное твердое,Ос: сия,1,3
793303192,Мыло туалетное твердое,Характеристика: россия,1,3
793303192,Мыло туалетное твердое,Да: подходит для ежедневного испол,1,3
793303632,Средства для индивидуальной защиты кожи,Ос: сия,6,46
793303632,Средства для индивидуальной защиты кожи,Характеристика: россия,6,46
793303632,Средства для индивидуальной защиты кожи,Характеристика: 3,5,46
793303632,Средства для индивидуальной защиты кожи,Тип: крышки флип-топ с пластиковым контролем первого,3,46
793303632,Средства для индивидуальной защиты кожи,Ос: станавливает кожу рук лица и тела стимул,2,46
793303632,Средства для индивидуальной защиты кожи,Характеристика: премиум,2,46
793303632,Средства для индивидуальной защиты кожи,Назначение: предназначен для защиты кожи от водорастворимых вр,2,46
793303632,Средства для индивидуальной защиты кожи,Вид: уальной защиты кожи время действия не менее 4 ч,2,46
793303632,Средства для индивидуальной защиты кожи,Характеристика: garda-standard,2,46
793303632,Средства для индивидуальной защиты кожи,Вид: косметических средств средства для индивидуальн,2,46
793303632,Средства для индивидуальной защиты кожи,Ос: обствует заживлению микротрещин объем,1,46
793303632,Средства для индивидуальной защиты кожи,Назначение: эффективно восстанавливает кожу рук лица и тела ст,1,46
793303632,Средства для индивидуальной защиты кожи,Ос: ить крем garda-standard регенерирующий п,1,46
793303632,Средства для индивидуальной защиты кожи,Ос: обствует заживлению микротрещин за счет,1,46
793303632,Средства для индивидуальной защиты кожи,Ос: станавливающий регенерирующий крем. эффе,1,46
793303632,Средства для индивидуальной защиты кожи,Тип: средства гидрофильного действия гидрофильный,1,46
793303632,Средства для индивидуальной защиты кожи,Ос: метика вид косметики парфюмерии средс,1,46
793303632,Средства для индивидуальной защиты кожи,Вид: продукции товары вид товаров косметика вид к,1,46
793303632,Средства для индивидуальной защиты кожи,Ос: об применения нанести спрей на чистую,1,46
793303632,Средства для индивидуальной защиты кожи,Вид: уальной защиты кожи способ применения нанести с,1,46
793306602,Принадлежности для ухода за одеждой и обувью,Объем: сталь,1,11
793306602,Принадлежности для ухода за одеждой и обувью,Вид: ы принадлежностей и инвентаря бытового принадле,1,11
793306602,Принадлежности для ухода за одеждой и обувью,Назначение: для быстрого и комфортного надевания обуви модель,1,11
793306602,Принадлежности для ухода за одеждой и обувью,Характеристика: salton,1,11
793306602,Принадлежности для ухода за одеждой и обувью,Цвет: желтый вид продукции,1,11
793306602,Принадлежности для ухода за одеждой и обувью,Ос: сия,1,11
793306602,Принадлежности для ухода за одеждой и обувью,Вид: продукции товары виды хозяйственных товаров,1,11
793306602,Принадлежности для ухода за одеждой и обувью,Объем: желтый,1,11
793306602,Принадлежности для ухода за одеждой и обувью,Ос: ти и инвентарь бытовые виды принадлежнос,1,11
793306602,Принадлежности для ухода за одеждой и обувью,Характеристика: россия,1,11
793306602,Принадлежности для ухода за одеждой и обувью,Материал: прочная высококачественная ста,1,11
793315402,Пижамы для взрослых,Объем: хлопок,34,157
793315402,Пижамы для взрослых,Объем: зеленый,32,157
793315402,Пижамы для взрослых,Цвет: зеленый модель,31,157
793315402,Пижамы для взрослых,Ос: лых комплектность фуфайка и кальсоны,11,157
793315402,Пижамы для взрослых,Цвет: черный,5,157
793315402,Пижамы для взрослых,Цвет: черный модель,5,157
793315402,Пижамы для взрослых,Ос: сия,4,157
793315402,Пижамы для взрослых,Характеристика: россия,4,157
793315402,Пижамы для взрослых,Характеристика: cup,3,157
793315402,Пижамы для взрослых,Состав: шерсти и двухслойной конструкц,3,157
793315402,Пижамы для взрослых,Ос: тав шерсти и двухслойной конструкции мат,3,157
793315402,Пижамы для взрослых,Характеристика: шерсть,3,157
793315402,Пижамы для взрослых,Назначение: специальное двухслойное термобелье разработано для,3,157
793315402,Пижамы для взрослых,Характеристика: island,3,157
793315402,Пижамы для взрослых,Материал: а поддерживается комфортная те,3,157
793315402,Пижамы для взрослых,Назначение: для действий средней активности при ношении в прох,2,157
793315402,Пижамы для взрослых,Ос: ти при ношении в прохладную и холодную п,2,157
793315402,Пижамы для взрослых,Ос: ть кальсоны фуфайка пол мужской,1,157
793315402,Пижамы для взрослых,Характеристика: .м,1,157
793315402,Пижамы для взрослых,Ос: лых назначение для действий средней а,1,157
793315842,Ветровки для взрослых,Цвет: серый отделка,5,26
793315842,Ветровки для взрослых,Состав: ткани верха,5,26
793315842,Ветровки для взрослых,Характеристика: серый,5,26
793315842,Ветровки для взрослых,Технические параметры: красный,5,26
793315842,Ветровки для взрослых,Ос: сия,2,26
793315842,Ветровки для взрослых,Характеристика: россия,2,26
793315842,Ветровки для взрослых,Ос: лых пол мужской ткань верха мембра,2,26
793315844,Куртки для взрослых из текстильных материалов демисезонные,Ос: лых из текстильных материалов демисезонн,29,289
793315844,Куртки для взрослых из текстильных материалов демисезонные,Цвет: синий,28,289
793315844,Куртки для взрослых из текстильных материалов демисезонные,Ос: сия,28,289
793315844,Куртки для взрослых из текстильных материалов демисезонные,Технические параметры: 4 а,28,289
793315844,Куртки для взрослых из текстильных материалов демисезонные,Характеристика: .м,28,289
793315844,Куртки для взрослых из текстильных материалов демисезонные,Характеристика: россия,28,289
793315844,Куртки для взрослых из текстильных материалов демисезонные,Материал: ов демисезонные воротник,25,289
793315844,Куртки для взрослых из текстильных материалов демисезонные,Цвет: черно-синий размер р,18,289
793315844,Куртки для взрослых из текстильных материалов демисезонные,Ос: лых куртки для взрослых из текстильны,9,289
793315844,Куртки для взрослых из текстильных материалов демисезонные,Материал: ов вид товаров,9,289
793315844,Куртки для взрослых из текстильных материалов демисезонные,Вид: продукции товары вид курток для взрослых кур,9,289
793315844,Куртки для взрослых из текстильных материалов демисезонные,Материал: ов,9,289
793315844,Куртки для взрослых из текстильных материалов демисезонные,Цвет: темно - синий вид ку,9,289
793315844,Куртки для взрослых из текстильных материалов демисезонные,Ос: лых модель куртка мужская утепленная,9,289
793315844,Куртки для взрослых из текстильных материалов демисезонные,Вид: курток из текстильных материалов куртки для взр,9,289
793315844,Куртки для взрослых из текстильных материалов демисезонные,Материал: ов демисезонные вид продукции,9,289
793315844,Куртки для взрослых из текстильных материалов демисезонные,Материал: ов демисезонные наличие логоти,3,289
793315844,Куртки для взрослых из текстильных материалов демисезонные,Материал: ов демисезонные модель,1,289
793315844,Куртки для взрослых из текстильных материалов демисезонные,Цвет: темно - синий модель,1,289
793315955,Пальто для взрослых из текстильных материалов зимние,Вид: пальто из текстильных материалов пальто для взр,1,14
793315955,Пальто для взрослых из текстильных материалов зимние,Вид: продукции товары виды одежды включая форменную,1,14
793315955,Пальто для взрослых из текстильных материалов зимние,Цвет: черный,1,14
793315955,Пальто для взрослых из текстильных материалов зимние,Цвет: синий,1,14
793315955,Пальто для взрослых из текстильных материалов зимние,Ос: лых из текстильных материалов вид пальто,1,14
793315955,Пальто для взрослых из текстильных материалов зимние,Ос: лых из текстильных материалов зимние кап,1,14
793315955,Пальто для взрослых из текстильных материалов зимние,Материал: ов вид пальто из текстильных м,1,14
793315955,Пальто для взрослых из текстильных материалов зимние,Характеристика: россия,1,14
793315955,Пальто для взрослых из текстильных материалов зимние,Ос: сия,1,14
793315955,Пальто для взрослых из текстильных материалов зимние,Ос: лых из текстильных материалов зимние вид,1,14
793315955,Пальто для взрослых из текстильных материалов зимние,Материал: ов зимние вид продукции,1,14
793315955,Пальто для взрослых из текстильных материалов зимние,Цвет: темно-синий мех,1,14
793315955,Пальто для взрослых из текстильных материалов зимние,Ос: лых вид пальто для взрослых пальто дл,1,14
793315955,Пальто для взрослых из текстильных материалов зимние,Материал: ов зимние капюшон,1,14
793316172,Куртки для взрослых из текстильных материалов зимние,Состав: ткани верха,41,562
793316172,Куртки для взрослых из текстильных материалов зимние,Характеристика: серый,33,562
793316172,Куртки для взрослых из текстильных материалов зимние,Ос: лых из текстильных материалов зимние кап,32,562
793316172,Куртки для взрослых из текстильных материалов зимние,Материал: ов зимние капюшон,32,562
793316172,Куртки для взрослых из текстильных материалов зимние,Характеристика: .м,30,562
793316172,Куртки для взрослых из текстильных материалов зимние,Назначение: для защиты от пониженных температур отделка ткани,27,562
793316172,Куртки для взрослых из текстильных материалов зимние,Цвет: основной,22,562
793316172,Куртки для взрослых из текстильных материалов зимние,Технические параметры: красный,22,562
793316172,Куртки для взрослых из текстильных материалов зимние,Ос: сия,19,562
793316172,Куртки для взрослых из текстильных материалов зимние,Характеристика: россия,19,562
793316172,Куртки для взрослых из текстильных материалов зимние,Ос: новной темно-серый отделочный светло,17,562
793316172,Куртки для взрослых из текстильных материалов зимние,Цвет: синий,15,562
793316172,Куртки для взрослых из текстильных материалов зимние,Ос: лых куртки для взрослых из текстильны,14,562
793316172,Куртки для взрослых из текстильных материалов зимние,Материал: ов,12,562
793316172,Куртки для взрослых из текстильных материалов зимние,Цвет: серый отделка,11,562
793316172,Куртки для взрослых из текстильных материалов зимние,Характеристика: 3 шт,9,562
793316172,Куртки для взрослых из текстильных материалов зимние,Материал: ов вид товаров,8,562
793316172,Куртки для взрослых из текстильных материалов зимние,Характеристика: lt-membrane,8,562
793316172,Куртки для взрослых из текстильных материалов зимние,Технические параметры: . па,8,562
793316172,Куртки для взрослых из текстильных материалов зимние,Вид: продукции товары вид курток для взрослых кур,7,562
793316282,Куртки для взрослых с верхом из меха зимние,Ос: лых с верхом из меха зимние застежка,10,107
793316282,Куртки для взрослых с верхом из меха зимние,Характеристика: .м,8,107
793316282,Куртки для взрослых с верхом из меха зимние,Состав: ткани верха,8,107
793316282,Куртки для взрослых с верхом из меха зимние,Характеристика: 3 шт,8,107
793316282,Куртки для взрослых с верхом из меха зимние,Вид: курток для взрослых куртки для взрослых с верхо,8,107
793316282,Куртки для взрослых с верхом из меха зимние,Ос: лых куртки для взрослых с верхом из м,5,107
793316282,Куртки для взрослых с верхом из меха зимние,Назначение: для защиты от пониженных температур воздуха и ветр,5,107
793316282,Куртки для взрослых с верхом из меха зимние,Цвет: черный,5,107
793316282,Куртки для взрослых с верхом из меха зимние,Цвет: черный подкладка,5,107
793316282,Куртки для взрослых с верхом из меха зимние,Технические параметры: оранжевый,5,107
793316282,Куртки для взрослых с верхом из меха зимние,Вид: ы одежды включая форменную головных уборов одежд,4,107
793316282,Куртки для взрослых с верхом из меха зимние,Характеристика: серый,4,107
793316282,Куртки для взрослых с верхом из меха зимние,Характеристика: dupont,3,107
793316282,Куртки для взрослых с верхом из меха зимние,Ос: тойкая дышащая ветрозащитная плотность т,3,107
793316282,Куртки для взрослых с верхом из меха зимние,Ос: лых вид продукции товары вид товаров,3,107
793316282,Куртки для взрослых с верхом из меха зимние,Материал: опушки капюшона,3,107
793316282,Куртки для взрослых с верхом из меха зимние,Характеристика: teflon,3,107
793316282,Куртки для взрослых с верхом из меха зимние,Цвет: темно-серый модель,2,107
793316282,Куртки для взрослых с верхом из меха зимние,Ос: тав ткани верха 74 полиамид 26 полиэф,2,107
793316282,Куртки для взрослых с верхом из меха зимние,Цвет: темно-серый сигнальн,1,107
793316613,Шапки зимние для взрослых,Характеристика: россия,44,383
793316613,Шапки зимние для взрослых,Ос: сия,40,383
793316613,Шапки зимние для взрослых,Цвет: синий,33,383
793316613,Шапки зимние для взрослых,Размер: 55,30,383
793316613,Шапки зимние для взрослых,Цвет: черный модель,16,383
793316613,Шапки зимние для взрослых,Цвет: черный,13,383
793316613,Шапки зимние для взрослых,Объем: хлопок,13,383
793316613,Шапки зимние для взрослых,Материал: утеплителя,13,383
793316613,Шапки зимние для взрослых,Ос: тав 65 полиэфир 35 хлопок цвет с,12,383
793316613,Шапки зимние для взрослых,Вид: головных уборов шапки вид шапок шапки зимние,11,383
793316613,Шапки зимние для взрослых,Ос: обенности имеются слуховые отверстия,10,383
793316613,Шапки зимние для взрослых,Ос: лых материал утеплителя шелтер микро,10,383
793316613,Шапки зимние для взрослых,Характеристика: .м,6,383
793316613,Шапки зимние для взрослых,Технические параметры: 62 в,5,383
793316613,Шапки зимние для взрослых,Изготовлен: о в соответствии,5,383
793316613,Шапки зимние для взрослых,Характеристика: event,5,383
793316613,Шапки зимние для взрослых,Характеристика: шерсть,4,383
793316613,Шапки зимние для взрослых,Характеристика: skydd,4,383
793316613,Шапки зимние для взрослых,Цвет: синий вид размера,4,383
793316613,Шапки зимние для взрослых,Наличие: изготовлено в соответствии,3,383
793334322,Бельевые изделия нательные спортивные для взрослых,Вид: ы спортивной одежды для взрослых белье спортивн,16,132
793334322,Бельевые изделия нательные спортивные для взрослых,Ос: сия,12,132
793334322,Бельевые изделия нательные спортивные для взрослых,Характеристика: россия,12,132
793334322,Бельевые изделия нательные спортивные для взрослых,Цвет: черный,11,132
793334322,Бельевые изделия нательные спортивные для взрослых,Объем: хлопок,8,132
793334322,Бельевые изделия нательные спортивные для взрослых,Ос: лых вид бельевого изделия термобелье,8,132
793334322,Бельевые изделия нательные спортивные для взрослых,Цвет: черный вид продукции,7,132
793334322,Бельевые изделия нательные спортивные для взрослых,Характеристика: шерсть,4,132
793334322,Бельевые изделия нательные спортивные для взрослых,Назначение: специальное двухслойное термобелье разработано для,4,132
793334322,Бельевые изделия нательные спортивные для взрослых,Характеристика: island,4,132
793334322,Бельевые изделия нательные спортивные для взрослых,Характеристика: cup,4,132
793334322,Бельевые изделия нательные спортивные для взрослых,Состав: шерсти и двухслойной конструкц,4,132
793334322,Бельевые изделия нательные спортивные для взрослых,Ос: тав шерсти и двухслойной конструкции мат,4,132
793334322,Бельевые изделия нательные спортивные для взрослых,Материал: а поддерживается комфортная те,4,132
793334322,Бельевые изделия нательные спортивные для взрослых,Ос: ки. анатомический крой гарантирует свобо,3,132
793334322,Бельевые изделия нательные спортивные для взрослых,Ос: таве комплекта костюма лосиныфуфай,3,132
793334322,Бельевые изделия нательные спортивные для взрослых,Ос: лых особенности модели сочетает в себ,3,132
793334322,Бельевые изделия нательные спортивные для взрослых,Ос: кие швы обеспечивают безопасность и комф,3,132
793334322,Бельевые изделия нательные спортивные для взрослых,Технические параметры: . в,3,132
793334322,Бельевые изделия нательные спортивные для взрослых,Состав: е комплекта,3,132
793341142,Джемперы для взрослых,Цвет: черный,10,64
793341142,Джемперы для взрослых,Характеристика: шерсть,10,64
793341142,Джемперы для взрослых,Вид: ы джемперов свитеров для взрослых джемперы для,10,64
793341142,Джемперы для взрослых,Вид: ы одежды включая форменную головных уборов одежд,9,64
793341142,Джемперы для взрослых,Ос: лых джемперы для взрослых виды одежды,5,64
793341142,Джемперы для взрослых,Ос: лых виды джемперов свитеров для взрослых,4,64
793341142,Джемперы для взрослых,Цвет: черный модель,3,64
793341142,Джемперы для взрослых,Ос: лых виды одежды включая форменную голо,3,64
793341142,Джемперы для взрослых,Цвет: черный вид товаров,3,64
793341142,Джемперы для взрослых,Цвет: черный виды джемперо,2,64
793341142,Джемперы для взрослых,Цвет: черный виды одежды,1,64
793341142,Джемперы для взрослых,Ос: лых модель джемпер полушерстяной без,1,64
793341142,Джемперы для взрослых,Цвет: черный размер рост,1,64
793341142,Джемперы для взрослых,Ос: лых джемперы для взрослых вид товаров,1,64
793341142,Джемперы для взрослых,Ос: лых пол мужской виды джемперов свитер,1,64
793341252,Свитеры для взрослых,Вид: продукции товары виды одежды включая форменную,1,9
793341252,Свитеры для взрослых,Цвет: черный,1,9
793341252,Свитеры для взрослых,Характеристика: шерсть,1,9
793341252,Свитеры для взрослых,Цвет: черный вид продукции,1,9
793341252,Свитеры для взрослых,Ос: сия,1,9
793341252,Свитеры для взрослых,Вид: ы джемперов свитеров для взрослых свитеры для в,1,9
793341252,Свитеры для взрослых,Размер: 96,1,9
793341252,Свитеры для взрослых,Ос: лых виды джемперов свитеров для взрослых,1,9
793341252,Свитеры для взрослых,Характеристика: россия,1,9
793347084,Перчатки из полимерных материалов для защиты от внешних воздействий,Материал: ов для защиты от внешних возде,136,1269
793347084,Перчатки из полимерных материалов для защиты от внешних воздействий,Характеристика: россия,62,1269
793347084,Перчатки из полимерных материалов для защиты от внешних воздействий,Ос: сия,57,1269
793347084,Перчатки из полимерных материалов для защиты от внешних воздействий,Вид: ы одежды специальной средства защиты рук вид ср,51,1269
793347084,Перчатки из полимерных материалов для защиты от внешних воздействий,Материал: основы,41,1269
793347084,Перчатки из полимерных материалов для защиты от внешних воздействий,Материал: покрытия,35,1269
793347084,Перчатки из полимерных материалов для защиты от внешних воздействий,Технические параметры: китай,32,1269
793347084,Перчатки из полимерных материалов для защиты от внешних воздействий,Материал: перчаток,21,1269
793347084,Перчатки из полимерных материалов для защиты от внешних воздействий,Цвет: черный,14,1269
793347084,Перчатки из полимерных материалов для защиты от внешних воздействий,Цвет: синий,14,1269
793347084,Перчатки из полимерных материалов для защиты от внешних воздействий,Изготовлен: ия,12,1269
793347084,Перчатки из полимерных материалов для защиты от внешних воздействий,Объем: хлопок,11,1269
793347084,Перчатки из полимерных материалов для защиты от внешних воздействий,Объем: белый,10,1269
793347084,Перчатки из полимерных материалов для защиты от внешних воздействий,Технические параметры: пвх,10,1269
793347084,Перчатки из полимерных материалов для защиты от внешних воздействий,Технические параметры: 9 в,9,1269
793347084,Перчатки из полимерных материалов для защиты от внешних воздействий,Вид: внутреннего покрытия хлопковое напыление с анти,9,1269
793347084,Перчатки из полимерных материалов для защиты от внешних воздействий,Характеристика: sky,8,1269
793347084,Перчатки из полимерных материалов для защиты от внешних воздействий,Характеристика: ansell,8,1269
793347084,Перчатки из полимерных материалов для защиты от внешних воздействий,Технические параметры: . в,8,1269
793347084,Перчатки из полимерных материалов для защиты от внешних воздействий,Технические параметры: коричневый,8,1269
793347963,Перчатки трикотажные для защиты от внешних воздействий,Характеристика: россия,36,661
793347963,Перчатки трикотажные для защиты от внешних воздействий,Ос: сия,30,661
793347963,Перчатки трикотажные для защиты от внешних воздействий,Вид: ы одежды специальной средства защиты рук вид ср,30,661
793347963,Перчатки трикотажные для защиты от внешних воздействий,Технические параметры: пвх,24,661
793347963,Перчатки трикотажные для защиты от внешних воздействий,Материал: перчаток,24,661
793347963,Перчатки трикотажные для защиты от внешних воздействий,Объем: хлопок,19,661
793347963,Перчатки трикотажные для защиты от внешних воздействий,Материал: покрытия,17,661
793347963,Перчатки трикотажные для защиты от внешних воздействий,Цвет: черный,16,661
793347963,Перчатки трикотажные для защиты от внешних воздействий,Состав: ткани,14,661
793347963,Перчатки трикотажные для защиты от внешних воздействий,Материал: основы,13,661
793347963,Перчатки трикотажные для защиты от внешних воздействий,Технические параметры: китай,11,661
793347963,Перчатки трикотажные для защиты от внешних воздействий,Объем: белый,10,661
793347963,Перчатки трикотажные для защиты от внешних воздействий,Назначение: для защиты рук от механических воздействий и истир,10,661
793347963,Перчатки трикотажные для защиты от внешних воздействий,Цвет: черный модель,7,661
793347963,Перчатки трикотажные для защиты от внешних воздействий,Материал: изделия,6,661
793347963,Перчатки трикотажные для защиты от внешних воздействий,Характеристика: 2 шт,6,661
793347963,Перчатки трикотажные для защиты от внешних воздействий,Характеристика: ansell,6,661
793347963,Перчатки трикотажные для защиты от внешних воздействий,Цвет: белый размер,5,661
793347963,Перчатки трикотажные для защиты от внешних воздействий,Характеристика: шерсть,5,661
793347963,Перчатки трикотажные для защиты от внешних воздействий,Изготовлен: ы из,5,661
793347964,Рукавицы для защиты от внешних воздействий,Вид: ы одежды специальной средства защиты рук вид ср,16,197
793347964,Рукавицы для защиты от внешних воздействий,Характеристика: россия,11,197
793347964,Рукавицы для защиты от внешних воздействий,Ос: сия,10,197
793347964,Рукавицы для защиты от внешних воздействий,Материал: подкладки,7,197
793347964,Рукавицы для защиты от внешних воздействий,Технические параметры: китай,6,197
793347964,Рукавицы для защиты от внешних воздействий,Технические параметры: кожа,4,197
793347964,Рукавицы для защиты от внешних воздействий,Материал: изделия,4,197
793347964,Рукавицы для защиты от внешних воздействий,Технические параметры: коричневый,4,197
793347964,Рукавицы для защиты от внешних воздействий,Характеристика: kevlar,3,197
793347964,Рукавицы для защиты от внешних воздействий,Характеристика: iii,3,197
793347964,Рукавицы для защиты от внешних воздействий,Характеристика: jamboo,3,197
793347964,Рукавицы для защиты от внешних воздействий,Ос: обенности модели увеличенный раструб,3,197
793347964,Рукавицы для защиты от внешних воздействий,Ос: тями включая работы в холодных условиях,3,197
793347964,Рукавицы для защиты от внешних воздействий,Материал: верха,3,197
793347964,Рукавицы для защиты от внешних воздействий,Размер: 4 мм,3,197
793347964,Рукавицы для защиты от внешних воздействий,Назначение: для сварочных работ всех видов работ с раскаленным,3,197
793347964,Рукавицы для защиты от внешних воздействий,Характеристика: . м,2,197
793347964,Рукавицы для защиты от внешних воздействий,Ос: ть к жирам маслам и нефтепродуктам а так,2,197
793347964,Рукавицы для защиты от внешних воздействий,Ос: обенности вкладками из искусственного,2,197
793347964,Рукавицы для защиты от внешних воздействий,Характеристика: dupont,2,197
793348072,Брюки для взрослых,Характеристика: россия,174,2557
793348072,Брюки для взрослых,Ос: сия,170,2557
793348072,Брюки для взрослых,Объем: хлопок,162,2557
793348072,Брюки для взрослых,Состав: ткани,156,2557
793348072,Брюки для взрослых,Характеристика: .м,137,2557
793348072,Брюки для взрослых,Ос: лых виды брюк джинсов для взрослых бр,130,2557
793348072,Брюки для взрослых,Характеристика: серый,94,2557
793348072,Брюки для взрослых,Цвет: черный,88,2557
793348072,Брюки для взрослых,Назначение: для защиты от общих производственных загрязнений и,81,2557
793348072,Брюки для взрослых,Ос: лых назначение для защиты от общих пр,70,2557
793348072,Брюки для взрослых,Технические параметры: розовый,65,2557
793348072,Брюки для взрослых,Цвет: синий,41,2557
793348072,Брюки для взрослых,Вес: 245 г,38,2557
793348072,Брюки для взрослых,Ос: тав ткани 65 полиэфир 35 хлопок тка,37,2557
793348072,Брюки для взрослых,Ос: минаемая мягкая на ощупь комфортная в но,32,2557
793348072,Брюки для взрослых,Вид: ы одежды включая форменную головных уборов одежд,31,2557
793348072,Брюки для взрослых,Ос: лых модель брюки женские стелла све,31,2557
793348072,Брюки для взрослых,Ос: копичности цвет светло-серый пояс,28,2557
793348072,Брюки для взрослых,Ос: лых карманы 4 кармана по 2 спереди,28,2557
793348072,Брюки для взрослых,Ос: минаемая приятная на ощупь ткань легко о,28,2557
793348073,Перчатки швейные для защиты от внешних воздействий,Материал: перчаток,4,39
793348073,Перчатки швейные для защиты от внешних воздействий,Технические параметры: китай,4,39
793348073,Перчатки швейные для защиты от внешних воздействий,Характеристика: defender,3,39
793348073,Перчатки швейные для защиты от внешних воздействий,Технические параметры: кожа,3,39
793348073,Перчатки швейные для защиты от внешних воздействий,Технические параметры: пвх,3,39
793348073,Перчатки швейные для защиты от внешних воздействий,Вид: ы одежды специальной средства защиты рук вид ср,3,39
793348073,Перчатки швейные для защиты от внешних воздействий,Ос: обенности модели универсальные перчат,3,39
793348073,Перчатки швейные для защиты от внешних воздействий,Ос: сия,1,39
793348073,Перчатки швейные для защиты от внешних воздействий,Объем: белый,1,39
793348073,Перчатки швейные для защиты от внешних воздействий,Ос: обенности практичные перчатки. перчат,1,39
793348073,Перчатки швейные для защиты от внешних воздействий,Ос: ть муж жен цвет белый количество,1,39
793348073,Перчатки швейные для защиты от внешних воздействий,Характеристика: россия,1,39
793348073,Перчатки швейные для защиты от внешних воздействий,Характеристика: 2 шт,1,39
793348073,Перчатки швейные для защиты от внешних воздействий,Цвет: белый количество,1,39
793348073,Перчатки швейные для защиты от внешних воздействий,Характеристика: vibe,1,39
793348073,Перчатки швейные для защиты от внешних воздействий,Цвет: черный,1,39
793348073,Перчатки швейные для защиты от внешних воздействий,Ос: новы нейлон полиэстер полиуретан.,1,39
793348073,Перчатки швейные для защиты от внешних воздействий,Ос: обенности модели виброзащитные элемен,1,39
793348073,Перчатки швейные для защиты от внешних воздействий,Характеристика: velcro,1,39
793348073,Перчатки швейные для защиты от внешних воздействий,Тип: манжеты велькро velcro цвет черный с желто,1,39
793348403,"Нарукавники, наплечники для защиты рук",Ос: сия,3,36
793348403,"Нарукавники, наплечники для защиты рук",Характеристика: россия,3,36
793348403,"Нарукавники, наплечники для защиты рук",Цвет: синий,3,36
793348403,"Нарукавники, наплечники для защиты рук",Вид: ы одежды специальной средства защиты рук вид ср,2,36
793348403,"Нарукавники, наплечники для защиты рук",Материал: смесовая -хлопок полиэстер наз,1,36
793348403,"Нарукавники, наплечники для защиты рук",Цвет: черный,1,36
793348403,"Нарукавники, наплечники для защиты рук",Объем: хлопок,1,36
793348403,"Нарукавники, наплечники для защиты рук",Технические параметры: . в,1,36
793348403,"Нарукавники, наплечники для защиты рук",Назначение: для защиты рук или рукавов спецодежды от общепроиз,1,36
793348403,"Нарукавники, наплечники для защиты рук",Технические параметры: оранжевый,1,36
793348403,"Нарукавники, наплечники для защиты рук",Ос: тюмами сварщика. являются дополнительным,1,36
793348403,"Нарукавники, наплечники для защиты рук",Ос: тюма. не повышают класс защиты сварочног,1,36
793348403,"Нарукавники, наплечники для защиты рук",Ос: тюма при совместном использовании. цвет,1,36
793348403,"Нарукавники, наплечники для защиты рук",Материал: ткани,1,36
793348403,"Нарукавники, наплечники для защиты рук",Цвет: темный хаки ткань,1,36
793348403,"Нарукавники, наплечники для защиты рук",Вид: продукции товары виды одежды включая форменную,1,36
793348403,"Нарукавники, наплечники для защиты рук",Характеристика: . м,1,36
793348403,"Нарукавники, наплечники для защиты рук",Технические параметры: пвх,1,36
793348403,"Нарукавники, наплечники для защиты рук",Назначение: водонепроницаемые от химических воздействий. цвет,1,36
793348403,"Нарукавники, наплечники для защиты рук",Материал: пвх назначение,1,36
793348842,Халаты производственные,Ос: сия,20,152
793348842,Халаты производственные,Характеристика: россия,20,152
793348842,Халаты производственные,Наличие: карманов накладные боковые,18,152
793348842,Халаты производственные,Цвет: синий,16,152
793348842,Халаты производственные,Цвет: темно-синий цвет отд,15,152
793348842,Халаты производственные,Технические параметры: оранжевый,15,152
793348842,Халаты производственные,Технические параметры: . а,14,152
793348842,Халаты производственные,Ос: татических зарядов эс наличие карманов,14,152
793348842,Халаты производственные,Вид: ы одежды специальной халаты производственные мо,3,152
793348842,Халаты производственные,Характеристика: tencel,3,152
793348842,Халаты производственные,Объем: белый,3,152
793348842,Халаты производственные,Состав: ткани,3,152
793348842,Халаты производственные,Цвет: белый вид продукции,3,152
793348842,Халаты производственные,Размер: 44,1,152
793348842,Халаты производственные,Размер: 92,1,152
793348842,Халаты производственные,Размер: 96,1,152
793348842,Халаты производственные,Размер: 88,1,152
793348842,Халаты производственные,Цвет: темно-синий василек,1,152
793357683,Блузки женские,Объем: хлопок,13,58
793357683,Блузки женские,Состав: ткани,8,58
793357683,Блузки женские,Объем: белый,8,58
793357683,Блузки женские,Характеристика: .м,7,58
793357683,Блузки женские,Цвет: белый модель,7,58
793357683,Блузки женские,Цвет: бирюзовый модель,2,58
793357683,Блузки женские,Цвет: сильвер россия,1,58
793357683,Блузки женские,Ос: новного сырья волокна в составе ткани,1,58
793357683,Блузки женские,Ос: лых вид рубашек сорочек для взрослых,1,58
793357683,Блузки женские,Цвет: серый вид продукции,1,58
793357683,Блузки женские,Ос: сия,1,58
793357683,Блузки женские,Состав: е ткани трикотажного полотна,1,58
793357683,Блузки женские,Вид: рубашек сорочек для взрослых блузки женские м,1,58
793357683,Блузки женские,Характеристика: серый,1,58
793357683,Блузки женские,Характеристика: россия,1,58
793357683,Блузки женские,Вид: основного сырья волокна в составе ткани трикотаж,1,58
793357683,Блузки женские,Цвет: сиреневый модель,1,58
793357683,Блузки женские,Характеристика: 2 м,1,58
793357683,Блузки женские,Цвет: белый,1,58
793357687,Сорочки верхние мужские,Объем: хлопок,52,200
793357687,Сорочки верхние мужские,Цвет: белый модель,23,200
793357687,Сорочки верхние мужские,Ос: лых вид рубашек сорочек для взрослых,20,200
793357687,Сорочки верхние мужские,Объем: белый,17,200
793357687,Сорочки верхние мужские,Ос: сия,16,200
793357687,Сорочки верхние мужские,Характеристика: россия,16,200
793357687,Сорочки верхние мужские,Вид: застежки на пуговицы воротник отложной со ст,14,200
793357687,Сорочки верхние мужские,Цвет: черный,12,200
793357687,Сорочки верхние мужские,Цвет: синяя модель,8,200
793357687,Сорочки верхние мужские,Цвет: синий,6,200
793357687,Сорочки верхние мужские,Цвет: черный вид продукции,4,200
793357687,Сорочки верхние мужские,Технические параметры: 2 в,4,200
793357687,Сорочки верхние мужские,Цвет: черный размер рост,4,200
793357687,Сорочки верхние мужские,Цвет: темно-синий вид прод,2,200
793357687,Сорочки верхние мужские,Цвет: зеленый плотность,1,200
793357687,Сорочки верхние мужские,Характеристика: серый,1,200
793357691,Уборы головные для взрослых,Размер: 54,57,412
793357691,Уборы головные для взрослых,Характеристика: россия,45,412
793357691,Уборы головные для взрослых,Ос: сия,35,412
793357691,Уборы головные для взрослых,Вид: ы уборов головных летних демисезонных уборы гол,33,412
793357691,Уборы головные для взрослых,Объем: хлопок,26,412
793357691,Уборы головные для взрослых,Состав: ткани,20,412
793357691,Уборы головные для взрослых,Цвет: синий,19,412
793357691,Уборы головные для взрослых,Технические параметры: 62 в,7,412
793357691,Уборы головные для взрослых,Характеристика: серый,7,412
793357691,Уборы головные для взрослых,Характеристика: 62 м,6,412
793357691,Уборы головные для взрослых,Цвет: темно-синий модель,6,412
793357691,Уборы головные для взрослых,Цвет: темно-синий вид прод,5,412
793357691,Уборы головные для взрослых,Материал: основы,4,412
793357691,Уборы головные для взрослых,Технические параметры: . в,4,412
793357691,Уборы головные для взрослых,Ос: тав ткани 65 полиэфир 35 хлопок тка,3,412
793357691,Уборы головные для взрослых,Ос: лых размер универсальный регулировк,3,412
793357691,Уборы головные для взрослых,Цвет: черный,3,412
793357691,Уборы головные для взрослых,Характеристика: cap,2,412
793357691,Уборы головные для взрослых,Характеристика: biot,2,412
793357691,Уборы головные для взрослых,Технические параметры: оранжевый,2,412
793357705,Респираторы,Характеристика: россия,30,271
793357705,Респираторы,Ос: сия,26,271
793357705,Респираторы,Характеристика: ffp2,14,271
793357705,Респираторы,Характеристика: unix,12,271
793357705,Респираторы,Вид: ы одежды специальной респираторы модель полу,7,271
793357705,Респираторы,Характеристика: . м,6,271
793357705,Респираторы,Цвет: товара,6,271
793357705,Респираторы,Назначение: для защиты органов дыхания от высоко- и среднедисп,6,271
793357705,Респираторы,Объем: силикон,5,271
793357705,Респираторы,Вид: полумаска фильтрующая респиратор класс фильтрующ,4,271
793357705,Респираторы,Объем: белый,4,271
793357705,Респираторы,Характеристика: mfa,4,271
793357705,Респираторы,Характеристика: турция,4,271
793357705,Респираторы,Материал: корпуса,3,271
793357705,Респираторы,Характеристика: aura,3,271
793357705,Респираторы,Характеристика: 3м,3,271
793357705,Респираторы,Ос: ть чугуно- и сталелитейное производство,3,271
793357705,Респираторы,Вес: 5 г,3,271
793357705,Респираторы,Вид: уальной защиты органов дыхания от всех видов аэроз,3,271
793357705,Респираторы,Материал: лицевой части,3,271
793358151,Каска строительная,Вид: ы одежды специальной средства защиты головы лиц,1,9
793358151,Каска строительная,Технические параметры: . в,1,9
793358151,Каска строительная,Ос: сия,1,9
793358151,Каска строительная,Цвет: оранжевый вид продук,1,9
793358151,Каска строительная,Вид: средств защиты головы лица глаз органа слуха ка,1,9
793358151,Каска строительная,Категория: качества каски высшая комплектация комплект,1,9
793358151,Каска строительная,Характеристика: россия,1,9
793358151,Каска строительная,Технические параметры: оранжевый,1,9
793358151,Каска строительная,Материал: полипропилен,1,9
793358153,Каски защитные,Характеристика: россия,39,683
793358153,Каски защитные,Ос: сия,38,683
793358153,Каски защитные,Объем: белый,37,683
793358153,Каски защитные,Характеристика: termotrek,35,683
793358153,Каски защитные,Вид: средств защиты головы лица глаз органа слуха ка,33,683
793358153,Каски защитные,Технические параметры: . в,28,683
793358153,Каски защитные,Вид: ы одежды специальной средства защиты головы лиц,26,683
793358153,Каски защитные,Характеристика: rapid,24,683
793358153,Каски защитные,Материал: корпуса,21,683
793358153,Каски защитные,Материал: изготовления,20,683
793358153,Каски защитные,Размер: 65 см,17,683
793358153,Каски защитные,Характеристика: favori,14,683
793358153,Каски защитные,Ос: троительной и других отраслях промышленн,12,683
793358153,Каски защитные,Цвет: белый модель,12,683
793358153,Каски защитные,Характеристика: uvex,11,683
793358153,Каски защитные,Материал: оголовья,11,683
793358153,Каски защитные,Характеристика: . м,10,683
793358153,Каски защитные,Объем: текстиль,9,683
793358153,Каски защитные,Технические параметры: оранжевый,8,683
793358153,Каски защитные,Применение: дополнительных средств защиты наушников лицевых,6,683
793358155,Накомарники,Ос: китная сетка которая в области шеи оснащ,1,7
793358155,Накомарники,Вид: ы одежды специальной средства защиты головы лиц,1,7
793358155,Накомарники,Технические параметры: . в,1,7
793358155,Накомарники,Вид: средств защиты головы лица глаз органа слуха на,1,7
793358155,Накомарники,Ос: китной сеткой россия,1,7
793358155,Накомарники,Характеристика: россия,1,7
793358155,Накомарники,Цвет: защитный камуфлирова,1,7
793358157,Очки защитные,Цвет: линз,41,484
793358157,Очки защитные,Технические параметры: прозрачный,30,484
793358157,Очки защитные,Характеристика: supravision,29,484
793358157,Очки защитные,Технические параметры: . в,24,484
793358157,Очки защитные,Вид: ы одежды специальной средства защиты головы лиц,23,484
793358157,Очки защитные,Вид: средств защиты головы лица глаз органа слуха оч,23,484
793358157,Очки защитные,Характеристика: uvex,20,484
793358157,Очки защитные,Материал: линзы,18,484
793358157,Очки защитные,Характеристика: россия,18,484
793358157,Очки защитные,Характеристика: . м,15,484
793358157,Очки защитные,Ос: сия,15,484
793358157,Очки защитные,Цвет: оправы,11,484
793358157,Очки защитные,Характеристика: серый,10,484
793358157,Очки защитные,Характеристика: 45 м,10,484
793358157,Очки защитные,Технические параметры: китай,9,484
793358157,Очки защитные,Вес: германия,8,484
793358157,Очки защитные,Характеристика: univet,6,484
793358157,Очки защитные,Характеристика: strongglass,6,484
793358157,Очки защитные,Характеристика: super,6,484
793358157,Очки защитные,Технические параметры: пвх,4,484
793358161,Подшлемники,Характеристика: россия,15,143
793358161,Подшлемники,Ос: сия,14,143
793358161,Подшлемники,Цвет: синий,9,143
793358161,Подшлемники,Цвет: черный,9,143
793358161,Подшлемники,Материал: флис,6,143
793358161,Подшлемники,Назначение: подшлемника для защиты головы органов дыхания ш,6,143
793358161,Подшлемники,Цвет: лицевая сторона,6,143
793358161,Подшлемники,Вес: 365 г,6,143
793358161,Подшлемники,Вид: основного сырья волокна в составе ткани трикотаж,6,143
793358161,Подшлемники,Объем: хлопок,5,143
793358161,Подшлемники,Вид: средств защиты головы лица глаз органа слуха по,5,143
793358161,Подшлемники,Вид: ы одежды специальной средства защиты головы лиц,4,143
793358161,Подшлемники,Технические параметры: . в,4,143
793358161,Подшлемники,Размер: 54,3,143
793358161,Подшлемники,Объем: . л,3,143
793358161,Подшлемники,Вид: защитного свойства подшлемника от брызг от искр,2,143
793358161,Подшлемники,Тип: средства защиты головы подшлемник модель шле,2,143
793358161,Подшлемники,Характеристика: 59 м,2,143
793358161,Подшлемники,Цвет: синий вид продукции,2,143
793358161,Подшлемники,Состав: флис,2,143
793358163,Средства защиты противошумные,Характеристика: snr,8,144
793358163,Средства защиты противошумные,Технические параметры: . в,7,144
793358163,Средства защиты противошумные,Ос: сия,7,144
793358163,Средства защиты противошумные,Характеристика: россия,7,144
793358163,Средства защиты противошумные,Вид: ы одежды специальной средства защиты головы лиц,6,144
793358163,Средства защиты противошумные,Вид: средств защиты головы лица глаз органа слуха ср,6,144
793358163,Средства защиты противошумные,Объем: желтый,5,144
793358163,Средства защиты противошумные,Характеристика: 27 дб,5,144
793358163,Средства защиты противошумные,Цвет: черный,4,144
793358163,Средства защиты противошумные,Объем: пластик,3,144
793358163,Средства защиты противошумные,Технические параметры: оранжевый,3,144
793358163,Средства защиты противошумные,Характеристика: . м,3,144
793358163,Средства защиты противошумные,Изготовлен: ы из абс-пластика устойчивы к,2,144
793358163,Средства защиты противошумные,Вид: оголовья складное вид прочего инвентаря науш,2,144
793358163,Средства защиты противошумные,Назначение: предназначены для снижения уровня шума цвет чер,2,144
793358163,Средства защиты противошумные,Материал: корпуса,2,144
793358163,Средства защиты противошумные,Характеристика: max,2,144
793358163,Средства защиты противошумные,Изготовлен: ы из прочного абс-пластика уст,2,144
793358163,Средства защиты противошумные,Характеристика: verishield,2,144
793358163,Средства защиты противошумные,Характеристика: uvex,2,144
793358165,Шлемы защитные,Цвет: хаки темный хаки,2,16
793358165,Шлемы защитные,Ос: сия,2,16
793358165,Шлемы защитные,Характеристика: .м,2,16
793358165,Шлемы защитные,Ос: ти лица. пелерина обеспечивает дополните,2,16
793358165,Шлемы защитные,Характеристика: россия,2,16
793358165,Шлемы защитные,Ос: ка по лицевому вырезу обеспечивает хорош,2,16
793358165,Шлемы защитные,Размер: 59,1,16
793358165,Шлемы защитные,Размер: 62,1,16
793358165,Шлемы защитные,Размер: 62-64,1,16
793358165,Шлемы защитные,Технические параметры: 64 в,1,16
793358167,Щитки лицевые защитные,Вид: средств защиты головы лица глаз органа слуха щи,12,186
793358167,Щитки лицевые защитные,Характеристика: россия,12,186
793358167,Щитки лицевые защитные,Вид: ы одежды специальной средства защиты головы лиц,11,186
793358167,Щитки лицевые защитные,Технические параметры: . в,11,186
793358167,Щитки лицевые защитные,Ос: сия,11,186
793358167,Щитки лицевые защитные,Технические параметры: прозрачный,7,186
793358167,Щитки лицевые защитные,Вес: 445 г,5,186
793358167,Щитки лицевые защитные,Характеристика: . м,4,186
793358167,Щитки лицевые защитные,Характеристика: titan,4,186
793358167,Щитки лицевые защитные,Материал: корпуса,4,186
793358167,Щитки лицевые защитные,Цвет: прозрачный модель,4,186
793358167,Щитки лицевые защитные,Цвет: черный,3,186
793358167,Щитки лицевые защитные,Характеристика: din,3,186
793358167,Щитки лицевые защитные,Характеристика: rapid,3,186
793358167,Щитки лицевые защитные,Характеристика: favori,3,186
793358167,Щитки лицевые защитные,Размер: 9 мм,2,186
793358167,Щитки лицевые защитные,Характеристика: tecmen,2,186
793358167,Щитки лицевые защитные,Цвет: черный модель,2,186
793358167,Щитки лицевые защитные,Технические параметры: китай,2,186
793358167,Щитки лицевые защитные,Характеристика: termotrek,2,186
793368388,Шкафы сушильные промышленные,Размер: 454 мм,1,4
793368388,Шкафы сушильные промышленные,Вид: продукции товары вид товаров оборудование ви,1,4
793368388,Шкафы сушильные промышленные,Характеристика: 2 шт,1,4
793368388,Шкафы сушильные промышленные,Характеристика: корея,1,4
793369836,Полотенца текстильные,Вид: товаров гигиенические средства виды предметов г,2,19
793369836,Полотенца текстильные,Ос: сия,2,19
793369836,Полотенца текстильные,Цвет: белое ширина,2,19
793369836,Полотенца текстильные,Характеристика: россия,2,19
793369836,Полотенца текстильные,Вид: продукции товары вид товаров гигиенические с,1,19
793369836,Полотенца текстильные,Цвет: темно-бордовый вид п,1,19
793369836,Полотенца текстильные,Вид: ы предметов гигиены полотенца текстильные описа,1,19
793369836,Полотенца текстильные,Назначение: для рук и лица цвет синий вид продукции това,1,19
793369836,Полотенца текстильные,Цвет: синий вид продукции,1,19
793369836,Полотенца текстильные,Цвет: синий,1,19
793369836,Полотенца текстильные,Характеристика: 2 м,1,19
793369836,Полотенца текстильные,Тип: материала вафельное модель полотенце вафельн,1,19
793369836,Полотенца текстильные,Объем: хлопок,1,19
793369836,Полотенца текстильные,Объем: белый,1,19
793369836,Полотенца текстильные,Цвет: белый ширина,1,19
793370340,Части запасные и материалы расходные для инструментов спасательных служб и служб гражданской обороны,Материал: ы расходные для инструментов с,3,24
793370340,Части запасные и материалы расходные для инструментов спасательных служб и служб гражданской обороны,Ос: ти работ на высоте как удерживающая и ст,2,24
793370340,Части запасные и материалы расходные для инструментов спасательных служб и служб гражданской обороны,Вид: прочего инвентаря пояс предохранительный лямочн,2,24
793370340,Части запасные и материалы расходные для инструментов спасательных служб и служб гражданской обороны,Ос: ть срочной эвакуации работающего на пове,2,24
793370340,Части запасные и материалы расходные для инструментов спасательных служб и служб гражданской обороны,Размер: xxl,2,24
793370340,Части запасные и материалы расходные для инструментов спасательных служб и служб гражданской обороны,Характеристика: xxl,2,24
793370340,Части запасные и материалы расходные для инструментов спасательных служб и служб гражданской обороны,Вид: наплечные набедренные лямки длина поясного ремня,1,24
793370340,Части запасные и материалы расходные для инструментов спасательных служб и служб гражданской обороны,Назначение: предназначен для обеспечения безопасности работ на,1,24
793370340,Части запасные и материалы расходные для инструментов спасательных служб и служб гражданской обороны,Характеристика: 2 шт,1,24
793370340,Части запасные и материалы расходные для инструментов спасательных служб и служб гражданской обороны,Размер: . мм,1,24
793370340,Части запасные и материалы расходные для инструментов спасательных служб и служб гражданской обороны,Назначение: для обеспечения безопасности работ на высоте как у,1,24
793370340,Части запасные и материалы расходные для инструментов спасательных служб и служб гражданской обороны,Характеристика: 4 шт,1,24
793370340,Части запасные и материалы расходные для инструментов спасательных служб и служб гражданской обороны,Ос: ть модель пояс предохранительный лямо,1,24
793370340,Части запасные и материалы расходные для инструментов спасательных служб и служб гражданской обороны,Вес: 5 г,1,24
793370340,Части запасные и материалы расходные для инструментов спасательных служб и служб гражданской обороны,Ос: сия,1,24
793370340,Части запасные и материалы расходные для инструментов спасательных служб и служб гражданской обороны,Характеристика: россия,1,24
793370340,Части запасные и материалы расходные для инструментов спасательных служб и служб гражданской обороны,Характеристика: unix,1,24
793370374,Части запасные и материалы расходные для средств пожаротушения,Материал: ы расходные для средств пожаро,1,5
793370374,Части запасные и материалы расходные для средств пожаротушения,Технические параметры: . в,1,5
793370374,Части запасные и материалы расходные для средств пожаротушения,Ос: сия,1,5
793370374,Части запасные и материалы расходные для средств пожаротушения,Характеристика: россия,1,5
793370374,Части запасные и материалы расходные для средств пожаротушения,Характеристика: unix,1,5
793370402,Противогазы,Ос: сия,3,25
793370402,Противогазы,Характеристика: россия,3,25
793370402,Противогазы,Ос: тоит из панорамного стекла-корпуса резин,2,25
793370402,Противогазы,Вид: уальной защиты органов дыхания виды средств индиви,1,25
793370402,Противогазы,Вид: ы товаров для противопожарных аварийно-спасательны,1,25
793370402,Противогазы,Ос: обу защиты фильтрующий модель маг,1,25
793370402,Противогазы,Тип: противогаза по способу защиты фильтрующий модел,1,25
793370402,Противогазы,Вид: продукции товары вид товаров товары для прот,1,25
793370402,Противогазы,Тип: ремней крепления и или оголовья маски противогаза,1,25
793370402,Противогазы,Ос: ти и коммунального хозяйства для работы,1,25
793370402,Противогазы,Назначение: предназначен для защиты органов дыхания глаз и кож,1,25
793370402,Противогазы,Применение: применяется в различных отраслях промышленности и,1,25
793370402,Противогазы,Ос: тях колодцах отсеках. принцип работы,1,25
793370402,Противогазы,Вес: . г,1,25
793370402,Противогазы,Вес: 99 г,1,25
793370402,Противогазы,Назначение: предназначена для использования в качестве лицевой,1,25
793370402,Противогазы,Ос: ительной влажности воздуха до 98. граду,1,25
793370402,Противогазы,Ос: обенности сохраняет свои защитные сво,1,25
793370402,Противогазы,Вид: спецодежды средства индивидуальной защиты орган,1,25
793370402,Противогазы,Назначение: предназначен для защиты органов дыхания зрения и к,1,25
793370426,Веревки альпинистские,Материал: изготавливается из полиэфира,1,3
793370426,Веревки альпинистские,Назначение: используют для страховки работников аварийно-спаса,1,3
793370426,Веревки альпинистские,Ос: обенности завальцованные кольца на ко,1,3
793370428,Изделия и принадлежности для альпинизма,Ос: сия,7,49
793370428,Изделия и принадлежности для альпинизма,Характеристика: россия,7,49
793370428,Изделия и принадлежности для альпинизма,Характеристика: vnt,4,49
793370428,Изделия и принадлежности для альпинизма,Наличие: материал полиэфирный канат,3,49
793370428,Изделия и принадлежности для альпинизма,Объем: сталь,2,49
793370428,Изделия и принадлежности для альпинизма,Цвет: желтый черный статич,2,49
793370428,Изделия и принадлежности для альпинизма,Масса: 65 г,2,49
793370428,Изделия и принадлежности для альпинизма,Ос: ти для альпинизма длина по торсу 558,1,49
793370428,Изделия и принадлежности для альпинизма,Назначение: элемента альпинистского снаряжения промышленный,1,49
793370428,Изделия и принадлежности для альпинизма,Объем: желтый,1,49
793370428,Изделия и принадлежности для альпинизма,Характеристика: m-xl,1,49
793370428,Изделия и принадлежности для альпинизма,Ос: обенности строп регулируемый одинарны,1,49
793370428,Изделия и принадлежности для альпинизма,Характеристика: . м,1,49
793370428,Изделия и принадлежности для альпинизма,Ос: тановки падения при проведении работ на,1,49
793370428,Изделия и принадлежности для альпинизма,Назначение: строп предназначен для организации удержания работ,1,49
793370428,Изделия и принадлежности для альпинизма,Ос: тановки падения а также в системе удержи,1,49
793370428,Изделия и принадлежности для альпинизма,Материал: высокопрочный канат из синтети,1,49
793370428,Изделия и принадлежности для альпинизма,Материал: полиамид ширина,1,49
793370428,Изделия и принадлежности для альпинизма,Материал: оцинкованная сталь температура,1,49
793370428,Изделия и принадлежности для альпинизма,Размер: 72 см,1,49
793370434,Снаряжение специальное для спасательных служб и служб гражданской обороны,Характеристика: россия,60,1383
793370434,Снаряжение специальное для спасательных служб и служб гражданской обороны,Ос: сия,54,1383
793370434,Снаряжение специальное для спасательных служб и служб гражданской обороны,Материал: основы,52,1383
793370434,Снаряжение специальное для спасательных служб и служб гражданской обороны,Материал: покрытия,50,1383
793370434,Снаряжение специальное для спасательных служб и служб гражданской обороны,Характеристика: ansell,39,1383
793370434,Снаряжение специальное для спасательных служб и служб гражданской обороны,Технические параметры: китай,38,1383
793370434,Снаряжение специальное для спасательных служб и служб гражданской обороны,Характеристика: . м,24,1383
793370434,Снаряжение специальное для спасательных служб и служб гражданской обороны,Объем: желтый,21,1383
793370434,Снаряжение специальное для спасательных служб и служб гражданской обороны,Цвет: синий,20,1383
793370434,Снаряжение специальное для спасательных служб и служб гражданской обороны,Размер: 5 см,19,1383
793370434,Снаряжение специальное для спасательных служб и служб гражданской обороны,Технические параметры: оранжевый,19,1383
793370434,Снаряжение специальное для спасательных служб и служб гражданской обороны,Цвет: черный,18,1383
793370434,Снаряжение специальное для спасательных служб и служб гражданской обороны,Технические параметры: пвх,17,1383
793370434,Снаряжение специальное для спасательных служб и служб гражданской обороны,Характеристика: эконом,17,1383
793370434,Снаряжение специальное для спасательных служб и служб гражданской обороны,Характеристика: alphatec,16,1383
793370434,Снаряжение специальное для спасательных служб и служб гражданской обороны,Характеристика: hyflex,16,1383
793370434,Снаряжение специальное для спасательных служб и служб гражданской обороны,Объем: хлопок,15,1383
793370434,Снаряжение специальное для спасательных служб и служб гражданской обороны,Характеристика: серый,13,1383
793370434,Снаряжение специальное для спасательных служб и служб гражданской обороны,Состав: материала,13,1383
793370434,Снаряжение специальное для спасательных служб и служб гражданской обороны,Цвет: флуоресцентный оранж,13,1383
793370454,Боевая одежда пожарного (БОП),Наличие: цвет красный модель каск,1,11
793370454,Боевая одежда пожарного (БОП),Цвет: красный модель,1,11
793370454,Боевая одежда пожарного (БОП),Ос: тоянного электрического тока напряжением,1,11
793370454,Боевая одежда пожарного (БОП),Ос: сия,1,11
793370454,Боевая одежда пожарного (БОП),Тип: регулировки оголовья standar вид каска защит,1,11
793370454,Боевая одежда пожарного (БОП),Характеристика: favori,1,11
793370454,Боевая одежда пожарного (БОП),Характеристика: россия,1,11
793370454,Боевая одежда пожарного (БОП),Характеристика: termotrek,1,11
793370454,Боевая одежда пожарного (БОП),Материал: корпуса,1,11
793370454,Боевая одежда пожарного (БОП),Технические параметры: красный,1,11
793370454,Боевая одежда пожарного (БОП),Характеристика: standar,1,11
793370506,Приборы осветительные мобильные для спасательных служб и служб гражданской обороны,Тип: аккумулятора литий -ионный модель фонарь яр,1,5
793370506,Приборы осветительные мобильные для спасательных служб и служб гражданской обороны,Ос: ветительные мобильные для спасательных с,1,5
793370506,Приборы осветительные мобильные для спасательных служб и служб гражданской обороны,Вид: товара светодиодный фонарь зарядное устройство,1,5
793370506,Приборы осветительные мобильные для спасательных служб и служб гражданской обороны,Характеристика: 3 шт,1,5
793370506,Приборы осветительные мобильные для спасательных служб и служб гражданской обороны,Технические параметры: китай,1,5
793370542,Сумки повседневные,Материал: полиэстер цвет,1,7
793370542,Сумки повседневные,Вид: продукции товары вид товаров сумки портфели,1,7
793370542,Сумки повседневные,Размер: 24 см,1,7
793370542,Сумки повседневные,Вид: застежки молния габаритные размеры 35х45х24,1,7
793370542,Сумки повседневные,Ос: сия,1,7
793370542,Сумки повседневные,Цвет: васильковый вид прод,1,7
793370542,Сумки повседневные,Характеристика: россия,1,7
793370560,"Колготки, легинсы (рейтузы), кюлоты",Объем: беларусь,16,79
793370560,"Колготки, легинсы (рейтузы), кюлоты",Состав: полиамид и эластан цвет,14,79
793370560,"Колготки, легинсы (рейтузы), кюлоты",Цвет: бежевый модель,13,79
793370560,"Колготки, легинсы (рейтузы), кюлоты",Технические параметры: бежевый,8,79
793370560,"Колготки, легинсы (рейтузы), кюлоты",Цвет: черный,8,79
793370560,"Колготки, легинсы (рейтузы), кюлоты",Страна: производитель бел,7,79
793370560,"Колготки, легинсы (рейтузы), кюлоты",Производитель: беларусь цвет черный модель,2,79
793370560,"Колготки, легинсы (рейтузы), кюлоты",Производитель: беларусь состав 87 - полиам,1,79
793370560,"Колготки, легинсы (рейтузы), кюлоты",Состав: полиамид,1,79
793370560,"Колготки, легинсы (рейтузы), кюлоты",Ос: тав эластан цвет бежевые модель,1,79
793370560,"Колготки, легинсы (рейтузы), кюлоты",Характеристика: den,1,79
793370560,"Колготки, легинсы (рейтузы), кюлоты",Характеристика: elegant,1,79
793370560,"Колготки, легинсы (рейтузы), кюлоты",Характеристика: conte,1,79
793370560,"Колготки, легинсы (рейтузы), кюлоты",Производитель: беларусь состав полиамид и,1,79
793370560,"Колготки, легинсы (рейтузы), кюлоты",Характеристика: solo,1,79
793370560,"Колготки, легинсы (рейтузы), кюлоты",Характеристика: 2 м,1,79
793370560,"Колготки, легинсы (рейтузы), кюлоты",Производитель: беларусь размер 4 состав,1,79
793370560,"Колготки, легинсы (рейтузы), кюлоты",Вид: классические модель колготки женские,1,79
793370562,"Носки, подследники",Ос: очных изделия чулочно-носочные виды и,26,233
793370562,"Носки, подследники",Характеристика: россия,19,233
793370562,"Носки, подследники",Вид: ы изделий чулочно-носочных носки подследники мо,19,233
793370562,"Носки, подследники",Цвет: черный,12,233
793370562,"Носки, подследники",Характеристика: шерсть,11,233
793370562,"Носки, подследники",Объем: хлопок,10,233
793370562,"Носки, подследники",Цвет: черные вид размера,8,233
793370562,"Носки, подследники",Ос: ки подследники описание разработаны д,7,233
793370562,"Носки, подследники",Ос: сия,6,233
793370562,"Носки, подследники",Характеристика: island,6,233
793370562,"Носки, подследники",Характеристика: cup,6,233
793370562,"Носки, подследники",Ос: ки подследники вид продукции товары в,6,233
793370562,"Носки, подследники",Ос: очных носки подследники модель тер,5,233
793370562,"Носки, подследники",Ос: ки выполнены из хлопка высокого качества,5,233
793370562,"Носки, подследники",Ос: ки гладь из хлопчатобумажной пряжи рос,5,233
793370562,"Носки, подследники",Вид: продукции товары вид товаров галантерейные т,5,233
793370562,"Носки, подследники",Характеристика: wintertech,4,233
793370562,"Носки, подследники",Ос: ки island cup wintertech айланд кап вин,4,233
793370562,"Носки, подследники",Ос: ки из полушерстяной пряжи россия,4,233
793370562,"Носки, подследники",Размер: 39,3,233
793370566,Обувь форменная для взрослых,Цвет: черный,12,114
793370566,Обувь форменная для взрослых,Технические параметры: кожа,12,114
793370566,Обувь форменная для взрослых,Цвет: черный модель,11,114
793370566,Обувь форменная для взрослых,Материал: верха обуви,8,114
793370566,Обувь форменная для взрослых,Характеристика: россия,8,114
793370566,Обувь форменная для взрослых,Ос: лых защитные свойства защита от общих,7,114
793370566,Обувь форменная для взрослых,Материал: подкладки,7,114
793370566,Обувь форменная для взрослых,Назначение: рекомендуются для сотрудников охранных предприятий,7,114
793370566,Обувь форменная для взрослых,Ос: сия,7,114
793370566,Обувь форменная для взрослых,Тип: застежки шнурки цвет черный модель котка,7,114
793370566,Обувь форменная для взрослых,Характеристика: j-tex,7,114
793370566,Обувь форменная для взрослых,Размер: 44,7,114
793370566,Обувь форменная для взрослых,Ос: ки термопласт метод крепления подошвы,4,114
793370566,Обувь форменная для взрослых,Ос: лых верх обуви кожа натуральная защит,3,114
793370566,Обувь форменная для взрослых,Ос: лых подкладка кожа подкладочная цвет,1,114
793370566,Обувь форменная для взрослых,Цвет: черный верх обуви,1,114
793370566,Обувь форменная для взрослых,Ос: лых высота голенища 32 см защитные св,1,114
793370566,Обувь форменная для взрослых,Страна: происхождения рос,1,114
793370566,Обувь форменная для взрослых,Да: половой признак мужской раз,1,114
793370566,Обувь форменная для взрослых,Технические параметры: резина,1,114
793370572,Обувь с верхом из текстильных материалов,Характеристика: россия,45,570
793370572,Обувь с верхом из текстильных материалов,Цвет: синий,42,570
793370572,Обувь с верхом из текстильных материалов,Ос: сия,32,570
793370572,Обувь с верхом из текстильных материалов,Материал: подошвы,32,570
793370572,Обувь с верхом из текстильных материалов,Цвет: черный,29,570
793370572,Обувь с верхом из текстильных материалов,Технические параметры: кожа,29,570
793370572,Обувь с верхом из текстильных материалов,Материал: верха,22,570
793370572,Обувь с верхом из текстильных материалов,Материал: верха обуви,19,570
793370572,Обувь с верхом из текстильных материалов,Материал: ов цвет,17,570
793370572,Обувь с верхом из текстильных материалов,Технические параметры: пвх,15,570
793370572,Обувь с верхом из текстильных материалов,Ос: совые кроссовки россия,13,570
793370572,Обувь с верхом из текстильных материалов,Характеристика: . м,12,570
793370572,Обувь с верхом из текстильных материалов,Материал: ов подносок,12,570
793370572,Обувь с верхом из текстильных материалов,Технические параметры: резина,12,570
793370572,Обувь с верхом из текстильных материалов,Характеристика: fast,11,570
793370572,Обувь с верхом из текстильных материалов,Объем: италия,11,570
793370572,Обувь с верхом из текстильных материалов,Характеристика: vibram,11,570
793370572,Обувь с верхом из текстильных материалов,Характеристика: boa,11,570
793370572,Обувь с верхом из текстильных материалов,Характеристика: uruguay,11,570
793370572,Обувь с верхом из текстильных материалов,Характеристика: gore-tex,11,570
793370578,Обувь валяная,Материал: верха обуви,27,242
793370578,Обувь валяная,Характеристика: шерсть,22,242
793370578,Обувь валяная,Технические параметры: резина,20,242
793370578,Обувь валяная,Материал: подошвы,20,242
793370578,Обувь валяная,Характеристика: iii,14,242
793370578,Обувь валяная,Ос: сия,14,242
793370578,Обувь валяная,Характеристика: россия,14,242
793370578,Обувь валяная,Назначение: рекомендованы для эксплуатации во ii iii iv и особ,12,242
793370578,Обувь валяная,Ос: обом климатических поясах материал подош,12,242
793370578,Обувь валяная,Размер: 32,10,242
793370578,Обувь валяная,Характеристика: серый,8,242
793370578,Обувь валяная,Технические параметры: кожа,7,242
793370578,Обувь валяная,Характеристика: salma,7,242
793370578,Обувь валяная,Цвет: изделия,7,242
793370578,Обувь валяная,Объем: белый,7,242
793370578,Обувь валяная,Характеристика: lbl,7,242
793370578,Обувь валяная,Технические параметры: китай,7,242
793370578,Обувь валяная,Цвет: серый модель,5,242
793370578,Обувь валяная,Цвет: серый материал подош,2,242
793370578,Обувь валяная,Материал: натуральная шерсть процент,2,242
793370580,Обувь с защитным металлическим подноском,Характеристика: россия,206,3574
793370580,Обувь с защитным металлическим подноском,Цвет: черный,171,3574
793370580,Обувь с защитным металлическим подноском,Материал: подошвы,148,3574
793370580,Обувь с защитным металлическим подноском,Материал: верха,143,3574
793370580,Обувь с защитным металлическим подноском,Ос: сия,112,3574
793370580,Обувь с защитным металлическим подноском,Материал: верха обуви,95,3574
793370580,Обувь с защитным металлическим подноском,Характеристика: . м,90,3574
793370580,Обувь с защитным металлическим подноском,Технические параметры: пвх,88,3574
793370580,Обувь с защитным металлическим подноском,Объем: металлический,85,3574
793370580,Обувь с защитным металлическим подноском,Объем: белый,82,3574
793370580,Обувь с защитным металлическим подноском,Ос: ками россия,74,3574
793370580,Обувь с защитным металлическим подноском,Характеристика: pro,55,3574
793370580,Обувь с защитным металлическим подноском,Характеристика: micro,55,3574
793370580,Обувь с защитным металлическим подноском,Технические параметры: кожа,53,3574
793370580,Обувь с защитным металлическим подноском,Цвет: синий,48,3574
793370580,Обувь с защитным металлическим подноском,Характеристика: steam,46,3574
793370580,Обувь с защитным металлическим подноском,Технические параметры: . в,45,3574
793370580,Обувь с защитным металлическим подноском,Размер: 38 см,34,3574
793370580,Обувь с защитным металлическим подноском,Высота: 38,34,3574
793370580,Обувь с защитным металлическим подноском,Ос: лойный пвх проколозащитные прокладки,31,3574
793370590,Обувь специальная диэлектрическая,Технические параметры: резина,6,44
793370590,Обувь специальная диэлектрическая,Размер: 42,5,44
793370590,Обувь специальная диэлектрическая,Тип: а а также в открытых при условии отсутствия дождя,4,44
793370590,Обувь специальная диэлектрическая,Материал: верха обуви,4,44
793370590,Обувь специальная диэлектрическая,Назначение: боты обеспечивают дополнительную защиту от поражен,4,44
793370590,Обувь специальная диэлектрическая,Ос: сия,3,44
793370590,Обувь специальная диэлектрическая,Характеристика: россия,3,44
793370590,Обувь специальная диэлектрическая,Вид: обуви боты диэлектрические защитные свойства,3,44
793370590,Обувь специальная диэлектрическая,Вид: ы обуви специальной обувь специальная диэлектри,2,44
793370590,Обувь специальная диэлектрическая,Материал: подошвы,2,44
793370590,Обувь специальная диэлектрическая,Технические параметры: 42 в,2,44
793370590,Обувь специальная диэлектрическая,Характеристика: 45 м,2,44
793370590,Обувь специальная диэлектрическая,Вид: продукции товары виды обуви обувь специальна,1,44
793370590,Обувь специальная диэлектрическая,Вид: товара боты диэлектрические модель боты диэл,1,44
793370590,Обувь специальная диэлектрическая,Материал: резина процент,1,44
793370590,Обувь специальная диэлектрическая,Вид: товара боты метод крепления формовой размер,1,44
793370592,Обувь специальная из полимерных материалов для защиты от механических воздействий для работающих в угольных шахтах и разрезах,Материал: ов для защиты от механических,65,684
793370592,Обувь специальная из полимерных материалов для защиты от механических воздействий для работающих в угольных шахтах и разрезах,Характеристика: россия,53,684
793370592,Обувь специальная из полимерных материалов для защиты от механических воздействий для работающих в угольных шахтах и разрезах,Ос: сия,52,684
793370592,Обувь специальная из полимерных материалов для защиты от механических воздействий для работающих в угольных шахтах и разрезах,Технические параметры: пвх,38,684
793370592,Обувь специальная из полимерных материалов для защиты от механических воздействий для работающих в угольных шахтах и разрезах,Размер: 383 мм,38,684
793370592,Обувь специальная из полимерных материалов для защиты от механических воздействий для работающих в угольных шахтах и разрезах,Цвет: черный,36,684
793370592,Обувь специальная из полимерных материалов для защиты от механических воздействий для работающих в угольных шахтах и разрезах,Цвет: синий,32,684
793370592,Обувь специальная из полимерных материалов для защиты от механических воздействий для работающих в угольных шахтах и разрезах,Вид: ы обуви специальной обувь специальная из полиме,30,684
793370592,Обувь специальная из полимерных материалов для защиты от механических воздействий для работающих в угольных шахтах и разрезах,Высота: 383,24,684
793370592,Обувь специальная из полимерных материалов для защиты от механических воздействий для работающих в угольных шахтах и разрезах,Вид: продукции товары вид товаров обувь виды обув,20,684
793370592,Обувь специальная из полимерных материалов для защиты от механических воздействий для работающих в угольных шахтах и разрезах,Технические параметры: резина,11,684
793370592,Обувь специальная из полимерных материалов для защиты от механических воздействий для работающих в угольных шахтах и разрезах,Ос: тям а расположенный под углом рисунок пр,11,684
793370592,Обувь специальная из полимерных материалов для защиты от механических воздействий для работающих в угольных шахтах и разрезах,Ос: тойкая кислотощелочестойкая устойчивая,11,684
793370592,Обувь специальная из полимерных материалов для защиты от механических воздействий для работающих в угольных шахтах и разрезах,Цвет: черный подошва,9,684
793370592,Обувь специальная из полимерных материалов для защиты от механических воздействий для работающих в угольных шахтах и разрезах,Ос: лойный вкладной чулок шерстяной мех на,9,684
793370592,Обувь специальная из полимерных материалов для защиты от механических воздействий для работающих в угольных шахтах и разрезах,Материал: верха,8,684
793370592,Обувь специальная из полимерных материалов для защиты от механических воздействий для работающих в угольных шахтах и разрезах,Ос: ть на маслянистых поверхностях из пвх ме,7,684
793370592,Обувь специальная из полимерных материалов для защиты от механических воздействий для работающих в угольных шахтах и разрезах,Характеристика: 4x,7,684
793370592,Обувь специальная из полимерных материалов для защиты от механических воздействий для работающих в угольных шахтах и разрезах,Цвет: оливковый масса,7,684
793370592,Обувь специальная из полимерных материалов для защиты от механических воздействий для работающих в угольных шахтах и разрезах,Характеристика: fire,7,684
793370594,Обувь специальная кожаная для защиты от механических воздействий,Технические параметры: кожа,949,12850
793370594,Обувь специальная кожаная для защиты от механических воздействий,Характеристика: россия,863,12850
793370594,Обувь специальная кожаная для защиты от механических воздействий,Цвет: черный,848,12850
793370594,Обувь специальная кожаная для защиты от механических воздействий,Ос: сия,641,12850
793370594,Обувь специальная кожаная для защиты от механических воздействий,Материал: подошвы,539,12850
793370594,Обувь специальная кожаная для защиты от механических воздействий,Материал: верха обуви,499,12850
793370594,Обувь специальная кожаная для защиты от механических воздействий,Технические параметры: резина,238,12850
793370594,Обувь специальная кожаная для защиты от механических воздействий,Характеристика: . м,220,12850
793370594,Обувь специальная кожаная для защиты от механических воздействий,Материал: стельки,184,12850
793370594,Обувь специальная кожаная для защиты от механических воздействий,Ос: ти на транспорте и в агропромышленном ко,170,12850
793370594,Обувь специальная кожаная для защиты от механических воздействий,Характеристика: 2 м,160,12850
793370594,Обувь специальная кожаная для защиты от механических воздействий,Характеристика: retor,148,12850
793370594,Обувь специальная кожаная для защиты от механических воздействий,Характеристика: steam,147,12850
793370594,Обувь специальная кожаная для защиты от механических воздействий,Цвет: черный модель,144,12850
793370594,Обувь специальная кожаная для защиты от механических воздействий,Ос: ками россия,140,12850
793370594,Обувь специальная кожаная для защиты от механических воздействий,Характеристика: coolmax,133,12850
793370594,Обувь специальная кожаная для защиты от механических воздействий,Характеристика: artico,130,12850
793370594,Обувь специальная кожаная для защиты от механических воздействий,Технические параметры: . в,129,12850
793370594,Обувь специальная кожаная для защиты от механических воздействий,Вид: ы обуви специальной обувь специальная кожаная д,126,12850
793370594,Обувь специальная кожаная для защиты от механических воздействий,Размер: 5 см,119,12850
793370596,"Обувь специальная кожаная для защиты от нефти, нефтепродуктов, кислот, щелочей, нетоксичной и взрывоопасной пыли",Технические параметры: кожа,103,1450
793370596,"Обувь специальная кожаная для защиты от нефти, нефтепродуктов, кислот, щелочей, нетоксичной и взрывоопасной пыли",Цвет: черный,95,1450
793370596,"Обувь специальная кожаная для защиты от нефти, нефтепродуктов, кислот, щелочей, нетоксичной и взрывоопасной пыли",Характеристика: россия,78,1450
793370596,"Обувь специальная кожаная для защиты от нефти, нефтепродуктов, кислот, щелочей, нетоксичной и взрывоопасной пыли",Ос: сия,66,1450
793370596,"Обувь специальная кожаная для защиты от нефти, нефтепродуктов, кислот, щелочей, нетоксичной и взрывоопасной пыли",Вид: ы обуви специальной обувь специальная кожаная д,57,1450
793370596,"Обувь специальная кожаная для защиты от нефти, нефтепродуктов, кислот, щелочей, нетоксичной и взрывоопасной пыли",Технические параметры: резина,45,1450
793370596,"Обувь специальная кожаная для защиты от нефти, нефтепродуктов, кислот, щелочей, нетоксичной и взрывоопасной пыли",Размер: 44,41,1450
793370596,"Обувь специальная кожаная для защиты от нефти, нефтепродуктов, кислот, щелочей, нетоксичной и взрывоопасной пыли",Цвет: черный подошва,36,1450
793370596,"Обувь специальная кожаная для защиты от нефти, нефтепродуктов, кислот, щелочей, нетоксичной и взрывоопасной пыли",Объем: италия,31,1450
793370596,"Обувь специальная кожаная для защиты от нефти, нефтепродуктов, кислот, щелочей, нетоксичной и взрывоопасной пыли",Характеристика: . м,25,1450
793370596,"Обувь специальная кожаная для защиты от нефти, нефтепродуктов, кислот, щелочей, нетоксичной и взрывоопасной пыли",Характеристика: vibram,24,1450
793370596,"Обувь специальная кожаная для защиты от нефти, нефтепродуктов, кислот, щелочей, нетоксичной и взрывоопасной пыли",Вид: продукции товары вид товаров обувь виды обув,20,1450
793370596,"Обувь специальная кожаная для защиты от нефти, нефтепродуктов, кислот, щелочей, нетоксичной и взрывоопасной пыли",Имеется: отделка из световозвращающего,18,1450
793370596,"Обувь специальная кожаная для защиты от нефти, нефтепродуктов, кислот, щелочей, нетоксичной и взрывоопасной пыли",Ос: лойный утеплитель натуральный мех шелтер,18,1450
793370596,"Обувь специальная кожаная для защиты от нефти, нефтепродуктов, кислот, щелочей, нетоксичной и взрывоопасной пыли",Цвет: черный модель,17,1450
793370596,"Обувь специальная кожаная для защиты от нефти, нефтепродуктов, кислот, щелочей, нетоксичной и взрывоопасной пыли",Характеристика: mg,17,1450
793370596,"Обувь специальная кожаная для защиты от нефти, нефтепродуктов, кислот, щелочей, нетоксичной и взрывоопасной пыли",Цвет: черный вид продукции,15,1450
793370596,"Обувь специальная кожаная для защиты от нефти, нефтепродуктов, кислот, щелочей, нетоксичной и взрывоопасной пыли",Цвет: черный защитные свой,14,1450
793370596,"Обувь специальная кожаная для защиты от нефти, нефтепродуктов, кислот, щелочей, нетоксичной и взрывоопасной пыли",Ос: ть комфортность и повышенные теплозащитн,12,1450
793370596,"Обувь специальная кожаная для защиты от нефти, нефтепродуктов, кислот, щелочей, нетоксичной и взрывоопасной пыли",Характеристика: i-ii,12,1450
793370598,Обувь специальная кожаная для защиты от повышенных температур,Материал: подошвы,67,793
793370598,Обувь специальная кожаная для защиты от повышенных температур,Технические параметры: кожа,66,793
793370598,Обувь специальная кожаная для защиты от повышенных температур,Характеристика: россия,64,793
793370598,Обувь специальная кожаная для защиты от повышенных температур,Технические параметры: резина,54,793
793370598,Обувь специальная кожаная для защиты от повышенных температур,Цвет: черный,50,793
793370598,Обувь специальная кожаная для защиты от повышенных температур,Ос: ки композитный материал верх обуви,44,793
793370598,Обувь специальная кожаная для защиты от повышенных температур,Ос: сия,41,793
793370598,Обувь специальная кожаная для защиты от повышенных температур,Вид: ы обуви специальной обувь специальная кожаная д,28,793
793370598,Обувь специальная кожаная для защиты от повышенных температур,Вид: продукции товары вид товаров обувь виды обув,26,793
793370598,Обувь специальная кожаная для защиты от повышенных температур,Цвет: черный подошва,21,793
793370598,Обувь специальная кожаная для защиты от повышенных температур,Объем: металл,14,793
793370598,Обувь специальная кожаная для защиты от повышенных температур,Ос: ками из композитного материала россия,14,793
793370598,Обувь специальная кожаная для защиты от повышенных температур,Материал: а россия,14,793
793370598,Обувь специальная кожаная для защиты от повышенных температур,Ос: ти от защитных свойств защита от искр,13,793
793370598,Обувь специальная кожаная для защиты от повышенных температур,Назначение: обуви в зависимости от защитных свойств защита,13,793
793370598,Обувь специальная кожаная для защиты от повышенных температур,Материал: стельки,13,793
793370598,Обувь специальная кожаная для защиты от повышенных температур,Характеристика: . м,12,793
793370598,Обувь специальная кожаная для защиты от повышенных температур,Ос: ти неутепленная вид подноска метал,12,793
793370598,Обувь специальная кожаная для защиты от повышенных температур,Ос: тойкая маслобензостойкая материал стельк,12,793
793370598,Обувь специальная кожаная для защиты от повышенных температур,Вид: обуви по сезонности неутепленная вид подноска,12,793
793370600,Обувь специальная кожаная для защиты от скольжения по зажиренным поверхностям,Технические параметры: кожа,9,189
793370600,Обувь специальная кожаная для защиты от скольжения по зажиренным поверхностям,Цвет: черный,9,189
793370600,Обувь специальная кожаная для защиты от скольжения по зажиренным поверхностям,Характеристика: россия,9,189
793370600,Обувь специальная кожаная для защиты от скольжения по зажиренным поверхностям,Характеристика: dermodry,8,189
793370600,Обувь специальная кожаная для защиты от скольжения по зажиренным поверхностям,Характеристика: coolmax,8,189
793370600,Обувь специальная кожаная для защиты от скольжения по зажиренным поверхностям,Характеристика: steam,8,189
793370600,Обувь специальная кожаная для защиты от скольжения по зажиренным поверхностям,Объем: белый,7,189
793370600,Обувь специальная кожаная для защиты от скольжения по зажиренным поверхностям,Ос: сия,7,189
793370600,Обувь специальная кожаная для защиты от скольжения по зажиренным поверхностям,Цвет: черный модель,7,189
793370600,Обувь специальная кожаная для защиты от скольжения по зажиренным поверхностям,Технические параметры: резина,6,189
793370600,Обувь специальная кожаная для защиты от скольжения по зажиренным поверхностям,Технические параметры: китай,6,189
793370600,Обувь специальная кожаная для защиты от скольжения по зажиренным поверхностям,Ос: тям от электростатических зарядов и поле,6,189
793370600,Обувь специальная кожаная для защиты от скольжения по зажиренным поверхностям,Ос: ок алюминиевый половой признак муж,6,189
793370600,Обувь специальная кожаная для защиты от скольжения по зажиренным поверхностям,Ос: тям защитные свойства защищают от неф,6,189
793370600,Обувь специальная кожаная для защиты от скольжения по зажиренным поверхностям,Материал: подошвы,6,189
793370600,Обувь специальная кожаная для защиты от скольжения по зажиренным поверхностям,Цвет: белый верх обуви,5,189
793370600,Обувь специальная кожаная для защиты от скольжения по зажиренным поверхностям,Характеристика: camille,5,189
793370600,Обувь специальная кожаная для защиты от скольжения по зажиренным поверхностям,Характеристика: mesh,5,189
793370600,Обувь специальная кожаная для защиты от скольжения по зажиренным поверхностям,Ос: тям подошва промежуточный слой эва,3,189
793370600,Обувь специальная кожаная для защиты от скольжения по зажиренным поверхностям,Вид: ы обуви обувь специальная виды обуви специально,3,189
793370602,Сапоги резиновые формовые,Характеристика: россия,163,1566
793370602,Сапоги резиновые формовые,Ос: сия,141,1566
793370602,Сапоги резиновые формовые,Размер: 43,139,1566
793370602,Сапоги резиновые формовые,Технические параметры: пвх,133,1566
793370602,Сапоги резиновые формовые,Материал: подошвы,118,1566
793370602,Сапоги резиновые формовые,Цвет: черный,67,1566
793370602,Сапоги резиновые формовые,Материал: верха,61,1566
793370602,Сапоги резиновые формовые,Объем: металлический,32,1566
793370602,Сапоги резиновые формовые,Характеристика: . м,31,1566
793370602,Сапоги резиновые формовые,Вид: товаров обувь виды обуви обувь специальная в,31,1566
793370602,Сапоги резиновые формовые,Цвет: синий,29,1566
793370602,Сапоги резиновые формовые,Технические параметры: резина,27,1566
793370602,Сапоги резиновые формовые,Материал: верха обуви,26,1566
793370602,Сапоги резиновые формовые,Ос: лойный пвх метод крепления подошвы ли,19,1566
793370602,Сапоги резиновые формовые,Применение: м специальной полиуретановой системы и особой нитр,15,1566
793370602,Сапоги резиновые формовые,Ос: обенности модели текстильная манжета,15,1566
793370602,Сапоги резиновые формовые,Ос: обой нитрильной резины на ходовом слое п,15,1566
793370602,Сапоги резиновые формовые,Ос: лойный пвх подкладка трикотаж пол,14,1566
793370602,Сапоги резиновые формовые,Изготовлен: ы из высококачественного пласт,10,1566
793370602,Сапоги резиновые формовые,Ос: ком нордман актив с белые россия,10,1566
793370606,Кроссовки,Цвет: синий,8,62
793370606,Кроссовки,Материал: верха,8,62
793370606,Кроссовки,Нет: материал подошвы полиуретан,8,62
793370606,Кроссовки,Страна: происхождения рос,8,62
793370606,Кроссовки,Цвет: темно-синий размер,8,62
793370606,Кроссовки,Характеристика: россия,8,62
793370606,Кроссовки,Материал: подошвы,8,62
793370606,Кроссовки,Размер: 39,1,62
793370606,Кроссовки,Размер: 42,1,62
793370606,Кроссовки,Размер: 43,1,62
793370606,Кроссовки,Размер: 44,1,62
793370606,Кроссовки,Размер: 45,1,62
793370606,Кроссовки,Размер: 46,1,62
793370608,Галоши резиновые клееные для взрослых,Ос: сия,2,12
793370608,Галоши резиновые клееные для взрослых,Технические параметры: резина,2,12
793370608,Галоши резиновые клееные для взрослых,Характеристика: россия,2,12
793370608,Галоши резиновые клееные для взрослых,Материал: морозостойкая резина,2,12
793370608,Галоши резиновые клееные для взрослых,Ос: лых метод крепления подошвы формовой,1,12
793370608,Галоши резиновые клееные для взрослых,Размер: 28,1,12
793370608,Галоши резиновые клееные для взрослых,Вид: товара галоши на валенки модель галоши на ва,1,12
793370608,Галоши резиновые клееные для взрослых,Размер: 29,1,12
793370612,Туфли на подошве и с верхом из резины или пластмассы повседневная,Объем: белый,30,330
793370612,Туфли на подошве и с верхом из резины или пластмассы повседневная,Ос: сия,23,330
793370612,Туфли на подошве и с верхом из резины или пластмассы повседневная,Характеристика: россия,23,330
793370612,Туфли на подошве и с верхом из резины или пластмассы повседневная,Технические параметры: кожа,22,330
793370612,Туфли на подошве и с верхом из резины или пластмассы повседневная,Характеристика: dec-smart,14,330
793370612,Туфли на подошве и с верхом из резины или пластмассы повседневная,Характеристика: doria,14,330
793370612,Туфли на подошве и с верхом из резины или пластмассы повседневная,Характеристика: coolmax,14,330
793370612,Туфли на подошве и с верхом из резины или пластмассы повседневная,Технические параметры: резина,14,330
793370612,Туфли на подошве и с верхом из резины или пластмассы повседневная,Цвет: белый с серым принто,14,330
793370612,Туфли на подошве и с верхом из резины или пластмассы повседневная,Характеристика: mug,14,330
793370612,Туфли на подошве и с верхом из резины или пластмассы повседневная,Технические параметры: . в,11,330
793370612,Туфли на подошве и с верхом из резины или пластмассы повседневная,Цвет: белый верх обуви,8,330
793370612,Туфли на подошве и с верхом из резины или пластмассы повседневная,Ос: адка на стопе снижают до минимума возмож,8,330
793370612,Туфли на подошве и с верхом из резины или пластмассы повседневная,Материал: верха обуви,8,330
793370612,Туфли на подошве и с верхом из резины или пластмассы повседневная,Технические параметры: китай,7,330
793370612,Туфли на подошве и с верхом из резины или пластмассы повседневная,Характеристика: . м,7,330
793370612,Туфли на подошве и с верхом из резины или пластмассы повседневная,Характеристика: oxyfoam,7,330
793370612,Туфли на подошве и с верхом из резины или пластмассы повседневная,Цвет: синий,6,330
793370612,Туфли на подошве и с верхом из резины или пластмассы повседневная,Цвет: синий подошва,6,330
793370612,Туфли на подошве и с верхом из резины или пластмассы повседневная,Тип: а сабо нордман шарк с эва синие россия,5,330
793370618,Обувь зимняя с верхом из кожи,Технические параметры: кожа,44,485
793370618,Обувь зимняя с верхом из кожи,Цвет: черный,42,485
793370618,Обувь зимняя с верхом из кожи,Материал: верха,26,485
793370618,Обувь зимняя с верхом из кожи,Ос: сия,26,485
793370618,Обувь зимняя с верхом из кожи,Характеристика: россия,26,485
793370618,Обувь зимняя с верхом из кожи,Материал: подошвы,23,485
793370618,Обувь зимняя с верхом из кожи,Технические параметры: резина,19,485
793370618,Обувь зимняя с верхом из кожи,Цвет: черный модель,16,485
793370618,Обувь зимняя с верхом из кожи,Вид: ы обуви с верхом из кожи обувь зимняя с верхом,9,485
793370618,Обувь зимняя с верхом из кожи,Вид: продукции товары виды обуви обувь с верхом и,8,485
793370618,Обувь зимняя с верхом из кожи,Цвет: черный вид продукции,8,485
793370618,Обувь зимняя с верхом из кожи,Материал: стельки,7,485
793370618,Обувь зимняя с верхом из кожи,Ос: ка композитный материал подошвы по,7,485
793370618,Обувь зимняя с верхом из кожи,Материал: подноска,7,485
793370618,Обувь зимняя с верхом из кожи,Ос: нове с шерстяным ворсом утеплитель шелте,7,485
793370618,Обувь зимняя с верхом из кожи,Размер: 27 см,7,485
793370618,Обувь зимняя с верхом из кожи,Объем: металлический,7,485
793370618,Обувь зимняя с верхом из кожи,Нет: наличие отделки из световозвра,6,485
793370618,Обувь зимняя с верхом из кожи,Вид: обуви сапоги литьевые высота голенища 27 см,6,485
793370618,Обувь зимняя с верхом из кожи,Назначение: для тяжелых работ в различных отраслях промышленно,6,485
793370620,Обувь летняя с верхом из кожи,Технические параметры: кожа,56,657
793370620,Обувь летняя с верхом из кожи,Цвет: черный,51,657
793370620,Обувь летняя с верхом из кожи,Характеристика: россия,41,657
793370620,Обувь летняя с верхом из кожи,Ос: сия,37,657
793370620,Обувь летняя с верхом из кожи,Материал: верха,31,657
793370620,Обувь летняя с верхом из кожи,Размер: 42,28,657
793370620,Обувь летняя с верхом из кожи,Цвет: черный модель,26,657
793370620,Обувь летняя с верхом из кожи,Объем: металлический,13,657
793370620,Обувь летняя с верхом из кожи,Характеристика: zero,11,657
793370620,Обувь летняя с верхом из кожи,Характеристика: apt,11,657
793370620,Обувь летняя с верхом из кожи,Характеристика: plate,11,657
793370620,Обувь летняя с верхом из кожи,Характеристика: perforation,11,657
793370620,Обувь летняя с верхом из кожи,Характеристика: artico,10,657
793370620,Обувь летняя с верхом из кожи,Материал: подкладки,10,657
793370620,Обувь летняя с верхом из кожи,Характеристика: retor,8,657
793370620,Обувь летняя с верхом из кожи,Технические параметры: коричневый,8,657
793370620,Обувь летняя с верхом из кожи,Характеристика: iso,8,657
793370620,Обувь летняя с верхом из кожи,Ос: ти на транспорте и в агропромышленном ко,7,657
793370620,Обувь летняя с верхом из кожи,Назначение: для работы в нефтегазовой энергетической химическо,7,657
793370620,Обувь летняя с верхом из кожи,Ос: тойкий внутренний защитный носок алюм,7,657
793370622,Обувь осенне-весенняя с верхом из кожи,Цвет: черный,23,193
793370622,Обувь осенне-весенняя с верхом из кожи,Материал: верха,17,193
793370622,Обувь осенне-весенняя с верхом из кожи,Цвет: черный модель,14,193
793370622,Обувь осенне-весенняя с верхом из кожи,Ос: лойный вкладной чулок шерстяной мех на,14,193
793370622,Обувь осенне-весенняя с верхом из кожи,Вид: ы обуви с верхом из кожи обувь осенне-весенняя,11,193
793370622,Обувь осенне-весенняя с верхом из кожи,Ос: сия,10,193
793370622,Обувь осенне-весенняя с верхом из кожи,Характеристика: россия,10,193
793370622,Обувь осенне-весенняя с верхом из кожи,Технические параметры: кожа,9,193
793370622,Обувь осенне-весенняя с верхом из кожи,Характеристика: ripstop,9,193
793370622,Обувь осенне-весенняя с верхом из кожи,Ос: енне-весенняя с верхом из кожи высота,9,193
793370622,Обувь осенне-весенняя с верхом из кожи,Ос: енне-весенняя с верхом из кожи модель,9,193
793370622,Обувь осенне-весенняя с верхом из кожи,Объем: металлический,6,193
793370622,Обувь осенне-весенняя с верхом из кожи,Характеристика: шерсть,5,193
793370622,Обувь осенне-весенняя с верхом из кожи,Характеристика: .м,5,193
793370622,Обувь осенне-весенняя с верхом из кожи,Характеристика: oxford,5,193
793370622,Обувь осенне-весенняя с верхом из кожи,Цвет: черный отделка,5,193
793370622,Обувь осенне-весенняя с верхом из кожи,Цвет: черный вид товаров,4,193
793370622,Обувь осенне-весенняя с верхом из кожи,Ос: енне-весенняя с верхом из кожи внутренни,3,193
793370622,Обувь осенне-весенняя с верхом из кожи,Вид: е галоши из эва этиленвинилацетата пол мужско,3,193
793370622,Обувь осенне-весенняя с верхом из кожи,Размер: 45,2,193
793370624,Обувь повседневная с верхом из кожи,Технические параметры: кожа,149,1318
793370624,Обувь повседневная с верхом из кожи,Ос: сия,104,1318
793370624,Обувь повседневная с верхом из кожи,Характеристика: россия,104,1318
793370624,Обувь повседневная с верхом из кожи,Размер: 39,98,1318
793370624,Обувь повседневная с верхом из кожи,Объем: белый,88,1318
793370624,Обувь повседневная с верхом из кожи,Материал: верха,84,1318
793370624,Обувь повседневная с верхом из кожи,Цвет: черный,80,1318
793370624,Обувь повседневная с верхом из кожи,Материал: подошвы,63,1318
793370624,Обувь повседневная с верхом из кожи,Материал: верха обуви,43,1318
793370624,Обувь повседневная с верхом из кожи,Характеристика: . м,41,1318
793370624,Обувь повседневная с верхом из кожи,Технические параметры: пвх,33,1318
793370624,Обувь повседневная с верхом из кожи,Технические параметры: . в,27,1318
793370624,Обувь повседневная с верхом из кожи,Цвет: белый модель,15,1318
793370624,Обувь повседневная с верхом из кожи,Технические параметры: резина,12,1318
793370624,Обувь повседневная с верхом из кожи,Технические параметры: китай,12,1318
793370624,Обувь повседневная с верхом из кожи,Вид: ы обуви с верхом из кожи обувь повседневная с в,11,1318
793370624,Обувь повседневная с верхом из кожи,Цвет: белый метод креплени,11,1318
793370624,Обувь повседневная с верхом из кожи,Вид: продукции товары вид товаров обувь виды обув,10,1318
793370624,Обувь повседневная с верхом из кожи,Технические параметры: 39 в,9,1318
793370624,Обувь повседневная с верхом из кожи,Ос: обенности модели добный ремешок регул,9,1318
793370684,"Платки (шали, парео), косынки (банданы)",Объем: хлопок,2,17
793370684,"Платки (шали, парео), косынки (банданы)",Объем: белый,2,17
793370684,"Платки (шали, парео), косынки (банданы)",Ос: ынка россия,2,17
793370684,"Платки (шали, парео), косынки (банданы)",Характеристика: россия,2,17
793370684,"Платки (шали, парео), косынки (банданы)",Материал: бязь,1,17
793370684,"Платки (шали, парео), косынки (банданы)",Размер: 54,1,17
793370684,"Платки (шали, парео), косынки (банданы)",Вид: головных уборов уборы головные летние демисезон,1,17
793370684,"Платки (шали, парео), косынки (банданы)",Цвет: белый ширина,1,17
793370684,"Платки (шали, парео), косынки (банданы)",Вид: ы уборов головных летних демисезонных платки ш,1,17
793370684,"Платки (шали, парео), косынки (банданы)",Размер: 54-62,1,17
793370684,"Платки (шали, парео), косынки (банданы)",Характеристика: 2 м,1,17
793370684,"Платки (шали, парео), косынки (банданы)",Состав: материала,1,17
793370684,"Платки (шали, парео), косынки (банданы)",Цвет: белый модель,1,17
793371056,Ограждения металлические барьерные,Страна: производства росс,2,10
793371056,Ограждения металлические барьерные,Характеристика: россия,2,10
793371056,Ограждения металлические барьерные,Технические параметры: красный,2,10
793371056,Ограждения металлические барьерные,Цвет: бело-красный толщина,1,10
793371056,Ограждения металлические барьерные,Цвет: бело-красный ширина,1,10
793371056,Ограждения металлические барьерные,Назначение: сигнальная лента страна производства россия тип,1,10
793371056,Ограждения металлические барьерные,Ос: сия,1,10
793371954,Фартуки профессиональные,Ос: сия,2,29
793371954,Фартуки профессиональные,Характеристика: россия,2,29
793371954,Фартуки профессиональные,Цвет: черный,1,29
793371954,Фартуки профессиональные,Назначение: изделия защита нижней части работающего плотнос,1,29
793371954,Фартуки профессиональные,Нет: вид защиты от воды и раство,1,29
793371954,Фартуки профессиональные,Цвет: черный вид продукции,1,29
793371954,Фартуки профессиональные,Наличие: дополнительных элементов на од,1,29
793371954,Фартуки профессиональные,Вид: ы одежды специальной фартуки профессиональные н,1,29
793371954,Фартуки профессиональные,Вид: объекта предприятие общественного питания грузо,1,29
793371954,Фартуки профессиональные,Изготовлен: ие и нанесение логотипа,1,29
793371954,Фартуки профессиональные,Состав: е комплекта,1,29
793371954,Фартуки профессиональные,Ос: об поставки товара по заявке партиям,1,29
793371954,Фартуки профессиональные,Нет: модель - россия,1,29
793371954,Фартуки профессиональные,Цвет: синий,1,29
793371954,Фартуки профессиональные,Характеристика: evatex,1,29
793371954,Фартуки профессиональные,Характеристика: . м,1,29
793371954,Фартуки профессиональные,Объем: . л,1,29
793371954,Фартуки профессиональные,Технические параметры: пвх,1,29
793371954,Фартуки профессиональные,Характеристика: haccper,1,29
793371954,Фартуки профессиональные,Размер: 83 см,1,29
793372516,Емкости для инструментов,Вид: ы приспособлений для хранения и переноски инструме,12,64
793372516,Емкости для инструментов,Цвет: черный,5,64
793372516,Емкости для инструментов,Технические параметры: кожа,5,64
793372516,Емкости для инструментов,Характеристика: россия,5,64
793372516,Емкости для инструментов,Вид: товаров товары для ремонта или строительства ви,4,64
793372516,Емкости для инструментов,Ос: сия,4,64
793372516,Емкости для инструментов,Цвет: черный вид товаров,4,64
793372516,Емкости для инструментов,Вид: ы инструмента и оборудования инструментального,4,64
793372516,Емкости для инструментов,Материал: кожа,3,64
793372516,Емкости для инструментов,Ос: ти для инструментов модель сумка одно,3,64
793372516,Емкости для инструментов,Назначение: сумка малая односекционная для саморезов гвоздей о,2,64
793372516,Емкости для инструментов,Назначение: конструкция крепежа для молотка позволяет навесить,1,64
793372516,Емкости для инструментов,Материал: изделия,1,64
793372516,Емкости для инструментов,Ос: ти для инструментов толщина материала,1,64
793372516,Емкости для инструментов,Цвет: черный материал,1,64
793372516,Емкости для инструментов,Ос: екционная для саморезов гвоздей описание,1,64
793372516,Емкости для инструментов,Ос: екционная мастер россия,1,64
793372516,Емкости для инструментов,Назначение: позволяет переносить основной инструмент необходим,1,64
793372516,Емкости для инструментов,Ос: ить основной инструмент необходимый для,1,64
793372516,Емкости для инструментов,Ос: нащена скобой для крепления рулетки двум,1,64
793373080,Перчаточные изделия бытового назначения,Цвет: черный,7,61
793373080,Перчаточные изделия бытового назначения,Цвет: черный модель,5,61
793373080,Перчаточные изделия бытового назначения,Технические параметры: кожа,3,61
793373080,Перчаточные изделия бытового назначения,Ос: сия,3,61
793373080,Перчаточные изделия бытового назначения,Характеристика: россия,3,61
793373080,Перчаточные изделия бытового назначения,Материал: подкладки,3,61
793373080,Перчаточные изделия бытового назначения,Вид: покрытия тыльная и ладонная части перчаток усил,3,61
793373080,Перчаточные изделия бытового назначения,Характеристика: 3м,3,61
793373080,Перчаточные изделия бытового назначения,Характеристика: . м,3,61
793373080,Перчаточные изделия бытового назначения,Характеристика: шерсть,3,61
793373080,Перчаточные изделия бытового назначения,Назначение: защита от пониженных температур. могут использоват,3,61
793373080,Перчаточные изделия бытового назначения,Размер: 27,3,61
793373080,Перчаточные изделия бытового назначения,Материал: изготовлены из вязаного трикот,2,61
793373080,Перчаточные изделия бытового назначения,Материал: натуральная кожа козленка мате,2,61
793373080,Перчаточные изделия бытового назначения,Вид: продукции товары виды одежды включая форменную,1,61
793373080,Перчаточные изделия бытового назначения,Материал: натуральная кожа цвет,1,61
793373080,Перчаточные изделия бытового назначения,Назначение: для защиты рук от механических воздействий модель,1,61
793373080,Перчаточные изделия бытового назначения,Объем: белый,1,61
793373080,Перчаточные изделия бытового назначения,Цвет: белый вид продукции,1,61
793373080,Перчаточные изделия бытового назначения,Цвет: черный сезон,1,61
793373234,"Приборы бытовые осветительные с питанием от батарей, аккумуляторов",Характеристика: usb-,1,9
793373234,"Приборы бытовые осветительные с питанием от батарей, аккумуляторов",Ос: ветительные с питанием от батарей аккуму,1,9
793373234,"Приборы бытовые осветительные с питанием от батарей, аккумуляторов",Характеристика: cob,1,9
793373234,"Приборы бытовые осветительные с питанием от батарей, аккумуляторов",Характеристика: cree,1,9
793373234,"Приборы бытовые осветительные с питанием от батарей, аккумуляторов",Ос: новной - cree xp-g2 дополнительные - cob,1,9
793373234,"Приборы бытовые осветительные с питанием от батарей, аккумуляторов",Тип: аккумулятора встроенный литий-полимерный время,1,9
793373234,"Приборы бытовые осветительные с питанием от батарей, аккумуляторов",Характеристика: stalker,1,9
793373234,"Приборы бытовые осветительные с питанием от батарей, аккумуляторов",Технические параметры: китай,1,9
793373234,"Приборы бытовые осветительные с питанием от батарей, аккумуляторов",Характеристика: xp-g2,1,9
793375024,Ремни поясные,Цвет: черный,2,15
793375024,Ремни поясные,Технические параметры: кожа,2,15
793375024,Ремни поясные,Ос: сия,2,15
793375024,Ремни поясные,Характеристика: россия,2,15
793375024,Ремни поясные,Цвет: черный модель,2,15
793375024,Ремни поясные,Вид: ремень поясной описание возможна регулировка до,1,15
793375024,Ремни поясные,Материал: ремней,1,15
793375024,Ремни поясные,Материал: кожа описание,1,15
793375024,Ремни поясные,Ос: ту пристегиваются на шлевки цвет черн,1,15
793375024,Ремни поясные,Вид: ремень поясной со шлёвками для полуколец материал,1,15
793375044,Обувь специальная из полимерных материалов для защиты от механических воздействий,Материал: ов для защиты от механических,121,1280
793375044,Обувь специальная из полимерных материалов для защиты от механических воздействий,Характеристика: россия,90,1280
793375044,Обувь специальная из полимерных материалов для защиты от механических воздействий,Ос: сия,80,1280
793375044,Обувь специальная из полимерных материалов для защиты от механических воздействий,Размер: 3 мм,74,1280
793375044,Обувь специальная из полимерных материалов для защиты от механических воздействий,Вид: ы обуви специальной обувь специальная из полиме,46,1280
793375044,Обувь специальная из полимерных материалов для защиты от механических воздействий,Цвет: черный,35,1280
793375044,Обувь специальная из полимерных материалов для защиты от механических воздействий,Вид: продукции товары вид товаров обувь виды обув,33,1280
793375044,Обувь специальная из полимерных материалов для защиты от механических воздействий,Характеристика: . м,28,1280
793375044,Обувь специальная из полимерных материалов для защиты от механических воздействий,Технические параметры: пвх,25,1280
793375044,Обувь специальная из полимерных материалов для защиты от механических воздействий,Характеристика: серый,21,1280
793375044,Обувь специальная из полимерных материалов для защиты от механических воздействий,Объем: белый,21,1280
793375044,Обувь специальная из полимерных материалов для защиты от механических воздействий,Технические параметры: китай,19,1280
793375044,Обувь специальная из полимерных материалов для защиты от механических воздействий,Цвет: черный вид продукции,19,1280
793375044,Обувь специальная из полимерных материалов для защиты от механических воздействий,Технические параметры: . в,18,1280
793375044,Обувь специальная из полимерных материалов для защиты от механических воздействий,Технические параметры: резина,17,1280
793375044,Обувь специальная из полимерных материалов для защиты от механических воздействий,Материал: верха обуви,15,1280
793375044,Обувь специальная из полимерных материалов для защиты от механических воздействий,Характеристика: den,13,1280
793375044,Обувь специальная из полимерных материалов для защиты от механических воздействий,Характеристика: oxford,13,1280
793375044,Обувь специальная из полимерных материалов для защиты от механических воздействий,Характеристика: artico,12,1280
793375044,Обувь специальная из полимерных материалов для защиты от механических воздействий,Цвет: белый метод креплени,12,1280
793375102,Детали и аксессуары для одежды форменной,Характеристика: россия,8,60
793375102,Детали и аксессуары для одежды форменной,Ос: квы россия,4,60
793375102,Детали и аксессуары для одежды форменной,Изготовлен: ия,3,60
793375102,Детали и аксессуары для одежды форменной,Ос: сия,3,60
793375102,Детали и аксессуары для одежды форменной,Объем: белый,3,60
793375102,Детали и аксессуары для одежды форменной,Вид: ы товаров галантерейных изделий чулочно-носочных,3,60
793375102,Детали и аксессуары для одежды форменной,Тип: застила татами сатин модель шевроны герб мо,3,60
793375102,Детали и аксессуары для одежды форменной,Материал: шеврона,2,60
793375102,Детали и аксессуары для одежды форменной,Вид: аксессуара шеврон материал шеврона сукно кра,2,60
793375102,Детали и аксессуары для одежды форменной,Цвет: синий,2,60
793375102,Детали и аксессуары для одежды форменной,Цвет: материала,1,60
793375102,Детали и аксессуары для одежды форменной,Материал: ниток,1,60
793375102,Детали и аксессуары для одежды форменной,Цвет: вышивки,1,60
793375102,Детали и аксессуары для одежды форменной,Размер: 83 мм,1,60
793375102,Детали и аксессуары для одежды форменной,Ос: нования белый габардин дублерин ста,1,60
793375102,Детали и аксессуары для одежды форменной,Ос: очных элементы одежды цветовая гамма,1,60
793375102,Детали и аксессуары для одежды форменной,Вид: знака различия герб вид товара шеврон высота,1,60
793375102,Детали и аксессуары для одежды форменной,Цвет: овая гамма шеврона,1,60
793375102,Детали и аксессуары для одежды форменной,Материал: сукно красное назначение знака,1,60
793375102,Детали и аксессуары для одежды форменной,Технические параметры: красный,1,60
793376396,Фильтры для общебольничного оборудования,Характеристика: eyewash,1,17
793376396,Фильтры для общебольничного оборудования,Вес: 5 г,1,17
793376396,Фильтры для общебольничного оборудования,Характеристика: plum,1,17
793376396,Фильтры для общебольничного оборудования,Ос: об применения струя жидкости для п,1,17
793376396,Фильтры для общебольничного оборудования,Ос: ти если упаковка не вскрыта то препар,1,17
793376396,Фильтры для общебольничного оборудования,Ос: тав содержит стерильный раствор хлори,1,17
793376396,Фильтры для общебольничного оборудования,Состав: содержит стерильный раствор хл,1,17
793376396,Фильтры для общебольничного оборудования,Ос: тойкой стеклоткани.накидка имеет руково,1,17
793376396,Фильтры для общебольничного оборудования,Вид: е пончо из водо- огне- термостойкой стеклоткани.н,1,17
793376396,Фильтры для общебольничного оборудования,Ос: сия,1,17
793376396,Фильтры для общебольничного оборудования,Размер: 5 см,1,17
793376396,Фильтры для общебольничного оборудования,Ос: ть к воздействию открытого пламени до,1,17
793376396,Фильтры для общебольничного оборудования,Характеристика: .м,1,17
793376396,Фильтры для общебольничного оборудования,Ос: ть к контакту с нагретой твердой поверхн,1,17
793376396,Фильтры для общебольничного оборудования,Назначение: устойчивость к воздействию открытого пламени до,1,17
793376396,Фильтры для общебольничного оборудования,Технические параметры: 5 квт,1,17
793376396,Фильтры для общебольничного оборудования,Характеристика: россия,1,17
793382390,Перчатки смотровые/процедурные и хирургические,Характеристика: ansell,4,46
793382390,Перчатки смотровые/процедурные и хирургические,Характеристика: . м,4,46
793382390,Перчатки смотровые/процедурные и хирургические,Ос: обенности используются в лабораториях,4,46
793382390,Перчатки смотровые/процедурные и хирургические,Ос: ти при сложных сборочных работах. могут,4,46
793382390,Перчатки смотровые/процедурные и хирургические,Характеристика: touchntuff,4,46
793382390,Перчатки смотровые/процедурные и хирургические,Ос: ть области захвата текстурированные к,4,46
793382390,Перчатки смотровые/процедурные и хирургические,Характеристика: jsn9,4,46
793382390,Перчатки смотровые/процедурные и хирургические,Цвет: черный,3,46
793382390,Перчатки смотровые/процедурные и хирургические,Цвет: черный вид товара,3,46
793382390,Перчатки смотровые/процедурные и хирургические,Материал: нитрил размер,3,46
793382390,Перчатки смотровые/процедурные и хирургические,Технические параметры: 9 в,3,46
793382390,Перчатки смотровые/процедурные и хирургические,Размер: 8 5-9,3,46
793382390,Перчатки смотровые/процедурные и хирургические,Вид: товара перчатки материал нитрил размер 7,3,46
793382485,Шапочки медицинские,Вид: товары медицинские медицинские расходные матери,9,74
793382485,Шапочки медицинские,Характеристика: россия,7,74
793382485,Шапочки медицинские,Ос: сия,6,74
793382485,Шапочки медицинские,Объем: белый,5,74
793382485,Шапочки медицинские,Объем: хлопок,3,74
793382485,Шапочки медицинские,Вид: текстиль и полимерные изделия медицинские однократ,3,74
793382485,Шапочки медицинские,Объем: текстиль,3,74
793382485,Шапочки медицинские,Состав: ткани,3,74
793382485,Шапочки медицинские,Материал: ы вид товаров,3,74
793382485,Шапочки медицинские,Технические параметры: 35 в,2,74
793382485,Шапочки медицинские,Цвет: белый модель,2,74
793382485,Шапочки медицинские,Ос: ти головы 54-62 см состав ткани с,1,74
793382485,Шапочки медицинские,Цвет: принт,1,74
793382485,Шапочки медицинские,Технические параметры: . в,1,74
793382485,Шапочки медицинские,Размер: 62 см,1,74
793382485,Шапочки медицинские,Характеристика: .м,1,74
793382485,Шапочки медицинские,Ос: обенно для педиатрических отделений. обх,1,74
793382485,Шапочки медицинские,Назначение: для персонала медицинских учреждений особенно для,1,74
793382485,Шапочки медицинские,Цвет: белый защитные свойс,1,74
793382485,Шапочки медицинские,Цвет: кобальтовый вид текс,1,74
793382486,Салфетки,Цвет: серый модель,1,5
793382486,Салфетки,Вид: чехол-салфетка для очков материал микрофазер на,1,5
793382486,Салфетки,Характеристика: серый,1,5
793382486,Салфетки,Материал: микрофазер назначение,1,5
793382486,Салфетки,Технические параметры: китай,1,5
793382492,"Халат изолирующий, процедурный",Состав: ткани,106,783
793382492,"Халат изолирующий, процедурный",Объем: белый,95,783
793382492,"Халат изолирующий, процедурный",Характеристика: россия,86,783
793382492,"Халат изолирующий, процедурный",Объем: хлопок,85,783
793382492,"Халат изолирующий, процедурный",Ос: сия,81,783
793382492,"Халат изолирующий, процедурный",Характеристика: .м,60,783
793382492,"Халат изолирующий, процедурный",Цвет: белый модель,56,783
793382492,"Халат изолирующий, процедурный",Цвет: белый отделка,43,783
793382492,"Халат изолирующий, процедурный",Вид: товары медицинские медицинские расходные матери,15,783
793382492,"Халат изолирующий, процедурный",Ос: тав ткани 65 полиэфир 35 хлопок цве,12,783
793382492,"Халат изолирующий, процедурный",Назначение: защита от общепроизводственных загрязнений плотнос,11,783
793382492,"Халат изолирующий, процедурный",Характеристика: crf,11,783
793382492,"Халат изолирующий, процедурный",Технические параметры: 35 в,7,783
793382492,"Халат изолирующий, процедурный",Ос: минаемая отделка crf цвет белый модел,6,783
793382492,"Халат изолирующий, процедурный",Цвет: морская волна модель,5,783
793382492,"Халат изолирующий, процедурный",Характеристика: tencel,5,783
793382492,"Халат изолирующий, процедурный",Вид: текстиль и полимерные изделия медицинские однократ,5,783
793382492,"Халат изолирующий, процедурный",Объем: текстиль,5,783
793382492,"Халат изолирующий, процедурный",Материал: ы вид товаров,5,783
793382492,"Халат изолирующий, процедурный",Размер: 92,3,783
793382493,Текстиль общего назначения,Объем: текстиль,375,2532
793382493,Текстиль общего назначения,Состав: ткани,340,2532
793382493,Текстиль общего назначения,Характеристика: .м,300,2532
793382493,Текстиль общего назначения,Цвет: синий,227,2532
793382493,Текстиль общего назначения,Характеристика: россия,154,2532
793382493,Текстиль общего назначения,Ос: сия,133,2532
793382493,Текстиль общего назначения,Объем: белый,131,2532
793382493,Текстиль общего назначения,Объем: хлопок,110,2532
793382493,Текстиль общего назначения,Цвет: белый модель,97,2532
793382493,Текстиль общего назначения,Технические параметры: 35 в,84,2532
793382493,Текстиль общего назначения,Назначение: для защиты от общих производственных загрязнений п,80,2532
793382493,Текстиль общего назначения,Цвет: белый отделка,70,2532
793382493,Текстиль общего назначения,Характеристика: crf,46,2532
793382493,Текстиль общего назначения,Цвет: бирюзовый модель,32,2532
793382493,Текстиль общего назначения,Технические параметры: розовый,32,2532
793382493,Текстиль общего назначения,Ос: тав ткани 65 полиэфир 35 вискоза цвет,23,2532
793382493,Текстиль общего назначения,Ос: синие,13,2532
793382493,Текстиль общего назначения,Ос: синяя,13,2532
793382493,Текстиль общего назначения,Цвет: комбинация белого св,9,2532
793382493,Текстиль общего назначения,Цвет: а лайма модель,8,2532
793382494,Одежда для пациента и посетителей,Объем: белый,3,19
793382494,Одежда для пациента и посетителей,Характеристика: xl,2,19
793382494,Одежда для пациента и посетителей,Материал: первичный воздухопроницаемый н,2,19
793382494,Одежда для пациента и посетителей,Цвет: белый размер халата,2,19
793382494,Одежда для пациента и посетителей,Ос: етителей воротник отложной на стойке,2,19
793382494,Одежда для пациента и посетителей,Технические параметры: китай,2,19
793382494,Одежда для пациента и посетителей,Размер: xl,1,19
793382494,Одежда для пациента и посетителей,Ос: етителей застежка на кнопки материал,1,19
793382494,Одежда для пациента и посетителей,Ос: сия,1,19
793382494,Одежда для пациента и посетителей,Цвет: белый модель,1,19
793382494,Одежда для пациента и посетителей,Характеристика: россия,1,19
793382494,Одежда для пациента и посетителей,Характеристика: 2x,1,19
793382500,"Маска лицевая для защиты дыхательных путей, одноразового использования",Назначение: обеспечивает защиту от различных патогенных микроб,1,7
793382500,"Маска лицевая для защиты дыхательных путей, одноразового использования",Ос: овой фиксатор гибкий встроенный однор,1,7
793382500,"Маска лицевая для защиты дыхательных путей, одноразового использования",Ос: сия,1,7
793382500,"Маска лицевая для защиты дыхательных путей, одноразового использования",Состав: материала,1,7
793382500,"Маска лицевая для защиты дыхательных путей, одноразового использования",Да: регистрационное удостоверение,1,7
793382500,"Маска лицевая для защиты дыхательных путей, одноразового использования",Характеристика: россия,1,7
793382500,"Маска лицевая для защиты дыхательных путей, одноразового использования",Ос: метологии пищевой промышленности и т.д.,1,7
793382504,Средства индивидуальной защиты для медицинского персонала прочие,Ос: сия,4,36
793382504,Средства индивидуальной защиты для медицинского персонала прочие,Характеристика: россия,4,36
793382504,Средства индивидуальной защиты для медицинского персонала прочие,Вид: уальной защиты для медицинского персонала прочие в,4,36
793382504,Средства индивидуальной защиты для медицинского персонала прочие,Объем: хлопок,3,36
793382504,Средства индивидуальной защиты для медицинского персонала прочие,Назначение: предназначены для защиты рук от механических возде,3,36
793382504,Средства индивидуальной защиты для медицинского персонала прочие,Состав: материала,2,36
793382504,Средства индивидуальной защиты для медицинского персонала прочие,Цвет: бежевый модель,2,36
793382504,Средства индивидуальной защиты для медицинского персонала прочие,Ос: тав материала хлопок с латексным покр,2,36
793382504,Средства индивидуальной защиты для медицинского персонала прочие,Вес: 39 г,2,36
793382504,Средства индивидуальной защиты для медицинского персонала прочие,Технические параметры: бежевый,1,36
793382504,Средства индивидуальной защиты для медицинского персонала прочие,Материал: брезент назначение,1,36
793382504,Средства индивидуальной защиты для медицинского персонала прочие,Размер: 5 см,1,36
793382504,Средства индивидуальной защиты для медицинского персонала прочие,Ос: остойкость предназначены для защиты от о,1,36
793382504,Средства индивидуальной защиты для медицинского персонала прочие,Назначение: обеспечивают хороший захват и повышают износостойк,1,36
793382504,Средства индивидуальной защиты для медицинского персонала прочие,Цвет: черный,1,36
793382504,Средства индивидуальной защиты для медицинского персонала прочие,Технические параметры: пвх,1,36
793382504,Средства индивидуальной защиты для медицинского персонала прочие,Материал: трикотажные перчатки изготовле,1,36
793382504,Средства индивидуальной защиты для медицинского персонала прочие,Объем: белый,1,36
793382504,Средства индивидуальной защиты для медицинского персонала прочие,Цвет: белый модель,1,36
793410076,Патроны и фильтры сменные для средств индивидуальной защиты органов дыхания,Характеристика: россия,6,77
793410076,Патроны и фильтры сменные для средств индивидуальной защиты органов дыхания,Вес: 5 г,5,77
793410076,Патроны и фильтры сменные для средств индивидуальной защиты органов дыхания,Ос: сия,4,77
793410076,Патроны и фильтры сменные для средств индивидуальной защиты органов дыхания,Характеристика: unix,4,77
793410076,Патроны и фильтры сменные для средств индивидуальной защиты органов дыхания,Характеристика: mfa,3,77
793410076,Патроны и фильтры сменные для средств индивидуальной защиты органов дыхания,Характеристика: турция,3,77
793410076,Патроны и фильтры сменные для средств индивидуальной защиты органов дыхания,Страна: происхождения рос,3,77
793410076,Патроны и фильтры сменные для средств индивидуальной защиты органов дыхания,Вид: уальной защиты органов дыхания гарантийный срок хр,3,77
793410076,Патроны и фильтры сменные для средств индивидуальной защиты органов дыхания,Объем: белый,2,77
793410076,Патроны и фильтры сменные для средств индивидуальной защиты органов дыхания,Вид: уальной защиты органов дыхания вид товара сменн,2,77
793410076,Патроны и фильтры сменные для средств индивидуальной защиты органов дыхания,Назначение: для дополнительной защиты и увеличения срока служб,1,77
793410076,Патроны и фильтры сменные для средств индивидуальной защиты органов дыхания,Ос: новного сменного противогазового фильтра,1,77
793410076,Патроны и фильтры сменные для средств индивидуальной защиты органов дыхания,Вид: товара сменный фильтр. назначение для защиты,1,77
793410076,Патроны и фильтры сменные для средств индивидуальной защиты органов дыхания,Характеристика: 7884 м,1,77
793410076,Патроны и фильтры сменные для средств индивидуальной защиты органов дыхания,Артикул: 7884,1,77
793410076,Патроны и фильтры сменные для средств индивидуальной защиты органов дыхания,Назначение: для крепления сменных противоаэрозольных фильтров,1,77
793410076,Патроны и фильтры сменные для средств индивидуальной защиты органов дыхания,Тип: защиты противоаэрозольную защиту и увеличить ср,1,77
793410076,Патроны и фильтры сменные для средств индивидуальной защиты органов дыхания,Цвет: белый масса,1,77
793410076,Патроны и фильтры сменные для средств индивидуальной защиты органов дыхания,Характеристика: vflex,1,77
793410076,Патроны и фильтры сменные для средств индивидуальной защиты органов дыхания,Ос: троение строительство судостроение сельс,1,77
793410700,Поло спортивные для взрослых,Материал: а верха г м,5,16
793410700,Поло спортивные для взрослых,Объем: хлопок,5,16
793410700,Поло спортивные для взрослых,Цвет: темно-синяя модель,4,16
793410700,Поло спортивные для взрослых,Цвет: темно-синяя воротник,1,16
793410700,Поло спортивные для взрослых,Ос: лых цвет темно-синяя воротник отло,1,16
793411714,Медицинские наборы,Размер: 7 см,8,42
793411714,Медицинские наборы,Характеристика: 2 шт,7,42
793411714,Медицинские наборы,Ос: сия,4,42
793411714,Медицинские наборы,Характеристика: россия,4,42
793411714,Медицинские наборы,Характеристика: 7 м,4,42
793411714,Медицинские наборы,Технические параметры: 23 а,4,42
793411714,Медицинские наборы,Объем: пластиковый,2,42
793411714,Медицинские наборы,Характеристика: 5 x,1,42
793411714,Медицинские наборы,Материал: а стерильные спиртовые не мене,1,42
793411714,Медицинские наборы,Состав: аптечки,1,42
793411714,Медицинские наборы,Материал: а с резинками или завязками,1,42
793411714,Медицинские наборы,Длина: 285,1,42
793411714,Медицинские наборы,Высота: 255,1,42
793411714,Медицинские наборы,Назначение: для оказания первой помощи работникам на производс,1,42
793411714,Медицинские наборы,Назначение: аптечки для оказания само- и взаимопомощи лю,1,42
793411714,Медицинские наборы,Изготовлен: а в соответствии с приказом ми,1,42
793411966,Принадлежности и расходные материалы для хирургического оборудования,Характеристика: 5 м,1,7
793411966,Принадлежности и расходные материалы для хирургического оборудования,Ос: ти и расходные материалы для хирургическ,1,7
793411966,Принадлежности и расходные материалы для хирургического оборудования,Вес: 5 г,1,7
793411966,Принадлежности и расходные материалы для хирургического оборудования,Характеристика: .м,1,7
793411966,Принадлежности и расходные материалы для хирургического оборудования,Материал: ы для хирургического оборудова,1,7
793411966,Принадлежности и расходные материалы для хирургического оборудования,Характеристика: unix,1,7
793411966,Принадлежности и расходные материалы для хирургического оборудования,Технические параметры: китай,1,7
793412180,Самоспасатели пожарные изолирующие с химически связанным кислородом,Ос: пасатели пожарные изолирующие с химическ,6,30
793412180,Самоспасатели пожарные изолирующие с химически связанным кислородом,Характеристика: россия,6,30
793412180,Самоспасатели пожарные изолирующие с химически связанным кислородом,Ос: обенности высотных гостиниц при авариях,5,30
793412180,Самоспасатели пожарные изолирующие с химически связанным кислородом,Ос: сия,3,30
793412180,Самоспасатели пожарные изолирующие с химически связанным кислородом,Ос: пасателя не ограничивает подвижность гол,1,30
793412180,Самоспасатели пожарные изолирующие с химически связанным кислородом,Ос: пасатель время защитного действия не,1,30
793412180,Самоспасатели пожарные изолирующие с химически связанным кислородом,Характеристика: . м,1,30
793412180,Самоспасатели пожарные изолирующие с химически связанным кислородом,Технические параметры: . в,1,30
793412180,Самоспасатели пожарные изолирующие с химически связанным кислородом,Ос: ти из-за сдвига полумаски. применение,1,30
793412180,Самоспасатели пожарные изолирующие с химически связанным кислородом,Ос: пасателя по назначению универсальный,1,30
793412180,Самоспасатели пожарные изолирующие с химически связанным кислородом,Ос: пасатель уфмс шанс-е с полумаской ро,1,30
793412180,Самоспасатели пожарные изолирующие с химически связанным кислородом,Применение: для индивидуальной защиты органов дыхания и зрения,1,30
793412180,Самоспасатели пожарные изолирующие с химически связанным кислородом,Вид: изолирующего самоспасателя по назначению универ,1,30
793412180,Самоспасатели пожарные изолирующие с химически связанным кислородом,Ос: пасателя имеет внутреннюю систему сам,1,30
793413026,Перчатки резиновые общего назначения (кроме медицинских),Технические параметры: прозрачный,4,52
793413026,Перчатки резиновые общего назначения (кроме медицинских),Цвет: синий,4,52
793413026,Перчатки резиновые общего назначения (кроме медицинских),Цвет: прозрачный модель,3,52
793413026,Перчатки резиновые общего назначения (кроме медицинских),Ос: метологии и клининге в домашних условиях,3,52
793413026,Перчатки резиновые общего назначения (кроме медицинских),Назначение: для использования в косметологии и клининге в дома,3,52
793413026,Перчатки резиновые общего назначения (кроме медицинских),Вид: упаковки упаковка-диспенсер длина перчатки 3,3,52
793413026,Перчатки резиновые общего назначения (кроме медицинских),Материал: внешнего покрытия,3,52
793413026,Перчатки резиновые общего назначения (кроме медицинских),Характеристика: россия,2,52
793413026,Перчатки резиновые общего назначения (кроме медицинских),Размер: 7-8 5,2,52
793413026,Перчатки резиновые общего назначения (кроме медицинских),Материал: основы,2,52
793413026,Перчатки резиновые общего назначения (кроме медицинских),Характеристика: versatouch,2,52
793413026,Перчатки резиновые общего назначения (кроме медицинских),Ос: ть области захвата рельефная размер,2,52
793413026,Перчатки резиновые общего назначения (кроме медицинских),Объем: желтый,2,52
793413026,Перчатки резиновые общего назначения (кроме медицинских),Ос: сия,1,52
793413026,Перчатки резиновые общего назначения (кроме медицинских),Ос: сия модель перчатки полиэтиленовые ро,1,52
793413026,Перчатки резиновые общего назначения (кроме медицинских),Страна: производства росс,1,52
793413026,Перчатки резиновые общего назначения (кроме медицинских),Цвет: прозрачный страна пр,1,52
793413026,Перчатки резиновые общего назначения (кроме медицинских),Характеристика: bi-colour,1,52
793413026,Перчатки резиновые общего назначения (кроме медицинских),Характеристика: . м,1,52
793413026,Перчатки резиновые общего назначения (кроме медицинских),Ос: ти с х. материал основы смеси латекса,1,52
793413032,Перчатки хозяйственные трикотажные,Объем: хлопок,11,94
793413032,Перчатки хозяйственные трикотажные,Материал: основы,9,94
793413032,Перчатки хозяйственные трикотажные,Материал: покрытия,8,94
793413032,Перчатки хозяйственные трикотажные,Ос: сия,8,94
793413032,Перчатки хозяйственные трикотажные,Характеристика: россия,8,94
793413032,Перчатки хозяйственные трикотажные,Технические параметры: пвх,7,94
793413032,Перчатки хозяйственные трикотажные,Характеристика: 9 м,7,94
793413032,Перчатки хозяйственные трикотажные,Назначение: для защиты рук от механических воздействий и истир,5,94
793413032,Перчатки хозяйственные трикотажные,Объем: белый,5,94
793413032,Перчатки хозяйственные трикотажные,Цвет: основной-бежевый отд,4,94
793413032,Перчатки хозяйственные трикотажные,Цвет: белый модель,3,94
793413032,Перчатки хозяйственные трикотажные,Назначение: для защиты от механических воздействий размер 9,3,94
793413032,Перчатки хозяйственные трикотажные,Ос: новной-бежевый отделка-голубой желтый ма,2,94
793413032,Перчатки хозяйственные трикотажные,Вес: голубой,2,94
793413032,Перчатки хозяйственные трикотажные,Ос: новы 75 хлопок 25 полиэфир материал,2,94
793413032,Перчатки хозяйственные трикотажные,Вид: покрытия точечное вид средства перчатки клас,2,94
793413032,Перчатки хозяйственные трикотажные,Ос: нова прочная х б ткань наладонник бр,1,94
793413032,Перчатки хозяйственные трикотажные,Вес: 47 г,1,94
793413032,Перчатки хозяйственные трикотажные,Вид: защиты от механических воздействий материал пок,1,94
793413032,Перчатки хозяйственные трикотажные,Назначение: для работы с сухими предметами особенности высо,1,94
793413034,"Рукавицы хозяйственные брезентовые, трикотажные",Цвет: черный,1,11
793413034,"Рукавицы хозяйственные брезентовые, трикотажные",Материал: утеплитель,1,11
793413034,"Рукавицы хозяйственные брезентовые, трикотажные",Технические параметры: кожа,1,11
793413034,"Рукавицы хозяйственные брезентовые, трикотажные",Цвет: черный модель,1,11
793413034,"Рукавицы хозяйственные брезентовые, трикотажные",Назначение: для защиты рук от механических воздействий истира,1,11
793413034,"Рукавицы хозяйственные брезентовые, трикотажные",Ос: нования прочная х б ткань диагональ,1,11
793413034,"Рукавицы хозяйственные брезентовые, трикотажные",Материал: а г м,1,11
793413034,"Рукавицы хозяйственные брезентовые, трикотажные",Материал: основания,1,11
793413034,"Рукавицы хозяйственные брезентовые, трикотажные",Ос: ти и с х. плотность материала г м2 23,1,11
793413034,"Рукавицы хозяйственные брезентовые, трикотажные",Вид: товара рукавицы материал основания прочная х,1,11
793413034,"Рукавицы хозяйственные брезентовые, трикотажные",Назначение: предназначены для защиты рук от механических возде,1,11
793413404,Стропы,Материал: а изготовления,4,17
793413404,Стропы,Объем: сталь,2,17
793413404,Стропы,Вес: 86 кг,1,17
793413404,Стропы,Ос: тановки падения и является компонентом с,1,17
793413404,Стропы,Назначение: для безопасной остановки падения и является компон,1,17
793413404,Стропы,Характеристика: . м,1,17
793413404,Стропы,Назначение: предназначен для работы в системе удержания статич,1,17
793413404,Стропы,Вес: 8 кг,1,17
793413404,Стропы,Вес: 84 кг,1,17
793413404,Стропы,Назначение: нерегулируемый используется в удерживающей системе,1,17
793413404,Стропы,Вид: прочего инвентаря строп наименование материала,1,17
793413404,Стропы,Тип: карабина один большой и один малый металлически,1,17
793413404,Стропы,Объем: металлический,1,17
793413924,Бахилы медицинские,Страна: производитель кит,1,5
793413924,Бахилы медицинские,Производитель: китай цвет голубой модель,1,5
793413924,Бахилы медицинские,Вес: голубой,1,5
793413924,Бахилы медицинские,Цвет: голубой модель,1,5
793413924,Бахилы медицинские,Технические параметры: китай,1,5
