category_id,category_name,characteristic,total_items
793284715,"Шины пневматические для строительных, дорожных, подъемно-транспортных машин",Вид: Шины пневматические для строительных,344
793284715,"Шины пневматические для строительных, дорожных, подъемно-транспортных машин",Вид: Шины,344
793284715,"Шины пневматические для строительных, дорожных, подъемно-транспортных машин",Вид: Колеса,344
793284715,"Шины пневматические для строительных, дорожных, подъемно-транспортных машин",Тип конструкции: Диагональная,344
793284715,"Шины пневматические для строительных, дорожных, подъемно-транспортных машин",Категория использования: Повышенной проходимости,344
793284715,"Шины пневматические для строительных, дорожных, подъемно-транспортных машин",Отношение профиля: 80.00000 %,344
793284715,"Шины пневматические для строительных, дорожных, подъемно-транспортных машин",Способ герметизации шины: Бескамерная,344
793284715,"Шины пневматические для строительных, дорожных, подъемно-транспортных машин",Диаметр посадочный: 16.50000 дюйм,344
793284715,"Шины пневматические для строительных, дорожных, подъемно-транспортных машин",Способ поставки товара: По заявке,344
793284715,"Шины пневматические для строительных, дорожных, подъемно-транспортных машин",Индекс скорости: A8,344
793284715,"Шины пневматические для строительных, дорожных, подъемно-транспортных машин",Тип конструкции: Радиальная,344
793284715,"Шины пневматические для строительных, дорожных, подъемно-транспортных машин",Категория использования: Дорожная,344
793284715,"Шины пневматические для строительных, дорожных, подъемно-транспортных машин",Ширина профиля: 10.00000 дюйм,344
793284715,"Шины пневматические для строительных, дорожных, подъемно-транспортных машин",Назначение: Строительно-дорожная техника,344
793284715,"Шины пневматические для строительных, дорожных, подъемно-транспортных машин",Символ скорости: A8,344
793285271,Шины пневматические для сельскохозяйственных машин,Вид: Шины пневматические для трактора,130
793285271,Шины пневматические для сельскохозяйственных машин,Вид: Шины,130
793285271,Шины пневматические для сельскохозяйственных машин,Вид: Колеса,130
793285271,Шины пневматические для сельскохозяйственных машин,Тип конструкции: Диагональная,130
793285271,Шины пневматические для сельскохозяйственных машин,Способ герметизации: Камерный,130
793285271,Шины пневматические для сельскохозяйственных машин,Тип: R1,130
793285271,Шины пневматические для сельскохозяйственных машин,Отношение профиля: 80.00000 %,130
793285271,Шины пневматические для сельскохозяйственных машин,Индекс скорости: А6,130
793285271,Шины пневматические для сельскохозяйственных машин,Категория использования: Ведущего колеса,130
793285271,Шины пневматические для сельскохозяйственных машин,Назначение: Трактор,130
793285271,Шины пневматические для сельскохозяйственных машин,Способ поставки товара: По заявке,130
793285271,Шины пневматические для сельскохозяйственных машин,Норма слойности: 8PR,130
793285271,Шины пневматические для сельскохозяйственных машин,Диаметр посадочный: 15.30000 дюйм,130
793285271,Шины пневматические для сельскохозяйственных машин,Тип конструкции: Радиальная,130
793285271,Шины пневматические для сельскохозяйственных машин,Ширина профиля: 15.50000 дюйм,130
793286151,Шины пневматические для легкового автомобиля,Назначение: Легковой автомобиль,2926
793286151,Шины пневматические для легкового автомобиля,Диаметр посадочный: 16.00000 дюйм,2926
793286151,Шины пневматические для легкового автомобиля,Тип конструкции: радиальная,2926
793286151,Шины пневматические для легкового автомобиля,Ширина профиля: 215.00000 мм,2926
793286151,Шины пневматические для легкового автомобиля,Индекс скорости: T,2926
793286151,Шины пневматические для легкового автомобиля,Отношение профиля: 65.00000 %,2926
793286151,Шины пневматические для легкового автомобиля,Способ герметизации шины: Бескамерные,2926
793286151,Шины пневматические для легкового автомобиля,Вид: Шины пневматические для легкового автомобиля,2926
793286151,Шины пневматические для легкового автомобиля,Категория использования: Зимняя,2926
793286151,Шины пневматические для легкового автомобиля,Категория использования: Летняя,2926
793286151,Шины пневматические для легкового автомобиля,Тип: Шипованная,2926
793286151,Шины пневматические для легкового автомобиля,Вид: Колеса,2926
793286151,Шины пневматические для легкового автомобиля,Вид: Шины,2926
793286151,Шины пневматические для легкового автомобиля,Индекс скорости: H,2926
793360561,Шины пневматические для грузовых автомобилей,Вид: Шины пневматические для грузовых автомобилей,696
793360561,Шины пневматические для грузовых автомобилей,Вид: Шины,696
793360561,Шины пневматические для грузовых автомобилей,Вид: Колеса,696
793360561,Шины пневматические для грузовых автомобилей,Тип конструкции: радиальная,696
793360561,Шины пневматические для грузовых автомобилей,Способ герметизации шины: Бескамерная,696
793360561,Шины пневматические для грузовых автомобилей,Тип: Дорожный,696
793360561,Шины пневматические для грузовых автомобилей,Тип: Универсальные,696
793360561,Шины пневматические для грузовых автомобилей,Вид: Грузовая,696
793360561,Шины пневматические для грузовых автомобилей,Диаметр посадочный: 22.50000 дюйм,696
793360561,Шины пневматические для грузовых автомобилей,Радиус: 22.50000 дюйм,696
793360561,Шины пневматические для грузовых автомобилей,Отношение профиля: 80.00000 %,696
793360561,Шины пневматические для грузовых автомобилей,Тип: Ведущей оси,696
793360561,Шины пневматические для грузовых автомобилей,Индекс скорости: L,696
793360561,Шины пневматические для грузовых автомобилей,Назначение шины: Грузовой автомобиль,696
793360561,Шины пневматические для грузовых автомобилей,Категория использования: Всесезонная,696
793410132,Шины пневматические для мотоциклов,Вид: Шины пневматические для мотоциклов,50
793410132,Шины пневматические для мотоциклов,Вид: Колеса,50
793410132,Шины пневматические для мотоциклов,Вид: Шины,50
793410132,Шины пневматические для мотоциклов,Тип: Эндуро,50
793410132,Шины пневматические для мотоциклов,Сезон: Летний,50
793410132,Шины пневматические для мотоциклов,Ширина профиля: 120 мм,50
793410132,Шины пневматические для мотоциклов,Ось: Задняя,50
793410132,Шины пневматические для мотоциклов,Высота: 90 мм,50
793410132,Шины пневматические для мотоциклов,Индекс скорости: М,50
793410132,Шины пневматические для мотоциклов,Диаметр: 19 мм,50
793410132,Шины пневматические для мотоциклов,Модель: Battlax A41,50
793410132,Шины пневматические для мотоциклов,Тип: Камеры для колес,50
793410132,Шины пневматические для мотоциклов,Tt: TT,50
793410132,Шины пневматические для мотоциклов,Тип: бескамерная (TL),50
793410132,Шины пневматические для мотоциклов,Диагональная: D,50
793284937,Шины сплошные и полупневматические,Вид: Шины сплошные и полупневматические,10
793284937,Шины сплошные и полупневматические,Вид: Сплошная (Цельнолитая),10
793284937,Шины сплошные и полупневматические,Вид: Шины,10
793284937,Шины сплошные и полупневматические,Вид: Колеса,10
793284937,Шины сплошные и полупневматические,Сезонность: Всесезонная,10
793284937,Шины сплошные и полупневматические,Исполнение цельнолитой шины: Без бурта,10
793284937,Шины сплошные и полупневматические,Тип конструкции: Диагональные,10
793284937,Шины сплошные и полупневматические,Диаметр посадочный: 9.00000 дюйм,10
793284937,Шины сплошные и полупневматические,Способ герметизации шины: Бескамерные,10
793284937,Шины сплошные и полупневматические,Индекс нагрузки: 2120.00000,10
793284937,Шины сплошные и полупневматические,Максимальная нагрузка: 2755.00000 кг,10
793284937,Шины сплошные и полупневматические,Модель: Optima 2LAYER STD / TR,10
793284937,Шины сплошные и полупневматические,Радиус: 21.00000 дюйм,10
793284937,Шины сплошные и полупневматические,Модель: Шина цельнолитая 5,10
793284937,Шины сплошные и полупневматические,Модель: 275/40R19 105V XL Winter SottoZero 3 Run Flat,10
793360559,Шины пневматические для автобусов,Вид: Шины пневматические для автобусов,44
793360559,Шины пневматические для автобусов,Тип конструкции: Радиальная,44
793360559,Шины пневматические для автобусов,Вид: Шины,44
793360559,Шины пневматические для автобусов,Вид: Колеса,44
793360559,Шины пневматические для автобусов,Способ герметизации шины: Бескамерная,44
793360559,Шины пневматические для автобусов,Диаметр посадочный: 16.00000 дюйм,44
793360559,Шины пневматические для автобусов,Назначение шины: Легкая грузовая,44
793360559,Шины пневматические для автобусов,Отношение профиля: 75.00000 %,44
793360559,Шины пневматические для автобусов,Категория использования: Зимняя,44
793360559,Шины пневматические для автобусов,Индекс скорости: R,44
793360559,Шины пневматические для автобусов,Ширина профиля: 215.00000 мм,44
793360559,Шины пневматические для автобусов,Категория использования: Всесезонная,44
793360559,Шины пневматические для автобусов,Индекс нагрузки: 104.00000,44
793360559,Шины пневматические для автобусов,Категория использования: Дорожная,44
793360559,Шины пневматические для автобусов,Категория использования: Универсальная,44
793410130,Шины пневматические для картов,Максимальная скорость: 150 км/час,15
793410130,Шины пневматические для картов,Твёрдость: 62 шора,15
793410130,Шины пневматические для картов,Вид: Шины пневматические для картов,15
793410130,Шины пневматические для картов,Допускаемая нагрузка: 60 кгс,15
793410130,Шины пневматические для картов,Вид: Шины,15
793410130,Шины пневматические для картов,Вид: Колеса,15
793410130,Шины пневматические для картов,Сезонность: Летняя,15
793410130,Шины пневматические для картов,Диаметр колеса: 10.00000 дюйм,15
793410130,Шины пневматические для картов,Тип: С глубоким протектором,15
793410130,Шины пневматические для картов,Ширина беговой дорожки: 4.50000 дюйм,15
793410130,Шины пневматические для картов,Размер шины: 145/70-6,15
793410130,Шины пневматические для картов,Слойность (pr): 2,15
793410130,Шины пневматические для картов,Вес (кг): 1.59000 кг,15
793410130,Шины пневматические для картов,Модель: P319,15
793410130,Шины пневматические для картов,Высота: 450 мм,15
793410128,Шины (покрышки) и камеры для кресел-колясок,Внутренний диаметр: 540 мм,10
793410128,Шины (покрышки) и камеры для кресел-колясок,Высота: 610 мм,10
793410128,Шины (покрышки) и камеры для кресел-колясок,Размер: 24 дюйм,10
793410128,Шины (покрышки) и камеры для кресел-колясок,Максимальная нагрузка (на одно колесо): 60 кг,10
793410128,Шины (покрышки) и камеры для кресел-колясок,Материал: НЕЙЛОН,10
793410128,Шины (покрышки) и камеры для кресел-колясок,Назначение: ДЛЯ ЗАДНИХ КОЛЕС ИНВАЛИДНОЙ КОЛЯСКИ,10
793410128,Шины (покрышки) и камеры для кресел-колясок,Модель: 540х37-п,10
793410128,Шины (покрышки) и камеры для кресел-колясок,Вид: Шины (покрышки) и камеры для кресел-колясок,10
793410128,Шины (покрышки) и камеры для кресел-колясок,Вес: 700 г,10
793410128,Шины (покрышки) и камеры для кресел-колясок,Материал: резина,10
793410128,Шины (покрышки) и камеры для кресел-колясок,Цвет: Серый,10
793410128,Шины (покрышки) и камеры для кресел-колясок,Вид: Шины,10
793410128,Шины (покрышки) и камеры для кресел-колясок,Вид: Колеса,10
793410128,Шины (покрышки) и камеры для кресел-колясок,Рекомендуемое давление: 2.80000 атмосфер (атм),10
793410128,Шины (покрышки) и камеры для кресел-колясок,Протектор: HS440,10
72095359,Одежда для взрослых форменная,Вид: Одежда для взрослых форменная,345
72095359,Одежда для взрослых форменная,Воротник: отложной со стойкой,345
72095359,Одежда для взрослых форменная,Вид: короткий,345
72095359,Одежда для взрослых форменная,Плотность ткани: 105 г/кв.м,345
72095359,Одежда для взрослых форменная,Половая принадлежность: мужской,345
72095359,Одежда для взрослых форменная,Цвет: голубой,345
72095359,Одежда для взрослых форменная,Силуэт: приталенный с вытачками на спинке,345
72095359,Одежда для взрослых форменная,Состав: 60% хлопок,345
72095359,Одежда для взрослых форменная,Модель: Сорочка мужская «Аэро» белая,345
72095359,Одежда для взрослых форменная,Карман: Нагрудные,345
72095359,Одежда для взрослых форменная,Модель: Сорочка мужская «Охранник» с длинным рукавом,345
72095359,Одежда для взрослых форменная,Состав: 65 - полиэфир,345
72095359,Одежда для взрослых форменная,Вид: смесовая,345
72095359,Одежда для взрослых форменная,Цвет отделки: синий,345
72095359,Одежда для взрослых форменная,Состав ткани: 30 шерсть,345
72095360,Юбки женские,Застежка: потайная молния,4
72095360,Юбки женские,Вид: Юбка,4
72095360,Юбки женские,Состав ткани верха: 44 шерсть,4
72095360,Юбки женские,Модель: Юбка женская р.108/170,4
72095360,Юбки женские,Подкладка: С механическим стретч-эффектом,4
72095360,Юбки женские,Пояс: Пояс-кокетка,4
72095360,Юбки женские,Модель: темно-синяя,4
72095360,Юбки женские,Размер: 108/170,4
72095360,Юбки женские,Цвет: темно-синий,4
72095360,Юбки женские,Плотность: 220 гр/м2,4
72095360,Юбки женские,Ткань верха: полушерстяная костюмная,4
72095360,Юбки женские,Назначение: Защита от общепроизводственных загрязнений,4
72095360,Юбки женские,Рост: 88/170,4
72095360,Юбки женские,Состав ткани: 49 хлопок,4
72095360,Юбки женские,Пол: женский,4
72095366,Жилеты для взрослых,Вид: Жилет,25
72095366,Жилеты для взрослых,Модель: Жилет флисовый «Снегирь»,25
72095366,Жилеты для взрослых,Особенности: Удлиненная спинка и кулиска по низу – дополнительная защита от ветра.,25
72095366,Жилеты для взрослых,Цвет: сочетание бежевого и коричневого,25
72095366,Жилеты для взрослых,Цвет: Красный/черный,25
72095366,Жилеты для взрослых,Отделка: терракотовый,25
72095366,Жилеты для взрослых,Тип: «Супербандмастер» смесовая,25
72095366,Жилеты для взрослых,В составе комплекта (костюма): :0,25
72095366,Жилеты для взрослых,Вид: Защита от механических воздействий истирания,25
72095366,Жилеты для взрослых,Воротник: стойка,25
72095366,Жилеты для взрослых,Наименование изделия: Жилет.,25
72095366,Жилеты для взрослых,Половой признак: Мужской.,25
72095366,Жилеты для взрослых,Сигнальные элементы: кант из световозвращающего материала,25
72095366,Жилеты для взрослых,Модель: Жилет мужской летний «Крит»,25
72095366,Жилеты для взрослых,Состав ткани: 65 полиэфир,25
72095367,Жакеты женские,Вид: Жакет,35
72095367,Жакеты женские,Плотность: 115 г/кв.м,35
72095367,Жакеты женские,Состав ткани: 65 полиэфир,35
72095367,Жакеты женские,Застежка: На кнопки,35
72095367,Жакеты женские,Назначение: Защита об общепроизводственных загрязнений,35
72095367,Жакеты женские,Модель: Жакет женский «Бьянка-2»,35
72095367,Жакеты женские,Цвет: белый,35
72095367,Жакеты женские,Подкладка: 100 полиэфир с механическим стретч-эффектом,35
72095367,Жакеты женские,Состав ткани верха: 44 шерсть,35
72095367,Жакеты женские,Ткань верха: полушерстяная костюмная,35
72095367,Жакеты женские,Отделка: масловодоотталкивающая,35
72095367,Жакеты женские,Пол: женский,35
72095367,Жакеты женские,Рукав: длинный,35
72095367,Жакеты женские,Карманы: прорезные боковые карманы с клапаном,35
72095367,Жакеты женские,Описание: Элегантный жакет полуприлегающего силуэта. Мягкие конструктивные линии и правильные пропорции придают изделию элегантность.,35
72095368,Халаты для взрослых,Вид: Халат,56
72095368,Халаты для взрослых,Назначение: Для защиты от общих производственных загрязнений,56
72095368,Халаты для взрослых,Плотность: 142 гр/м2,56
72095368,Халаты для взрослых,Состав ткани: 100 хлопок %,56
72095368,Халаты для взрослых,Ткань: отбеленная бязь,56
72095368,Халаты для взрослых,Модель: Халат женский белый из ткани бязь,56
72095368,Халаты для взрослых,Пол: женский,56
72095368,Халаты для взрослых,Отделка ткани: с водоотталкивающей отделкой,56
72095368,Халаты для взрослых,Модель: ТС,56
72095368,Халаты для взрослых,Цвет: белый,56
72095368,Халаты для взрослых,Состав ткани: 65 полиэфир,56
72095368,Халаты для взрослых,Плотность ткани: 115 грамм на квадратный метр (г/м.кв.),56
72095368,Халаты для взрослых,Ткань: смесовая,56
72095368,Халаты для взрослых,Трикотажного полотна: Смесовая,56
72095368,Халаты для взрослых,Вид: Халат полуприлегающего силуэта с рельефами,56
72095369,Пиджаки мужские,Застежка: на три пуговицы,9
72095369,Пиджаки мужские,Карманы: Два боковых кармана и один нагрудный,9
72095369,Пиджаки мужские,Подкладка: полиэфир с антистатической отделкой,9
72095369,Пиджаки мужские,Плотность: 213 г/кв.м,9
72095369,Пиджаки мужские,Состав ткани верха: 51 шерсть,9
72095369,Пиджаки мужские,Ткань верха: полушерстяная,9
72095369,Пиджаки мужские,Вид: Пиджак,9
72095369,Пиджаки мужские,Отделка: масловодоотталкивающая,9
72095369,Пиджаки мужские,Цвет: темно-синий,9
72095369,Пиджаки мужские,"Модель: Куртка-пиджак мужской ""Лагонда""",9
72095369,Пиджаки мужские,Назначение: защита от общих производственных загрязнений,9
72095369,Пиджаки мужские,Состав ткани: 40% хлопок,9
72095369,Пиджаки мужские,Ткань: «Лагонда-Е»,9
72095369,Пиджаки мужские,Рост: 108/176,9
72095370,Футболки трикотажные для взрослых,Вид: Футболка,433
72095370,Футболки трикотажные для взрослых,Рукав: короткий,433
72095370,Футболки трикотажные для взрослых,Плотность: 180 гр/м2,433
72095370,Футболки трикотажные для взрослых,Назначение: Подходит как для работы,433
72095370,Футболки трикотажные для взрослых,Состав: 100 хлопок %,433
72095370,Футболки трикотажные для взрослых,Застежка: на 3 пуговицы,433
72095370,Футболки трикотажные для взрослых,Силуэт: прямой,433
72095370,Футболки трикотажные для взрослых,Застежка: пуговицы,433
72095370,Футболки трикотажные для взрослых,Воротник: отложной воротничок укреплен тесьмой,433
72095370,Футболки трикотажные для взрослых,Модель: Сорочка с воротником «Поло» длинный рукав,433
72095370,Футболки трикотажные для взрослых,Воротник: отложной,433
72095370,Футболки трикотажные для взрослых,Цвет: васильковый,433
72095370,Футболки трикотажные для взрослых,Длина рукава: короткий,433
72095370,Футболки трикотажные для взрослых,Вырез горловины: круглый,433
72095370,Футболки трикотажные для взрослых,Силуэт: полуприлегающий,433
72095373,Плащи для взрослых,Плотность: 225 гр/м2,8
72095373,Плащи для взрослых,Застежка: застежкой на двухзамковую молнию с клапаном против ветра,8
72095373,Плащи для взрослых,Вид: Плащ,8
72095373,Плащи для взрослых,Ткань: 100 полиэфир с ПВХ-покрытием с изнаночной стороны %,8
72095373,Плащи для взрослых,Цвет: темно-синий,8
72095373,Плащи для взрослых,Капюшон: наличие,8
72095373,Плащи для взрослых,Назначение: для защиты от воды,8
72095373,Плащи для взрослых,Покрытие: ПВХ-покрытие с изнаночной стороны,8
72095373,Плащи для взрослых,Особенности: швы проклеены специальной лентой,8
72095373,Плащи для взрослых,Рост: 52-54/170-176,8
72105483,"Перчатки смотровые/процедурные из латекса гевеи, неопудренные, нестерильные",Поверхность: чешуйчатая,8
72105483,"Перчатки смотровые/процедурные из латекса гевеи, неопудренные, нестерильные",Покрытие: натуральный каучук,8
72105483,"Перчатки смотровые/процедурные из латекса гевеи, неопудренные, нестерильные",Особенности модели: Универсальные перчатки. Имеют специальную обработку для уменьшения риска аллергических реакций. Благодаря небольшой толщине обеспечивают превосходную чувствительность.,8
72105483,"Перчатки смотровые/процедурные из латекса гевеи, неопудренные, нестерильные",Область применения: хозяйственные работы с моющими средствами,8
72105483,"Перчатки смотровые/процедурные из латекса гевеи, неопудренные, нестерильные",Материал: хлопковое напыление,8
72105483,"Перчатки смотровые/процедурные из латекса гевеи, неопудренные, нестерильные",Манжета перчатки: прямая,8
72105483,"Перчатки смотровые/процедурные из латекса гевеи, неопудренные, нестерильные",Длина: 290 мм,8
72105483,"Перчатки смотровые/процедурные из латекса гевеи, неопудренные, нестерильные",Модель: Перчатки Ansell AlphaTec® 87-190 (Альфатек/Эконохэндс),8
72105483,"Перчатки смотровые/процедурные из латекса гевеи, неопудренные, нестерильные",Цвет: желтый,8
72105483,"Перчатки смотровые/процедурные из латекса гевеи, неопудренные, нестерильные",Вид: Смотровые,8
72105483,"Перчатки смотровые/процедурные из латекса гевеи, неопудренные, нестерильные",Материал: Латекс,8
72105483,"Перчатки смотровые/процедурные из латекса гевеи, неопудренные, нестерильные",Размер: 8,8
72105483,"Перчатки смотровые/процедурные из латекса гевеи, неопудренные, нестерильные",Материал: латесные,8
137004434,Фартуки кухонные,Рост: 92-104/170-176,3
137004434,Фартуки кухонные,Защитные свойства: от общих производственных загрязнений,3
137004434,Фартуки кухонные,Ширина (без завязок): 111 см,3
137004434,Фартуки кухонные,Модель: Фартук мужской тип Б,3
137004434,Фартуки кухонные,Вид: Фартуки кухонные,3
137004434,Фартуки кухонные,Вид: фартук,3
137004434,Фартуки кухонные,Модель: белый р.92-104/170-176,3
137004434,Фартуки кухонные,Длина: 85 см,3
137004434,Фартуки кухонные,Ткань: 100 хлопок %,3
137004434,Фартуки кухонные,Половая принадлежность: Мужской,3
137004434,Фартуки кухонные,Состав ткани: 65 полиэфир,3
137004434,Фартуки кухонные,Цвет: Белый,3
137004434,Фартуки кухонные,Цвет: синий,3
137004762,Шорты для взрослых,Боковые карманы: 2 шт,3
137004762,Шорты для взрослых,Задние карманы с клапаном: 2 шт,3
137004762,Шорты для взрослых,Материал: 98% хлопок,3
137004762,Шорты для взрослых,Петля для крепления пропуска: 1 шт,3
137004762,Шорты для взрослых,Петля для ручного инструмента: 1 шт,3
137004762,Шорты для взрослых,Вид: Шорты для взрослых,3
137004762,Шорты для взрослых,Модель: Шорты-бриджи,3
137004762,Шорты для взрослых,Тип: Смесовая,3
137004762,Шорты для взрослых,Половой признак: Мужские,3
137004762,Шорты для взрослых,Российский размер: 88-92,3
137004762,Шорты для взрослых,Рост: 182-188,3
137004762,Шорты для взрослых,Цвет: Черный,3
137004762,Шорты для взрослых,Российский размер: 96-100,3
137004762,Шорты для взрослых,Рост: 158-164,3
137008502,Гели для ухода за кожей лица,Артикул: 10100,1
137008502,Гели для ухода за кожей лица,Действие: Придает коже ощущение чистоты,1
137008502,Гели для ухода за кожей лица,Объем: 0.00000 см[3*],1
137008502,Гели для ухода за кожей лица,Модель: «Гарда Премиум Профи Клин» очищающий гель для тела и шампунь для волос 2в1,1
137008502,Гели для ухода за кожей лица,Вид: бутыль с помпой-дозатором,1
137009272,Кремы для рук,Срок хранения: 36 мес,5
137009272,Кремы для рук,Объем: 100 миллилитр,5
137009272,Кремы для рук,Активные ингредиенты: кора черной ивы,5
137009272,Кремы для рук,Назначение: Крем защищает кожу от неблагоприятных погодных условий,5
137009272,Кремы для рук,Особенности: Время действия не менее 4 часов.,5
137009272,Кремы для рук,Применение: За 15 минут до выхода на улицу нанести на сухую чистую кожу 0,5
137009272,Кремы для рук,Торговая марка: Гарда,5
137009272,Кремы для рук,Вид: Средства для ухода за кожей,5
137009272,Кремы для рук,Вид: Кремы для рук,5
137009272,Кремы для рук,Условия хранения: Температура хранения: -20…+25 °С. Допускается заморозка более шести раз.,5
137009272,Кремы для рук,Основные ингредиенты: Очищающая паста с комбинированными натуральными абразивными гранулами,5
137009272,Кремы для рук,Способ применения: Не добавляя воды,5
137009272,Кремы для рук,Модель: «Триада Скраб клин» паста для кожи очищающая от устойчивых загрязнений с натуральным абразивом (200 мл),5
137009272,Кремы для рук,Тип: Регенерирующий,5
137009272,Кремы для рук,Способ применения: После окончания работ нанести 0,5
793142263,Одежда специальная для защиты от воды,Вид: Одежда специальная для защиты от воды,148
793142263,Одежда специальная для защиты от воды,Плотность: 225 гр/м2,148
793142263,Одежда специальная для защиты от воды,Класс защиты одежды: 2 (водоупорная),148
793142263,Одежда специальная для защиты от воды,Половая принадлежность: Мужской,148
793142263,Одежда специальная для защиты от воды,Водонепроницаемость: 6000 мм,148
793142263,Одежда специальная для защиты от воды,Состав ткани: полиамид 100 %,148
793142263,Одежда специальная для защиты от воды,Цвет: лимонный с васильковым,148
793142263,Одежда специальная для защиты от воды,Модель: Сигнальная куртка- ветровка,148
793142263,Одежда специальная для защиты от воды,М2: 300.00000,148
793142263,Одежда специальная для защиты от воды,Вид: Куртка,148
793142263,Одежда специальная для защиты от воды,Цвет: темно-синий,148
793142263,Одежда специальная для защиты от воды,Модель: Плащ влагозащитный ПВХ Extra Vision WPL флуоресцентный оранжевый,148
793142263,Одежда специальная для защиты от воды,Материал: плащевая ткань,148
793142263,Одежда специальная для защиты от воды,Светоотражающий элемент: Световозвращающая лента,148
793142263,Одежда специальная для защиты от воды,Цвет: флуоресцентный оранжевый,148
793142372,Одежда специальная для защиты от растворов кислот,Вид: Одежда специальная для защиты от растворов кислот,34
793142372,Одежда специальная для защиты от растворов кислот,Карманы: Боковые накладные карманы,34
793142372,Одежда специальная для защиты от растворов кислот,Состав ткани: 100 полиэфир,34
793142372,Одежда специальная для защиты от растворов кислот,Рукава: Рукава с локтевым швом для свободы движений и манжетами на пуговицах,34
793142372,Одежда специальная для защиты от растворов кислот,В составе комплекта (костюма): Куртка + брюки + берет,34
793142372,Одежда специальная для защиты от растворов кислот,Защита от кислот: от 50 до 80 (по серной кислоте) – К80 %,34
793142372,Одежда специальная для защиты от растворов кислот,Застежка: Куртка с потайной застежкой на пуговицы и липучку на воротнике-стойке,34
793142372,Одежда специальная для защиты от растворов кислот,Световозвращающий материал: лента шириной 5,34
793142372,Одежда специальная для защиты от растворов кислот,Материал: полиэфир 100% с ПВХ-покрытием,34
793142372,Одежда специальная для защиты от растворов кислот,М2: 500,34
793142372,Одежда специальная для защиты от растворов кислот,Цвет: темно-синий,34
793142372,Одежда специальная для защиты от растворов кислот,Половая принадлежность: Мужской,34
793142372,Одежда специальная для защиты от растворов кислот,"Модель: Костюм муж. ""Ликвидатор""",34
793142372,Одежда специальная для защиты от растворов кислот,Модель: Костюм женский летний «Химик»,34
793142372,Одежда специальная для защиты от растворов кислот,Застежка: 6 пластмассовых шпеньков (типа «пукля») для застежки,34
793142482,"Костюмы защитные легкие для защиты от радиационной пыли, химических и бактериологических воздействий",Вид: Костюмы защитные легкие для защиты от радиационной пыли,24
793142482,"Костюмы защитные легкие для защиты от радиационной пыли, химических и бактериологических воздействий",Защита от воздействия водных растворов кислот и щелочей при концентрации: до 30–40 %,24
793142482,"Костюмы защитные легкие для защиты от радиационной пыли, химических и бактериологических воздействий",Материал: полипропилен,24
793142482,"Костюмы защитные легкие для защиты от радиационной пыли, химических и бактериологических воздействий",Модель: Комбинезон защитный INVICTA модель Rumax (арт. 701),24
793142482,"Костюмы защитные легкие для защиты от радиационной пыли, химических и бактериологических воздействий",Цвет: белый,24
793142482,"Костюмы защитные легкие для защиты от радиационной пыли, химических и бактериологических воздействий",Плотность материала: 65.00000 гр/м2,24
793142482,"Костюмы защитные легкие для защиты от радиационной пыли, химических и бактериологических воздействий",Рост: XXL (116-124/186-194),24
793142482,"Костюмы защитные легкие для защиты от радиационной пыли, химических и бактериологических воздействий",Назначение: Комбинезон универсальный одноразового использования для защиты от общих производственных загрязнений,24
793142482,"Костюмы защитные легкие для защиты от радиационной пыли, химических и бактериологических воздействий",Назначение: для защиты от общих производственных загрязнений,24
793142482,"Костюмы защитные легкие для защиты от радиационной пыли, химических и бактериологических воздействий",Размер: 2XL,24
793142482,"Костюмы защитные легкие для защиты от радиационной пыли, химических и бактериологических воздействий",Размер изделия: XXXL (124-132/194-200),24
793142592,Одежда специальная для защиты от искр и брызг расплавленного металла,Вид: Одежда специальная для защиты от искр и брызг расплавленного металла,157
793142592,Одежда специальная для защиты от искр и брызг расплавленного металла,Комплектность: Куртка + брюки,157
793142592,Одежда специальная для защиты от искр и брызг расплавленного металла,Материал ткани: 100% хлопок,157
793142592,Одежда специальная для защиты от искр и брызг расплавленного металла,Карманы: Конструкция карманов на куртке и брюках исключает попадание в них искр и брызг расплавленного металла,157
793142592,Одежда специальная для защиты от искр и брызг расплавленного металла,Светоотражающий элемент: огнестойкая лента шириной 5 см,157
793142592,Одежда специальная для защиты от искр и брызг расплавленного металла,Плотность материала: 485 гр/м2,157
793142592,Одежда специальная для защиты от искр и брызг расплавленного металла,Состав утеплителя: огнестойкий синтетический,157
793142592,Одежда специальная для защиты от искр и брызг расплавленного металла,Вид: обеспечивают высокую защиту от прожигания и повышенных температур при выполнении сварочных работ,157
793142592,Одежда специальная для защиты от искр и брызг расплавленного металла,Конструктивные особенности: Куртка: Воротник-стойка анатомической формы – не натирает шею,157
793142592,Одежда специальная для защиты от искр и брызг расплавленного металла,Удобно хранить документы брюки: По боковому шву расположен накладной карман с клапаном на липучку для маркера или разводного ключа,157
793142592,Одежда специальная для защиты от искр и брызг расплавленного металла,Модель: Костюм сварщика мужской летний «Цезарь»,157
793142592,Одежда специальная для защиты от искр и брызг расплавленного металла,Карманы: Куртка: боковые карманы в швах,157
793142592,Одежда специальная для защиты от искр и брызг расплавленного металла,Застежка: Куртка: с потайной застежкой на пуговицах,157
793142592,Одежда специальная для защиты от искр и брызг расплавленного металла,Ткань: брезент с огнезащитной отделкой,157
793142592,Одежда специальная для защиты от искр и брызг расплавленного металла,Утеплитель: :ватин,157
793142593,Одежда специальная повышенной видимости,Вид: Одежда специальная повышенной видимости,523
793142593,Одежда специальная повышенной видимости,Плотность материала: 150 гр/м2,523
793142593,Одежда специальная повышенной видимости,Цвет: темно-синий с флуоресцентным желтым,523
793142593,Одежда специальная повышенной видимости,Вид: Водоотталкивающая,523
793142593,Одежда специальная повышенной видимости,Состав ткани: 100 полиамид %,523
793142593,Одежда специальная повышенной видимости,Световозвращающий материал: лента см,523
793142593,Одежда специальная повышенной видимости,Класс одежды в зависимости от площади сигнальных элементов: 2,523
793142593,Одежда специальная повышенной видимости,Плотность утеплителя: 250 гр/м2,523
793142593,Одежда специальная повышенной видимости,Застежка: Центральная застежка на прочную двухзамковую молнию и ветрозащитный клапан.,523
793142593,Одежда специальная повышенной видимости,Капюшон: съемный,523
793142593,Одежда специальная повышенной видимости,Модель: Костюм мужской летний сигнальный «Люмос»,523
793142593,Одежда специальная повышенной видимости,Наличие дополнительных элементов на одежду: Сигнальные элементы,523
793142593,Одежда специальная повышенной видимости,Утеплитель: флис,523
793142593,Одежда специальная повышенной видимости,Состав отделочной ткани: 65 полиэфир,523
793142593,Одежда специальная повышенной видимости,Половая принадлежность: мужской,523
793142702,Одежда специальная для защиты от насекомых и паукообразных,Плотность ткани: 250 гр/м2,29
793142702,Одежда специальная для защиты от насекомых и паукообразных,Вид: Защита от паукообразных (клещей),29
793142702,Одежда специальная для защиты от насекомых и паукообразных,Капюшон: несъемный (втачной) комбинированный с расширенной передней частью,29
793142702,Одежда специальная для защиты от насекомых и паукообразных,Вид: Одежда специальная для защиты от насекомых и паукообразных,29
793142702,Одежда специальная для защиты от насекомых и паукообразных,Модель: Костюм мужской противоэнцефалитный «Лес» васильковый,29
793142702,Одежда специальная для защиты от насекомых и паукообразных,Цвет: васильковый,29
793142702,Одежда специальная для защиты от насекомых и паукообразных,Половая принадлежность: Мужской,29
793142702,Одежда специальная для защиты от насекомых и паукообразных,Вид: Куртка,29
793142702,Одежда специальная для защиты от насекомых и паукообразных,Вид: Брюки,29
793142702,Одежда специальная для защиты от насекомых и паукообразных,Защитные свойства: Костюм обеспечивает постоянную эффективную защиту от клещей и гнуса – комплекса летающих кровососущих насекомых (комары,29
793142702,Одежда специальная для защиты от насекомых и паукообразных,) благодаря совокупности методов защиты: механического (конструкция изделия и ткань,29
793142702,Одежда специальная для защиты от насекомых и паукообразных,Комплектация костюма: Куртка,29
793142702,Одежда специальная для защиты от насекомых и паукообразных,Материал: «Премьер Cotton 250» с Инсектоакарицидной отделкой,29
793142702,Одежда специальная для защиты от насекомых и паукообразных,Материал подкладки: поливискоза с водоотталкивающей отделкой – для внутренней юбки куртки и внутренних напульсников брюк. Сетка трикотажная для подкладки ткани с инсектоакарицидной пропиткой,29
793142702,Одежда специальная для защиты от насекомых и паукообразных,Капюшон: Капюшон несъемный с козырьком,29
793142812,Одежда специальная для защиты от неблагоприятных погодных условий,Вид: Одежда специальная для защиты от неблагоприятных погодных условий,24
793142812,Одежда специальная для защиты от неблагоприятных погодных условий,Вид: Куртка,24
793142812,Одежда специальная для защиты от неблагоприятных погодных условий,Половая принадлежность: Мужской,24
793142812,Одежда специальная для защиты от неблагоприятных погодных условий,Вид: Застежка-молния,24
793142812,Одежда специальная для защиты от неблагоприятных погодных условий,Цвет: серый,24
793142812,Одежда специальная для защиты от неблагоприятных погодных условий,Назначение: для защиты от общих производственных загрязнений и механических воздействий,24
793142812,Одежда специальная для защиты от неблагоприятных погодных условий,Подкладка: 100% полиэфир,24
793142812,Одежда специальная для защиты от неблагоприятных погодных условий,Цвет: светлый хаки,24
793142812,Одежда специальная для защиты от неблагоприятных погодных условий,Сигнальные элементы: отделка из световозвращающего материала,24
793142812,Одежда специальная для защиты от неблагоприятных погодных условий,Модель: Куртка мужская утепленная «Аэро»,24
793142812,Одежда специальная для защиты от неблагоприятных погодных условий,Рост: 170-176 см,24
793142812,Одежда специальная для защиты от неблагоприятных погодных условий,Вид: Костюм,24
793142812,Одежда специальная для защиты от неблагоприятных погодных условий,Защитные свойства: От нетоксичной пыли (Пн),24
793142812,Одежда специальная для защиты от неблагоприятных погодных условий,Цвет: Красный/светло-серый,24
793142812,Одежда специальная для защиты от неблагоприятных погодных условий,Характеристики спилка: Шлифованный,24
793142813,Одежда специальная для защиты от пониженных температур,Вид: Одежда специальная для защиты от пониженных температур,2242
793142813,Одежда специальная для защиты от пониженных температур,Материал подкладки: 100 полиэфир,2242
793142813,Одежда специальная для защиты от пониженных температур,Климатический пояс: для эксплуатации в I,2242
793142813,Одежда специальная для защиты от пониженных температур,Плотность утеплителя: 150.00000 гр/м2,2242
793142813,Одежда специальная для защиты от пониженных температур,Вид: водоотталкивающая,2242
793142813,Одежда специальная для защиты от пониженных температур,Состав: 100 полиамид %,2242
793142813,Одежда специальная для защиты от пониженных температур,Половая принадлежность: мужской,2242
793142813,Одежда специальная для защиты от пониженных температур,Класс защиты одежды: 3(4) класс защиты от пониженных температур воздуха и ветра,2242
793142813,Одежда специальная для защиты от пониженных температур,Утеплитель: «Филгуд»,2242
793142813,Одежда специальная для защиты от пониженных температур,Количество слоев утеплителя: 3 шт,2242
793142813,Одежда специальная для защиты от пониженных температур,Световозвращающие полосы: лента,2242
793142813,Одежда специальная для защиты от пониженных температур,Утеплитель: Шелтер® Микро,2242
793142813,Одежда специальная для защиты от пониженных температур,Плотность: 126 гр/м2,2242
793142813,Одежда специальная для защиты от пониженных температур,Цвет: темно-синий,2242
793142813,Одежда специальная для защиты от пониженных температур,Вид: масловодоотталкивающая,2242
793143032,Одежда специальная для защиты от общих производственных загрязнений и механических воздействий,Вид: Одежда специальная для защиты от общих производственных загрязнений и механических воздействий,5098
793143032,Одежда специальная для защиты от общих производственных загрязнений и механических воздействий,Состав ткани: 65 полиэфир,5098
793143032,Одежда специальная для защиты от общих производственных загрязнений и механических воздействий,Плотность: 250 гр/м2,5098
793143032,Одежда специальная для защиты от общих производственных загрязнений и механических воздействий,Пол: мужской,5098
793143032,Одежда специальная для защиты от общих производственных загрязнений и механических воздействий,Отделка: малосминаемая,5098
793143032,Одежда специальная для защиты от общих производственных загрязнений и механических воздействий,Ткань: смесовая,5098
793143032,Одежда специальная для защиты от общих производственных загрязнений и механических воздействий,Световозвращающий материал: лента см,5098
793143032,Одежда специальная для защиты от общих производственных загрязнений и механических воздействий,Цвет: темно-синий,5098
793143032,Одежда специальная для защиты от общих производственных загрязнений и механических воздействий,Отделка: водоотталкивающая,5098
793143032,Одежда специальная для защиты от общих производственных загрязнений и механических воздействий,Силуэт: полуприлегающий,5098
793143032,Одежда специальная для защиты от общих производственных загрязнений и механических воздействий,Ткань: «Индестрактбл»,5098
793143032,Одежда специальная для защиты от общих производственных загрязнений и механических воздействий,В составе комплекта (костюма): Куртка + брюки,5098
793143032,Одежда специальная для защиты от общих производственных загрязнений и механических воздействий,Состав ткани: 60 хлопок,5098
793143032,Одежда специальная для защиты от общих производственных загрязнений и механических воздействий,Описание: Не является медицинским изделием,5098
793143032,Одежда специальная для защиты от общих производственных загрязнений и механических воздействий,Карманы: накладные,5098
793143142,Одежда специальная для защиты от повышенных температур,Вид: Одежда специальная для защиты от повышенных температур,9
793143142,Одежда специальная для защиты от повышенных температур,Трикотажного полотна основного материала: трикотажное полотно,9
793143142,Одежда специальная для защиты от повышенных температур,Состав ткани: 100 хлопок %,9
793143142,Одежда специальная для защиты от повышенных температур,В составе комплекта (костюма): Куртка + брюки,9
793143142,Одежда специальная для защиты от повышенных температур,Отделка: огнестойкая,9
793143142,Одежда специальная для защиты от повышенных температур,Ткань: «Молескин»,9
793143142,Одежда специальная для защиты от повышенных температур,Состав материала подкладки: полиэфир,9
793143142,Одежда специальная для защиты от повышенных температур,Утеплитель: Тинсулейт,9
793143142,Одежда специальная для защиты от повышенных температур,Плотность материала: 280 гр/м2,9
793143142,Одежда специальная для защиты от повышенных температур,Модель: Шапка вязаная двойная на Тинсулейте® темно-синяя,9
793143142,Одежда специальная для защиты от повышенных температур,Утеплитель: Тинсулейт®.,9
793143142,Одежда специальная для защиты от повышенных температур,Материал: 100 ПАН %,9
793143142,Одежда специальная для защиты от повышенных температур,Размер: 55,9
793143142,Одежда специальная для защиты от повышенных температур,Отделка: огнестойкая Proban,9
793143142,Одежда специальная для защиты от повышенных температур,Вид: С подворотом,9
793143252,Элементы специальной одежды и средств защиты,Вид: Специальная экипировка,2
793143252,Элементы специальной одежды и средств защиты,Назначение: для сварочных процессов MMA – TIG – MIG/MAG,2
793143252,Элементы специальной одежды и средств защиты,Материал изделия: ударопрочный нейлон,2
793143252,Элементы специальной одежды и средств защиты,Температура эксплуатации: от –10 до +55 [0*]С,2
793143252,Элементы специальной одежды и средств защиты,Вес: 0.18000 кг,2
793143252,Элементы специальной одежды и средств защиты,Высота: 130.00000 мм,2
793143252,Элементы специальной одежды и средств защиты,Группа по назначению: Для защиты от искр и брызг расплавленного металла,2
793143252,Элементы специальной одежды и средств защиты,Длина: 210.00000 мм,2
793143252,Элементы специальной одежды и средств защиты,Материал: поликарбонат,2
793143252,Элементы специальной одежды и средств защиты,Совместимость: к щитку сварщика модели e684,2
793143252,Элементы специальной одежды и средств защиты,Тип: Внешнее,2
793143252,Элементы специальной одежды и средств защиты,Модель: e684,2
793143252,Элементы специальной одежды и средств защиты,Цвет: прозрачный,2
793299344,Средства индивидуальной защиты от падения с высоты (страховочная привязь),Вид: Средства индивидуальной защиты от падения с высоты (страховочная привязь),47
793299344,Средства индивидуальной защиты от падения с высоты (страховочная привязь),Температура использования: от –60 до +50 [0*]С,47
793299344,Средства индивидуальной защиты от падения с высоты (страховочная привязь),Длина: 2.00000 м,47
793299344,Средства индивидуальной защиты от падения с высоты (страховочная привязь),Материал: полиэфир,47
793299344,Средства индивидуальной защиты от падения с высоты (страховочная привязь),Статическая прочность: 15 килоньютон (kn),47
793299344,Средства индивидуальной защиты от падения с высоты (страховочная привязь),Рост: 170–200 см,47
793299344,Средства индивидуальной защиты от падения с высоты (страховочная привязь),Производитель: ПВ ООО ФИРМА ТЕХНОАВИА,47
793299344,Средства индивидуальной защиты от падения с высоты (страховочная привязь),Модель: Страховочная привязь ТА20,47
793299344,Средства индивидуальной защиты от падения с высоты (страховочная привязь),Применение: для безопасной остановки падения и является компонентом страховочной системы,47
793299344,Средства индивидуальной защиты от падения с высоты (страховочная привязь),Модель: Привязь «Высота 035» (vst 035),47
793299344,Средства индивидуальной защиты от падения с высоты (страховочная привязь),Масса: 1350 г,47
793299344,Средства индивидуальной защиты от падения с высоты (страховочная привязь),Обхват груди: 80–140 см,47
793299344,Средства индивидуальной защиты от падения с высоты (страховочная привязь),Материал: оцинкованная сталь.,47
793299344,Средства индивидуальной защиты от падения с высоты (страховочная привязь),Вид: Базовая страховочная привязь,47
793299344,Средства индивидуальной защиты от падения с высоты (страховочная привязь),Область применения: строительство,47
793300443,"Белье для спецодежды нательное, для взрослых",Вид: Белье для спецодежды нательное,62
793300443,"Белье для спецодежды нательное, для взрослых",Тип: хлопок,62
793300443,"Белье для спецодежды нательное, для взрослых",Плотность ткани: 210 гр/м2,62
793300443,"Белье для спецодежды нательное, для взрослых",Производитель: Россия,62
793300443,"Белье для спецодежды нательное, для взрослых",Особенности: Изготовлены из трикотажного полотна с эластичным переплетением,62
793300443,"Белье для спецодежды нательное, для взрослых",Модель: Кальсоны трикотажные «Тироль»,62
793300443,"Белье для спецодежды нательное, для взрослых",Состав: 100% хлопок %,62
793300443,"Белье для спецодежды нательное, для взрослых",Модель: Термобелье мужское «Беринг»,62
793300443,"Белье для спецодежды нательное, для взрослых",Состав: 100% %,62
793300443,"Белье для спецодежды нательное, для взрослых",Модель: Белье термостойкое «ВОЛЬТ л»,62
793300443,"Белье для спецодежды нательное, для взрослых",Область применения: Термобелье предназначено для действий средней активности при ношении в прохладную и холодную погоду.,62
793300443,"Белье для спецодежды нательное, для взрослых",Особенности: Термобелье «Беринг» выполнено из эластичного трикотажного полотна переплетения «джерси». Соединительные швы выполнены плоским швом (флэтлок),62
793300443,"Белье для спецодежды нательное, для взрослых",Вид: 1 уровень,62
793300443,"Белье для спецодежды нательное, для взрослых",Область применения: в комплекте со специальной одеждой,62
793300443,"Белье для спецодежды нательное, для взрослых",Область применения: для холодной и очень холодной погоды,62
793300662,Одежда специальная для защиты от термических рисков электрической дуги,Вид: Одежда специальная для защиты от термических рисков электрической дуги,49
793300662,Одежда специальная для защиты от термических рисков электрической дуги,Ткань основная: арамидная термоогнестойкая,49
793300662,Одежда специальная для защиты от термических рисков электрической дуги,Конструкция: обеспечивает хорошую посадку на фигуре,49
793300662,Одежда специальная для защиты от термических рисков электрической дуги,Особенности модели: Куртка-рубашка комплектуется набором для мелкого ремонта: огнестойкие нитки,49
793300662,Одежда специальная для защиты от термических рисков электрической дуги,Манжета: рукавов застегиваются на петлю и пуговицы,49
793300662,Одежда специальная для защиты от термических рисков электрической дуги,Застежка: Центральная потайная на пуговицы по борту и липучку на воротнике.,49
793300662,Одежда специальная для защиты от термических рисков электрической дуги,Рукава: с фигурным локтевым швом соответствуют основному положению рук при работе,49
793300662,Одежда специальная для защиты от термических рисков электрической дуги,Ткань основная: 93 мета-арамид,49
793300662,Одежда специальная для защиты от термических рисков электрической дуги,Пуфта: в виде треугольника внизу локтевых швов закрывает разрез рукава – для защиты возможной зоны поражения.,49
793300662,Одежда специальная для защиты от термических рисков электрической дуги,Модель: Куртка-рубашка «ВОЛЬТ л 160-6»,49
793300662,Одежда специальная для защиты от термических рисков электрической дуги,Вид: из световозвращающего материала позволяют сделать человека заметным в условиях недостаточной видимости,49
793300662,Одежда специальная для защиты от термических рисков электрической дуги,Защитные свойства: ащита от термического воздействия электрической дуги,49
793300662,Одежда специальная для защиты от термических рисков электрической дуги,Защита: :2 уровень защиты,49
793300662,Одежда специальная для защиты от термических рисков электрической дуги,Плотность ткaни: 160 гр/м2,49
793300662,Одежда специальная для защиты от термических рисков электрической дуги,Воротник: отложной со стойкой.,49
793300772,"Средства защиты ног, кроме обуви специальной",Вид: Средства защиты ног,8
793300772,"Средства защиты ног, кроме обуви специальной",Внутренний слой: Металлизированная пленка,8
793300772,"Средства защиты ног, кроме обуви специальной",Материал: трехслойное нетканое полотно «Полизон»,8
793300772,"Средства защиты ног, кроме обуви специальной",Температурный режим: до -30 [0*]С,8
793300772,"Средства защиты ног, кроме обуви специальной",Модель: Чулки вкладные «Полизон»,8
793300772,"Средства защиты ног, кроме обуви специальной",Цвет: Серый с черным,8
793300772,"Средства защиты ног, кроме обуви специальной",Вид: наколенники,8
793300772,"Средства защиты ног, кроме обуви специальной",Материал корпуса: ЭВА,8
793300772,"Средства защиты ног, кроме обуви специальной",Модель: Наколенники «Универсал»,8
793300772,"Средства защиты ног, кроме обуви специальной",Размер: 39 (247),8
793300772,"Средства защиты ног, кроме обуви специальной",Вид: Чулок вкладной,8
793300772,"Средства защиты ног, кроме обуви специальной",Метод крепления подошвы: клеепрошивной,8
793300772,"Средства защиты ног, кроме обуви специальной",Подкладка: нетканое полотно повышенной плотности устойчивое к истиранию,8
793300772,"Средства защиты ног, кроме обуви специальной",Подносок: термопластичный,8
793300772,"Средства защиты ног, кроме обуви специальной",Модель: Омон,8
793302093,Средства дезинсекционные,Объем: 147.00000 см[3*],1
793302093,Средства дезинсекционные,Состав: N,1
793302093,Средства дезинсекционные,Вид: Бытовая химия,1
793302093,Средства дезинсекционные,Вид: Средства дезинсекционные,1
793302093,Средства дезинсекционные,Время защитного действия при нанесении на кожу: более 4 часов,1
793302093,Средства дезинсекционные,Время защитного действия при нанесении на одежду о: до 30 сут,1
793302093,Средства дезинсекционные,Способ применения: Перед применением баллон встряхнуть. Распылить средство на ладонь и нанести,1
793302093,Средства дезинсекционные,Модель: Аэрозоль-репеллент «Рефтамид Максимум» 147 мл,1
793302204,Мыло туалетное жидкое,Вид: крем жидкое,2
793302204,Мыло туалетное жидкое,Назначение: Применяется для удаления легких производственных загрязнений и защитных кремов с кожи рук и лица.,2
793302204,Мыло туалетное жидкое,Вид: бутыль с помпой-дозатором,2
793302204,Мыло туалетное жидкое,Вес: 0.25000 кг,2
793302204,Мыло туалетное жидкое,Объем: 0.02500 Л,2
793302204,Мыло туалетное жидкое,Вес: 0.50000 кг,2
793302204,Мыло туалетное жидкое,Объем: 0.50000 Л,2
793303632,Средства для индивидуальной защиты кожи,Тип: Флип-Топ с пластиковым контролем первого вскрытия,7
793303632,Средства для индивидуальной защиты кожи,Тип: экструзионная туба,7
793303632,Средства для индивидуальной защиты кожи,Срок хранения: 30 мес,7
793303632,Средства для индивидуальной защиты кожи,Объем: 100 см[3*],7
793303632,Средства для индивидуальной защиты кожи,Объем: 100 миллилитр,7
793303632,Средства для индивидуальной защиты кожи,Масса: 100 г,7
793303632,Средства для индивидуальной защиты кожи,Вид: Восстанавливающий регенерирующий крем,7
793303632,Средства для индивидуальной защиты кожи,Назначение: Эффективно восстанавливает кожу рук,7
793303632,Средства для индивидуальной защиты кожи,Содержит: провитамины и специальные увлажняющие и питающие компоненты,7
793303632,Средства для индивидуальной защиты кожи,Вид: Крем защитный гидрофобного действия,7
793303632,Средства для индивидуальной защиты кожи,Назначение: предназначен для защиты кожи от водорастворимых вредных производственных факторов и веществ (растворов щелочей,7
793303632,Средства для индивидуальной защиты кожи,Время действия: не менее 4 часов.,7
793303632,Средства для индивидуальной защиты кожи,Назначение: После окончания работ нанести 0,7
793303632,Средства для индивидуальной защиты кожи,Температурный режим использования: от 0 и выше [0*]С,7
793303632,Средства для индивидуальной защиты кожи,Торговая марка: Garda,7
793306602,Принадлежности для ухода за одеждой и обувью,Вид: Принадлежности и инвентарь бытовые,1
793306602,Принадлежности для ухода за одеждой и обувью,Вид: Принадлежности для ухода за одеждой и обувью,1
793306602,Принадлежности для ухода за одеждой и обувью,Материал: прочная высококачественная сталь с эмалевым покрытием,1
793306602,Принадлежности для ухода за одеждой и обувью,Назначение: Для быстрого и комфортного надевания обуви,1
793306602,Принадлежности для ухода за одеждой и обувью,Модель: Ложка для обуви SALTON металлическая,1
793306602,Принадлежности для ухода за одеждой и обувью,Цвет: желтый,1
793315402,Пижамы для взрослых,Состав: 100 хлопок %,37
793315402,Пижамы для взрослых,Плотность: 230 гр/м2,37
793315402,Пижамы для взрослых,Цвет: зеленый,37
793315402,Пижамы для взрослых,Модель: Белье мужское утепленное «Камыш» (трикотажное полотно х/б с начесом),37
793315402,Пижамы для взрослых,Комплектность: фуфайка и кальсоны,37
793315402,Пижамы для взрослых,Пол: мужской,37
793315402,Пижамы для взрослых,Состав: 30 шерсть,37
793315402,Пижамы для взрослых,Рост: 100/182-188,37
793315402,Пижамы для взрослых,Назначение: для действий средней активности при ношении в прохладную и холодную погоду,37
793315402,Пижамы для взрослых,Модель: Термобелье мужское Island Cup р.108-112,37
793315842,Ветровки для взрослых,Состав ткани верха: 100% полиамид,5
793315842,Ветровки для взрослых,Ткань верха: мембранная,5
793315842,Ветровки для взрослых,Отделка ткани: водоотталкивающая,5
793315842,Ветровки для взрослых,Модель: Куртка-ветровка мужская «Реал»,5
793315842,Ветровки для взрослых,Пол: мужской,5
793315842,Ветровки для взрослых,Рост: 170-176,5
793315842,Ветровки для взрослых,Цвет: серый,5
793315842,Ветровки для взрослых,Модель: Куртка-ветровка мужская «Реал» р.128-132/170-176,5
793315842,Ветровки для взрослых,Рост: 96-100/170-176,5
793315842,Ветровки для взрослых,Рост: 88-92/170-176,5
793315844,Куртки для взрослых из текстильных материалов демисезонные,Застёжка: двухзамковая металлическая молния и потайные кнопки,29
793315844,Куртки для взрослых из текстильных материалов демисезонные,Карманы: :с клапанами на кнопках и прорезные карманы,29
793315844,Куртки для взрослых из текстильных материалов демисезонные,Утеплитель: :Шелтер® Микро,29
793315844,Куртки для взрослых из текстильных материалов демисезонные,Воротник: :стойка,29
793315844,Куртки для взрослых из текстильных материалов демисезонные,Плотность ткани: 110 г/кв.м,29
793315844,Куртки для взрослых из текстильных материалов демисезонные,Плотность утеплителя: 150 гр/м2,29
793315844,Куртки для взрослых из текстильных материалов демисезонные,Модель: Куртка мужская утепленная «Аэро»,29
793315844,Куртки для взрослых из текстильных материалов демисезонные,Ткань: 100 полиэфир %,29
793315844,Куртки для взрослых из текстильных материалов демисезонные,Цвет: черно-синий,29
793315844,Куртки для взрослых из текстильных материалов демисезонные,Вид: Куртки для взрослых из текстильных материалов демисезонные,29
793315844,Куртки для взрослых из текстильных материалов демисезонные,Вид: Куртки для взрослых,29
793315844,Куртки для взрослых из текстильных материалов демисезонные,Рост: 120/188,29
793315955,Пальто для взрослых из текстильных материалов зимние,Вид: Пальто для взрослых,1
793315955,Пальто для взрослых из текстильных материалов зимние,Вид: Пальто для взрослых из текстильных материалов,1
793315955,Пальто для взрослых из текстильных материалов зимние,Вид: Пальто для взрослых из текстильных материалов зимние,1
793315955,Пальто для взрослых из текстильных материалов зимние,Карманы: В рельефах – боковые карманы на потайной молнии,1
793315955,Пальто для взрослых из текстильных материалов зимние,Застёжка: двухзамковая молния,1
793315955,Пальто для взрослых из текстильных материалов зимние,Подкладка: 100 полиэфир с антистатической отделкой %,1
793315955,Пальто для взрослых из текстильных материалов зимние,Капюшон: Мягкий теплый несъемный капюшон с подкладкой из искусственного меха,1
793315955,Пальто для взрослых из текстильных материалов зимние,Рукава: с трикотажными напульсниками внутри.,1
793315955,Пальто для взрослых из текстильных материалов зимние,Ткань верха: 100 полиэфир %,1
793315955,Пальто для взрослых из текстильных материалов зимние,Модель: Пальто женское зимнее «Герда»,1
793315955,Пальто для взрослых из текстильных материалов зимние,Цвет: :темно-синий,1
793315955,Пальто для взрослых из текстильных материалов зимние,Отделка: водоотталкивающая,1
793316172,Куртки для взрослых из текстильных материалов зимние,Количество слоев утеплителя: 3,56
793316172,Куртки для взрослых из текстильных материалов зимние,Состав ткани верха: 100 полиамид %,56
793316172,Куртки для взрослых из текстильных материалов зимние,Назначение: для защиты от пониженных температур,56
793316172,Куртки для взрослых из текстильных материалов зимние,Утеплитель: Шелтер® Микро,56
793316172,Куртки для взрослых из текстильных материалов зимние,Цвет: основной – темно-серый,56
793316172,Куртки для взрослых из текстильных материалов зимние,Отделка ткани: водоотталкивающая,56
793316172,Куртки для взрослых из текстильных материалов зимние,Пол: мужской,56
793316172,Куртки для взрослых из текстильных материалов зимние,Сезон: зима,56
793316172,Куртки для взрослых из текстильных материалов зимние,Вид: Куртки для взрослых из текстильных материалов зимние,56
793316172,Куртки для взрослых из текстильных материалов зимние,Подкладка: 100 полиэфир %,56
793316172,Куртки для взрослых из текстильных материалов зимние,Модель: Куртка мужская зимняя «Айсберг»,56
793316172,Куртки для взрослых из текстильных материалов зимние,Ткань верха: мембранная «Полириб Н»,56
793316172,Куртки для взрослых из текстильных материалов зимние,Утеплитель: «Филгуд»,56
793316172,Куртки для взрослых из текстильных материалов зимние,Застежка: на двухзамковую молнию и внешний ветрозащитный клапан на кнопках,56
793316172,Куртки для взрослых из текстильных материалов зимние,Сигнальные элементы: световозвращающие принты,56
793316282,Куртки для взрослых с верхом из меха зимние,Подкладка: 100 полиэфир %,9
793316282,Куртки для взрослых с верхом из меха зимние,Количество слоев утеплителя: 3 шт,9
793316282,Куртки для взрослых с верхом из меха зимние,Вид: Куртки для взрослых с верхом из меха,9
793316282,Куртки для взрослых с верхом из меха зимние,Состав ткани верха: «Полириб Н» 100 полиамид %,9
793316282,Куртки для взрослых с верхом из меха зимние,Застежка: двухзамковая молния и ветрозащитный клапан,9
793316282,Куртки для взрослых с верхом из меха зимние,Назначение: для защиты от пониженных температур воздуха и ветра,9
793316282,Куртки для взрослых с верхом из меха зимние,Отделка ткани: ветрозащитная,9
793316282,Куртки для взрослых с верхом из меха зимние,Модель: Куртка мужская зимняя «Аляска»,9
793316282,Куртки для взрослых с верхом из меха зимние,Плотность ткани: 180 г/кв.м,9
793316282,Куртки для взрослых с верхом из меха зимние,Утеплитель: «Филгуд»,9
793316282,Куртки для взрослых с верхом из меха зимние,Материал опушки капюшона: с опушкой из натурального меха (енот),9
793316282,Куртки для взрослых с верхом из меха зимние,Отделка ткани: масловодоотталкивающая Teflon® (DuPont),9
793316282,Куртки для взрослых с верхом из меха зимние,Цвет: темно-серый,9
793316282,Куртки для взрослых с верхом из меха зимние,Пол: мужской,9
793316282,Куртки для взрослых с верхом из меха зимние,Сигнальные элементы: световозвращающие принты,9
793316613,Шапки зимние для взрослых,Состав: 100 полиамид %,46
793316613,Шапки зимние для взрослых,Подкладка: овчина меховая и фланель,46
793316613,Шапки зимние для взрослых,Вид: Шапки,46
793316613,Шапки зимние для взрослых,Вид: Шапки зимние для взрослых,46
793316613,Шапки зимние для взрослых,Материал утеплителя: Шелтер® Микро,46
793316613,Шапки зимние для взрослых,Утеплитель (подкладка): Шелтер® Микро и натуральный мех,46
793316613,Шапки зимние для взрослых,Модель: Шапка-ушанка «Енисей» с креплениями под каску,46
793316613,Шапки зимние для взрослых,Особенности: Имеются слуховые отверстия,46
793316613,Шапки зимние для взрослых,Состав: 65 полиэфир,46
793316613,Шапки зимние для взрослых,Ткань: «Полириб Н»,46
793316613,Шапки зимние для взрослых,Описание: Ушки со шнурком с фиксатором могут застегиваться под подбородком,46
793316613,Шапки зимние для взрослых,Подкладка: флис,46
793316613,Шапки зимние для взрослых,Размер: 55-62,46
793316613,Шапки зимние для взрослых,Цвет: темно-синий,46
793316613,Шапки зимние для взрослых,Модель: «Капитан»,46
793334322,Бельевые изделия нательные спортивные для взрослых,Вид: Спортивная одежда для взрослых,12
793334322,Бельевые изделия нательные спортивные для взрослых,Модель: Беринг,12
793334322,Бельевые изделия нательные спортивные для взрослых,Вид: Термобелье,12
793334322,Бельевые изделия нательные спортивные для взрослых,Состав: 50% хлопок,12
793334322,Бельевые изделия нательные спортивные для взрослых,Плотность: 200 гр/м2,12
793334322,Бельевые изделия нательные спортивные для взрослых,Половой признак: Мужской,12
793334322,Бельевые изделия нательные спортивные для взрослых,Состав: 30 шерсть,12
793334322,Бельевые изделия нательные спортивные для взрослых,Назначение: Специальное двухслойное термобелье разработано для использования в суровых климатических условиях.,12
793334322,Бельевые изделия нательные спортивные для взрослых,В составе комплекта (костюма): лосины+фуфайка,12
793334322,Бельевые изделия нательные спортивные для взрослых,Модель: Термобелье женское Island Cup,12
793334322,Бельевые изделия нательные спортивные для взрослых,Цвет: Черный,12
793334322,Бельевые изделия нательные спортивные для взрослых,Размер российский: 92/176,12
793334322,Бельевые изделия нательные спортивные для взрослых,Рост: 96/176 см,12
793334322,Бельевые изделия нательные спортивные для взрослых,Размер: 88-92 (S),12
793334322,Бельевые изделия нательные спортивные для взрослых,Комплект: кальсоны + фуфайка/,12
793341142,Джемперы для взрослых,Состав: 50 полиакрил,10
793341142,Джемперы для взрослых,Вид: Джемперы для взрослых,10
793341142,Джемперы для взрослых,Модель: Джемпер полушерстяной (без рукавов),10
793341142,Джемперы для взрослых,Вид: Джемперы,10
793341142,Джемперы для взрослых,Пол: мужской,10
793341142,Джемперы для взрослых,Рост: 100/182-188,10
793341142,Джемперы для взрослых,Рост: 96/182-188,10
793341142,Джемперы для взрослых,Рост: 112/170-176,10
793341142,Джемперы для взрослых,Рост: 112/182-188,10
793341142,Джемперы для взрослых,Рост: 104/182-188,10
793341142,Джемперы для взрослых,Рост: 108/182-188,10
793341142,Джемперы для взрослых,Рост: 96/170-176,10
793341142,Джемперы для взрослых,Рост: 104/170-176,10
793341142,Джемперы для взрослых,Рост: 108/170-176,10
793341142,Джемперы для взрослых,Рост: 100/170-176,10
793341252,Свитеры для взрослых,Вид: Свитеры для взрослых,1
793341252,Свитеры для взрослых,Вид: Джемперы,1
793341252,Свитеры для взрослых,Материал: 30 шерсть,1
793341252,Свитеры для взрослых,Вырез: круглый,1
793341252,Свитеры для взрослых,Модель: Свитер полушерстяной,1
793341252,Свитеры для взрослых,Размер: 96/170-176,1
793347084,Перчатки из полимерных материалов для защиты от внешних воздействий,Вид: Перчатки из полимерных материалов для защиты от внешних воздействий,136
793347084,Перчатки из полимерных материалов для защиты от внешних воздействий,Вид: Средства защиты рук,136
793347084,Перчатки из полимерных материалов для защиты от внешних воздействий,Размер: 10,136
793347084,Перчатки из полимерных материалов для защиты от внешних воздействий,Вид: перчатки,136
793347084,Перчатки из полимерных материалов для защиты от внешних воздействий,Класс вязки: 15,136
793347084,Перчатки из полимерных материалов для защиты от внешних воздействий,Вид: Хлопковое напыление с антибактериальной обработкой,136
793347084,Перчатки из полимерных материалов для защиты от внешних воздействий,Назначение: работы с замасленными и мелкими деталями,136
793347084,Перчатки из полимерных материалов для защиты от внешних воздействий,Материал основы: полиэфир,136
793347084,Перчатки из полимерных материалов для защиты от внешних воздействий,Толщина: 0.40000 мм,136
793347084,Перчатки из полимерных материалов для защиты от внешних воздействий,Материал покрытия: нитрильный латекс,136
793347084,Перчатки из полимерных материалов для защиты от внешних воздействий,Вид: Поливинилхлоридное,136
793347084,Перчатки из полимерных материалов для защиты от внешних воздействий,Материал перчаток: Хлопчатобумажная ткань,136
793347084,Перчатки из полимерных материалов для защиты от внешних воздействий,Класс вязки: 15.00000 класс,136
793347084,Перчатки из полимерных материалов для защиты от внешних воздействий,Размер перчаток: 9.00000,136
793347084,Перчатки из полимерных материалов для защиты от внешних воздействий,Защитные свойства: Предназначены для защиты рук от растворов кислот и щелочей концентрации до 20%,136
793347963,Перчатки трикотажные для защиты от внешних воздействий,Вид: Перчатки трикотажные для защиты от внешних воздействий,79
793347963,Перчатки трикотажные для защиты от внешних воздействий,Вид: Средства защиты рук,79
793347963,Перчатки трикотажные для защиты от внешних воздействий,Размер: 10.00000,79
793347963,Перчатки трикотажные для защиты от внешних воздействий,Вид: перчатки,79
793347963,Перчатки трикотажные для защиты от внешних воздействий,Класс вязки: 10,79
793347963,Перчатки трикотажные для защиты от внешних воздействий,Класс вязки: 10.00000,79
793347963,Перчатки трикотажные для защиты от внешних воздействий,Защитные свойства: Перчатки имеют защиту против истирания на уровне 3,79
793347963,Перчатки трикотажные для защиты от внешних воздействий,Защитные свойства: защита от термического воздействия электрической дуги,79
793347963,Перчатки трикотажные для защиты от внешних воздействий,Плотность материала: 440 гр/м2,79
793347963,Перчатки трикотажные для защиты от внешних воздействий,Состав ткани: 98 мета-арамид,79
793347963,Перчатки трикотажные для защиты от внешних воздействий,Модель: Перчатки термостойкие «ВОЛЬТ л»,79
793347963,Перчатки трикотажные для защиты от внешних воздействий,Описание: Перчатки бесшовные,79
793347963,Перчатки трикотажные для защиты от внешних воздействий,Назначение: для защиты рук от механических воздействий и истирания,79
793347963,Перчатки трикотажные для защиты от внешних воздействий,Размeр: 9,79
793347963,Перчатки трикотажные для защиты от внешних воздействий,Особенности: трикотажные перчатки изготовлены из комбинированного сырья (полиэфирной нити и хлопчатобумажной пряжи). Имеют точечное ПВХ-покрытие ладони,79
793347964,Рукавицы для защиты от внешних воздействий,Вид: Рукавицы,22
793347964,Рукавицы для защиты от внешних воздействий,Вид: Средства защиты рук,22
793347964,Рукавицы для защиты от внешних воздействий,Модель: Рукавицы меховые,22
793347964,Рукавицы для защиты от внешних воздействий,Материал верха: отборный шлифованный однородный кожевенный спилок высшего сорта толщиной 1,22
793347964,Рукавицы для защиты от внешних воздействий,Материал подкладки: х/б полотно,22
793347964,Рукавицы для защиты от внешних воздействий,Особенности модели: увеличенный раструб манжеты,22
793347964,Рукавицы для защиты от внешних воздействий,Размер: 2 (27),22
793347964,Рукавицы для защиты от внешних воздействий,Вес: 400 г,22
793347964,Рукавицы для защиты от внешних воздействий,Назначение: для сварочных работ всех видов,22
793347964,Рукавицы для защиты от внешних воздействий,Вид: натуральная овчина,22
793347964,Рукавицы для защиты от внешних воздействий,Назначение: предназначены для защиты рук от механических воздействий (истирания) и общих производственных загрязнений в условиях воздействия пониженных температур.,22
793347964,Рукавицы для защиты от внешних воздействий,Защита: Нс Нм К80 Щ50 Ми Мп Тн,22
793347964,Рукавицы для защиты от внешних воздействий,Защитные свойства: устойчивость к жирам,22
793347964,Рукавицы для защиты от внешних воздействий,Особенности: вкладками из искусственного меха,22
793347964,Рукавицы для защиты от внешних воздействий,Модель: Рукавицы утепленные «Йока Терм R101»,22
793348072,Брюки для взрослых,Вид: Брюки для взрослых,286
793348072,Брюки для взрослых,Половая принадлежность: женский,286
793348072,Брюки для взрослых,Состав ткани: 65 полиэфир,286
793348072,Брюки для взрослых,Назначение: для защиты от общих производственных загрязнений и механических воздействий,286
793348072,Брюки для взрослых,Ткань: малосминаемая,286
793348072,Брюки для взрослых,Карманы: 4 кармана – по 2 спереди и сзади,286
793348072,Брюки для взрослых,Пояс: стянут эластичной тесьмой и фиксируется шнурком спереди,286
793348072,Брюки для взрослых,Назначение: Не является медицинским изделием,286
793348072,Брюки для взрослых,Модель: Брюки женские «Афина» розовые,286
793348072,Брюки для взрослых,Плотность: 245 г/кв.м,286
793348072,Брюки для взрослых,Состав: 47 бамбук,286
793348072,Брюки для взрослых,Ткань: «Индестрактбл»,286
793348072,Брюки для взрослых,Ткань: «Супербандмастер»,286
793348072,Брюки для взрослых,Цвет: розовый,286
793348072,Брюки для взрослых,Цвет: светло-серый,286
793348073,Перчатки швейные для защиты от внешних воздействий,Вид: Перчатки швейные для защиты от внешних воздействий,5
793348073,Перчатки швейные для защиты от внешних воздействий,Материал перчаток: лицевая коровья кожа толщиной 0,5
793348073,Перчатки швейные для защиты от внешних воздействий,Особенности модели: универсальные перчатки широкого спектра применения. Обеспечивают хороший захват и высокую чувствительность. Благодаря особому крою повторяют анатомическую форму руки,5
793348073,Перчатки швейные для защиты от внешних воздействий,Длина: 230–260 сантиметр (см),5
793348073,Перчатки швейные для защиты от внешних воздействий,Модель: Перчатки кожаные DEFENDER (Дефендер),5
793348073,Перчатки швейные для защиты от внешних воздействий,Вид: Средства защиты рук,5
793348073,Перчатки швейные для защиты от внешних воздействий,Материал перчаток: смесь хлопка,5
793348073,Перчатки швейные для защиты от внешних воздействий,Половая принадлежность: Муж/Жен,5
793348073,Перчатки швейные для защиты от внешних воздействий,Количество: 1 пара (2 шт),5
793348073,Перчатки швейные для защиты от внешних воздействий,Коллекция: перчатки для ювелиров,5
793348073,Перчатки швейные для защиты от внешних воздействий,Модель: Перчатки белые,5
793348073,Перчатки швейные для защиты от внешних воздействий,Материал основы: :нейлон,5
793348073,Перчатки швейные для защиты от внешних воздействий,Тип: велькро (Velcro),5
793348073,Перчатки швейные для защиты от внешних воздействий,Особенности модели: Виброзащитные элементы: силиконовая прокладка.,5
793348073,Перчатки швейные для защиты от внешних воздействий,Размер: L (9),5
793348403,"Нарукавники, наплечники для защиты рук",Вид: Нарукавники,4
793348403,"Нарукавники, наплечники для защиты рук",Вид: Средства защиты рук,4
793348403,"Нарукавники, наплечники для защиты рук",Защитные свойства: от общих производственных загрязнений – З.,4
793348403,"Нарукавники, наплечники для защиты рук",Материал: смесовая -хлопок,4
793348403,"Нарукавники, наплечники для защиты рук",Назначение: для защиты рук или рукавов спецодежды от общепроизводственных загрязнений.,4
793348403,"Нарукавники, наплечники для защиты рук",Модель: Нарукавники из смесовой ткани,4
793348403,"Нарукавники, наплечники для защиты рук",Размер: 80-108/158-200,4
793348403,"Нарукавники, наплечники для защиты рук",Ткань: 70 преокс,4
793348403,"Нарукавники, наплечники для защиты рук",Защитные свойства: К50,4
793348403,"Нарукавники, наплечники для защиты рук",Масса: 127 г,4
793348403,"Нарукавники, наплечники для защиты рук",Назначение: водонепроницаемые,4
793348403,"Нарукавники, наплечники для защиты рук",Модель: Нарукавники ПВХ VS-020,4
793348403,"Нарукавники, наплечники для защиты рук",Вид: Защита от химических воздействий,4
793348403,"Нарукавники, наплечники для защиты рук",Наплечников: Защита от повышенных загрязнений,4
793348403,"Нарукавники, наплечники для защиты рук",Материал нарукавников: полиуретан,4
793348842,Халаты производственные,Защитные свойства: для защиты от кислот концентрацией от 50% до 80% (по серной кислоте) – К80,20
793348842,Халаты производственные,Наличие карманов: Накладные боковые карманы с клапанами на пуговицу,20
793348842,Халаты производственные,Рукав: Рукава с манжетами на пуговицах предотвращают попадание ткани в механизмы,20
793348842,Халаты производственные,Состав: 100% полиэфир,20
793348842,Халаты производственные,Модель: Халат женский «Химик» для защиты от кислот и щелочей,20
793348842,Халаты производственные,Застежка: потайная застежка на пуговицы,20
793348842,Халаты производственные,Цвет отделки: васильковый и оранжевый,20
793348842,Халаты производственные,Плотность: 200 гр/м2,20
793348842,Халаты производственные,Цвет: темно-синий,20
793348842,Халаты производственные,Вид: Халаты производственные,20
793348842,Халаты производственные,Модель: Халат женский «Линда»,20
793348842,Халаты производственные,Описание: Не является медицинским изделием,20
793348842,Халаты производственные,Половой признак: Женский,20
793348842,Халаты производственные,Состав ткани: «Оксфорд» смесовая (50% TENCEL®,20
793348842,Халаты производственные,Ткань: 100 полиэфир %,20
793357683,Блузки женские,Модель: Блузка женская «Слим-Фит» белая,13
793357683,Блузки женские,Состав ткани: 60 хлопок,13
793357683,Блузки женские,Рукав: Длинный,13
793357683,Блузки женские,Ткань: Смесовая,13
793357683,Блузки женские,Плотность ткани: 125 г/кв.м,13
793357683,Блузки женские,Воротник: Отложной со стойкой,13
793357683,Блузки женские,Вид: на пуговицы,13
793357683,Блузки женские,Пол: Женский,13
793357683,Блузки женские,Плотность: 180 г/кв.м,13
793357683,Блузки женские,Цвет: Белый,13
793357683,Блузки женские,Цвет: бирюзовый,13
793357683,Блузки женские,Состав: 100 хлопок %,13
793357683,Блузки женские,Рост: 96/170,13
793357683,Блузки женские,Вид: Блузки женские,13
793357683,Блузки женские,Трикотажного полотна: Хлопок,13
793357687,Сорочки верхние мужские,Состав: 100 хлопок %,52
793357687,Сорочки верхние мужские,Пол: Мужской,52
793357687,Сорочки верхние мужские,Плотность: 180 гр/м2,52
793357687,Сорочки верхние мужские,Застежка: пуговицы,52
793357687,Сорочки верхние мужские,Силуэт: прямой,52
793357687,Сорочки верхние мужские,Воротник: Отложной со стойкой,52
793357687,Сорочки верхние мужские,Вид: На пуговицы,52
793357687,Сорочки верхние мужские,Плотность ткани: 180 гр/м2,52
793357687,Сорочки верхние мужские,Ткань: хлопок,52
793357687,Сорочки верхние мужские,Вид: Сорочки верхние мужские,52
793357687,Сорочки верхние мужские,Модель: Сорочка с воротником «Поло» черная,52
793357687,Сорочки верхние мужские,Рукав: Короткий,52
793357687,Сорочки верхние мужские,Вид: Рубашки (сорочки) для взрослых,52
793357687,Сорочки верхние мужские,Модель: Сорочка мужская «Аэро» белая,52
793357687,Сорочки верхние мужские,Цвет: Белый,52
793357691,Уборы головные для взрослых,Вид: Уборы головные для взрослых,49
793357691,Уборы головные для взрослых,Размер: 54-62,49
793357691,Уборы головные для взрослых,Вид: Уборы головные летние,49
793357691,Уборы головные для взрослых,Плотность ткaни: 126 гр/м2,49
793357691,Уборы головные для взрослых,Ткань: смесовая,49
793357691,Уборы головные для взрослых,Модель: Кепи-бейсболка утепленная синяя,49
793357691,Уборы головные для взрослых,Материал основы: 65 полиэфир,49
793357691,Уборы головные для взрослых,Цвет: темно-синий,49
793357691,Уборы головные для взрослых,Отделка: малосминаемая,49
793357691,Уборы головные для взрослых,Утеплитель: флис,49
793357691,Уборы головные для взрослых,Размер (универсальный): регулировка размера 54-62,49
793357691,Уборы головные для взрослых,Сезон: Лето,49
793357691,Уборы головные для взрослых,Ткань: полиамид,49
793357691,Уборы головные для взрослых,Состав ткани: 47 бамбук,49
793357691,Уборы головные для взрослых,Модель: Бандана «Лотос» сливовая,49
793357705,Респираторы,Вид: Респираторы,51
793357705,Респираторы,Степень защиты: 4 ПДК,51
793357705,Респираторы,Вид: Полумаска фильтрующая (респиратор),51
793357705,Респираторы,Модель: Полумаска фильтрующая (респиратор) РПГ-67,51
793357705,Респираторы,Тип: FFP1,51
793357705,Респираторы,Назначение: Защита от пыли и туманов,51
793357705,Респираторы,Масса: 480 г,51
793357705,Респираторы,Цвет товара: Белый,51
793357705,Респираторы,Тип: формованный,51
793357705,Респираторы,Класс фильтрующей эффективности: 2,51
793357705,Респираторы,Тип: неформованный,51
793357705,Респираторы,Назначение: :Предназначена для защиты органов дыхания от вредных газо- и парообразных веществ при содержании кислорода не менее 17%.,51
793357705,Респираторы,Материал лицевой части: силикон,51
793357705,Респираторы,Температурный режим эксплуатации: от -40 до +40 [0*]С,51
793357705,Респираторы,Гарантийный срок: 5.50000 г,51
793358151,Каска строительная,Категория качества каски: Высшая,1
793358151,Каска строительная,Комплектация: Комплект Б (каска,1
793358151,Каска строительная,Материал: Полипропилен (PP),1
793358151,Каска строительная,Вид: Каска строительная,1
793358151,Каска строительная,Размер минимальный: 54.00000 см,1
793358151,Каска строительная,Размер максимальный: 62.00000 см,1
793358151,Каска строительная,Модель: Каска строительная,1
793358151,Каска строительная,Цвет: Оранжевый,1
793358151,Каска строительная,Вид: Средства защиты головы,1
793358153,Каски защитные,Вид: Каски защитные,56
793358153,Каски защитные,Вид: Средства защиты головы,56
793358153,Каски защитные,Материал изготовления: TermotreK®,56
793358153,Каски защитные,Цвет: белый,56
793358153,Каски защитные,Температурный режим: от -50 до +50 [0*]С,56
793358153,Каски защитные,Материал корпуса: TermotreK,56
793358153,Каски защитные,Материал оголовья: текстиль,56
793358153,Каски защитные,Масса: 330 г,56
793358153,Каски защитные,Защитные свойства: предназначена для защиты головы от механических воздействий,56
793358153,Каски защитные,Подбородочный ремень: наличие,56
793358153,Каски защитные,Конструкция предполагает применение дополнительных средств защиты: наушников,56
793358153,Каски защитные,Размер оголовья: 51–65 см,56
793358153,Каски защитные,Защита от электричества: 440 В,56
793358153,Каски защитные,Материал корпуса: полиэтилен,56
793358153,Каски защитные,Защита от электричества: защита от поражения переменным электрическим током напряжением не более 1000 В или постоянным – не более 1500 В В,56
793358155,Накомарники,Вид: Накомарники,1
793358155,Накомарники,Описание: Диаметр горловины затягивается до необходимого размера шнурком. В области подбородка накомарник фиксируется резинкой.,1
793358155,Накомарники,Цвет: защитный камуфлированный,1
793358155,Накомарники,Материал: 100 полиэфира процент (%),1
793358155,Накомарники,Комплектация: К полям шляпы прикреплена москитная сетка,1
793358155,Накомарники,Модель: Шляпа с противомоскитной сеткой,1
793358155,Накомарники,Вид: Средства защиты головы,1
793358157,Очки защитные,Вид: Очки защитные,50
793358157,Очки защитные,Цвет линз: прозрачный,50
793358157,Очки защитные,Вид: Средства защиты головы,50
793358157,Очки защитные,Покрытие линз: uvex supravision excellence,50
793358157,Очки защитные,Оптический класс: 1 №,50
793358157,Очки защитные,Масса: 0.03000 кг,50
793358157,Очки защитные,Крепление: дужки,50
793358157,Очки защитные,Материал линзы: :поликарбонат,50
793358157,Очки защитные,Тип: открытые,50
793358157,Очки защитные,Конструкция: открытые панорамные очки с оптимальной системой вентиляции,50
793358157,Очки защитные,Защитные свойства: высокопрочная поликарбонатная линза защищает от летящих частиц (45 м/с),50
793358157,Очки защитные,Цвет оправы: серый,50
793358157,Очки защитные,Конструкция: открытые,50
793358157,Очки защитные,Модель: Очки О37 UNIVERSAL TITAN (Универсал Титан) (PL) (13711),50
793358157,Очки защитные,Температурный режим использования: от -5 до +55 [0*]С,50
793358161,Подшлемники,Материал: флис «Виндблок»,15
793358161,Подшлемники,Назначение подшлемника: для защиты головы,15
793358161,Подшлемники,", органов дыхания, шеи от внешних воздействий: сильного ветра",15
793358161,Подшлемники,Плотность материала: 365 гр/м2,15
793358161,Подшлемники,Цвет: лицевая сторона – темно-синий,15
793358161,Подшлемники,Вид: Подшлемники,15
793358161,Подшлемники,Состав: 100 полиэфир %,15
793358161,Подшлемники,Модель: Шлем-подшлемник «Виндблок»,15
793358161,Подшлемники,Тип: Подшлемник,15
793358161,Подшлемники,Размер универсальный: 54-62,15
793358161,Подшлемники,Вид: Средства защиты головы,15
793358161,Подшлемники,Вид: От брызг,15
793358161,Подшлемники,Описание: Подшлемник с пелериной и высокой подбородочной частью. Лицевой вырез и верх подбородочной части регулируются по объему эластичным шнуром,15
793358161,Подшлемники,Трикотажного полотна: Хлопок,15
793358161,Подшлемники,Цвет: синий,15
793358163,Средства защиты противошумные,Вид: Средства защиты противошумные,17
793358163,Средства защиты противошумные,Вид: Средства защиты головы,17
793358163,Средства защиты противошумные,Вид: Наушники,17
793358163,Средства защиты противошумные,Вид: складное,17
793358163,Средства защиты противошумные,Материал корпуса: пластик,17
793358163,Средства защиты противошумные,Назначение: Предназначены для снижения уровня шума,17
793358163,Средства защиты противошумные,Цвет: черный/оранжевый,17
793358163,Средства защиты противошумные,Модель: Наушники противошумные складные «Max 500» (31050),17
793358163,Средства защиты противошумные,Материал: вспененный полиуретан,17
793358163,Средства защиты противошумные,Размер изделия: 15,17
793358163,Средства защиты противошумные,Цвет: :черный,17
793358163,Средства защиты противошумные,Защитные свойства: :от воздействия шума до 107 дБ,17
793358163,Средства защиты противошумные,Конструкционные детали: изготовлены из АБС-пластика,17
793358163,Средства защиты противошумные,Масса: не более 139 г,17
793358163,Средства защиты противошумные,Описание: Регулируемое оголовье,17
793358165,Шлемы защитные,Описание: Трикотажная полоска по лицевому вырезу обеспечивает хорошее прилегание по окружности лица. Пелерина обеспечивает дополнительную защиту в области затылочной части и плеч,2
793358165,Шлемы защитные,Ткань: 70 Преокс,2
793358165,Шлемы защитные,Плотность ткани: 260 кг/кв.м.,2
793358165,Шлемы защитные,Модель: Шлем-подшлемник сварщика летний «Приор»,2
793358165,Шлемы защитные,Цвет: хаки,2
793358165,Шлемы защитные,Размер: 62-64,2
793358165,Шлемы защитные,Размер: 59-61,2
793358167,Щитки лицевые защитные,Вид: Щитки лицевые защитные,16
793358167,Щитки лицевые защитные,Вид: Средства защиты головы,16
793358167,Щитки лицевые защитные,Цвет: прозрачный,16
793358167,Щитки лицевые защитные,Толщина: 2.00000 мм,16
793358167,Щитки лицевые защитные,Масса: 445 г,16
793358167,Щитки лицевые защитные,Материал корпуса: ударопрочный нейлон,16
793358167,Щитки лицевые защитные,Температурный режим: от –10 до +55 [0*]С,16
793358167,Щитки лицевые защитные,Материал: оптически прозрачный термостойкий поликарбонат,16
793358167,Щитки лицевые защитные,Вид: пластиковое со сменным налобным текстильным обтюратором,16
793358167,Щитки лицевые защитные,Модель: Щиток защитный лицевой «КБТ ВИЗИОН® TITAN» с креплением на каске (04390),16
793358167,Щитки лицевые защитные,Защитные свойства: рекомендован строителям,16
793358167,Щитки лицевые защитные,Оптический класс: 1/1/1/1,16
793358167,Щитки лицевые защитные,Размер светофильтра: 110х90х9 мм,16
793358167,Щитки лицевые защитные,Вид: 100х60 мм,16
793358167,Щитки лицевые защитные,"Степень затемнения, din: 9-13",16
793368388,Шкафы сушильные промышленные,Вес: 15 кг,1
793368388,Шкафы сушильные промышленные,Внешние габариты: 320х380х454 мм,1
793368388,Шкафы сушильные промышленные,Диапазон температуры сушки: от 0 до +40 [0*]С,1
793368388,Шкафы сушильные промышленные,Количество пар патрубков для обуви: 2 шт,1
793368388,Шкафы сушильные промышленные,Мощность: 130 кВт,1
793368388,Шкафы сушильные промышленные,Напряжение: 240 В,1
793368388,Шкафы сушильные промышленные,Вид: Оборудование,1
793368388,Шкафы сушильные промышленные,Вид: Шкафы сушильные промышленные,1
793368388,Шкафы сушильные промышленные,Модель: Дезинфектор,1
793369836,Полотенца текстильные,Вид: Гигиенические средства,6
793369836,Полотенца текстильные,Вид: Полотенца текстильные,6
793369836,Полотенца текстильные,Плотность основной ткани: 360 грамм на квадраный метр,6
793369836,Полотенца текстильные,Длина: 80.00000 см,6
793369836,Полотенца текстильные,Модель: Полотенце вафельное,6
793369836,Полотенца текстильные,Описание: Полотенце махровое,6
793369836,Полотенца текстильные,Назначение: Для рук и лица,6
793369836,Полотенца текстильные,Цвет: белое,6
793369836,Полотенца текстильные,Размер: 50*90 см,6
793369836,Полотенца текстильные,Модель: Полотенце махровое 50?90 см зеленое,6
793369836,Полотенца текстильные,Цвет: Темно-бордовый,6
793369836,Полотенца текстильные,Международный размер: 50х90,6
793369836,Полотенца текстильные,Вес: 0.07000 кг,6
793369836,Полотенца текстильные,Тип: вафельное,6
793369836,Полотенца текстильные,Состав: 100 хлопок,6
793370340,Части запасные и материалы расходные для инструментов спасательных служб и служб гражданской обороны,Вид: Пояс предохранительный лямочный,3
793370340,Части запасные и материалы расходные для инструментов спасательных служб и служб гражданской обороны,Длина поясного ремня: 1800 мм,3
793370340,Части запасные и материалы расходные для инструментов спасательных служб и служб гражданской обороны,Величина обхвата талии: 1200–1600 мм,3
793370340,Части запасные и материалы расходные для инструментов спасательных служб и служб гражданской обороны,Размер пояса: XXL,3
793370340,Части запасные и материалы расходные для инструментов спасательных служб и служб гражданской обороны,Количество точек крепления: 2 шт,3
793370340,Части запасные и материалы расходные для инструментов спасательных служб и служб гражданской обороны,Назначение: предназначен для обеспечения безопасности работ на высоте как удерживающая и страховочная привязь,3
793370340,Части запасные и материалы расходные для инструментов спасательных служб и служб гражданской обороны,Вид: наплечные,3
793370340,Части запасные и материалы расходные для инструментов спасательных служб и служб гражданской обороны,Модель: Пояс предохранительный лямочный ППЛ-32 (размер XXL),3
793370340,Части запасные и материалы расходные для инструментов спасательных служб и служб гражданской обороны,Масса: 110 грамм (г),3
793370340,Части запасные и материалы расходные для инструментов спасательных служб и служб гражданской обороны,Защитные свойства: Полумаска используется с фильтрами (фильтры приобретаются отдельно),3
793370340,Части запасные и материалы расходные для инструментов спасательных служб и служб гражданской обороны,Модель: Полумаска изолирующая UNIX 1000 (средний размер),3
793370340,Части запасные и материалы расходные для инструментов спасательных служб и служб гражданской обороны,Разрывная нагрузка: 15000 Н,3
793370340,Части запасные и материалы расходные для инструментов спасательных служб и служб гражданской обороны,Масса: не более 2,3
793370340,Части запасные и материалы расходные для инструментов спасательных служб и служб гражданской обороны,Гарантийный срок хранения: 5 г,3
793370374,Части запасные и материалы расходные для средств пожаротушения,Описание: Снабжена клапаном,1
793370374,Части запасные и материалы расходные для средств пожаротушения,Предназначен: для хранения и ношения промышленного противогаза с панорамной маской.,1
793370374,Части запасные и материалы расходные для средств пожаротушения,Габаритные размеры: 40 см,1
793370374,Части запасные и материалы расходные для средств пожаротушения,Гарантийный срок хранения: 15 лет,1
793370374,Части запасные и материалы расходные для средств пожаротушения,Модель: Сумка для панорамных масок UNIX,1
793370374,Части запасные и материалы расходные для средств пожаротушения,Вид: Сумка,1
793370374,Части запасные и материалы расходные для средств пожаротушения,Масса: 200 г,1
793370402,Противогазы,Комплектация: Маска состоит из панорамного стекла-корпуса,4
793370402,Противогазы,Площадь поля зрения: 77 %,4
793370402,Противогазы,Назначение: Предназначен для защиты органов дыхания,4
793370402,Противогазы,Вид: Средства индивидуальной защиты органов дыхания,4
793370402,Противогазы,Срок хранеиия: 10 г,4
793370402,Противогазы,Вид: Противогазы,4
793370402,Противогазы,Или оголовья маски противогаза: Регулируемый,4
793370402,Противогазы,Модель: МАГ 0403 CL 2,4
793370402,Противогазы,Комплектация: с воздухоподводящим шлангом длиной 10 м в мешке,4
793370402,Противогазы,Применение: Применяется в различных отраслях промышленности и коммунального хозяйства для работы в емкостях,4
793370402,Противогазы,Принцип работы: Противогаз работает по принципу всасывания воздуха под лицевую часть самим работающим из зоны чистого воздуха по шлангу и соединительным трубкам,4
793370402,Противогазы,Гарантийный срок хранения: 10.00000 г,4
793370402,Противогазы,Диапазон рабочих температур: во всех климатических зонах при температуре окружающего воздуха от - 40 до + 40С и относительной влажности воздуха до 98%. градус,4
793370402,Противогазы,Назначение: предназначена для использования в качестве лицевой части в фильтрующих СИЗОД с резьбовым присоединением фильтров.,4
793370402,Противогазы,Степень защиты до: 2 (CL 2),4
793370426,Веревки альпинистские,Вес: 3850.00000 г,1
793370426,Веревки альпинистские,Особенности: Завальцованные кольца на концах веревки,1
793370426,Веревки альпинистские,Длина: 50.00000 м,1
793370426,Веревки альпинистские,Материал: изготавливается из полиэфира (лавсана) – обозначение КСЛ,1
793370426,Веревки альпинистские,Назначение: Используют для страховки работников аварийно-спасательных служб,1
793370426,Веревки альпинистские,Модель: КСЛ 50,1
793370426,Веревки альпинистские,Диаметр: 12.00000 мм,1
793370428,Изделия и принадлежности для альпинизма,Материал: полиэфирный канат,8
793370428,Изделия и принадлежности для альпинизма,Материал: Полиамид,8
793370428,Изделия и принадлежности для альпинизма,Вес: 980.00000 г,8
793370428,Изделия и принадлежности для альпинизма,Длина: 200.00000 см,8
793370428,Изделия и принадлежности для альпинизма,Отличительные признаки: Строп регулируемый одинарный веревочный,8
793370428,Изделия и принадлежности для альпинизма,Карабины: наличие,8
793370428,Изделия и принадлежности для альпинизма,Модель: Строп веревочный одинарный регулируемый «B12p» (vnt B12p),8
793370428,Изделия и принадлежности для альпинизма,Назначение элемента альпинистского снаряжения: Промышленный альпинизм,8
793370428,Изделия и принадлежности для альпинизма,Обхват груди: 75-120 см,8
793370428,Изделия и принадлежности для альпинизма,Обхват ног: 50-80 см,8
793370428,Изделия и принадлежности для альпинизма,Обхват пояса: 90-120 см,8
793370428,Изделия и принадлежности для альпинизма,Материал: высокопрочный канат из синтетических волокон диаметром,8
793370428,Изделия и принадлежности для альпинизма,Модель: Гибкая анкерная линия «АнкерЛайн»,8
793370428,Изделия и принадлежности для альпинизма,Ширина: 19.00000 мм,8
793370428,Изделия и принадлежности для альпинизма,Модель: Петля анкерная «ЛЮКС» 80 см,8
793370434,Снаряжение специальное для спасательных служб и служб гражданской обороны,Тип: лента-липучка,148
793370434,Снаряжение специальное для спасательных служб и служб гражданской обороны,Размер: 11,148
793370434,Снаряжение специальное для спасательных служб и служб гражданской обороны,Вид: сигнальный,148
793370434,Снаряжение специальное для спасательных служб и служб гражданской обороны,Класс вязки: 13,148
793370434,Снаряжение специальное для спасательных служб и служб гражданской обороны,Ширина соп: 5 см,148
793370434,Снаряжение специальное для спасательных служб и служб гражданской обороны,Световозвращающий материал: лента,148
793370434,Снаряжение специальное для спасательных служб и служб гражданской обороны,Состав материала: 100 полиэфир %,148
793370434,Снаряжение специальное для спасательных служб и служб гражданской обороны,Материал покрытия: вспененный нитрил,148
793370434,Снаряжение специальное для спасательных служб и служб гражданской обороны,Материал основы: нейлон,148
793370434,Снаряжение специальное для спасательных служб и служб гражданской обороны,Плотность ткани: 120 гр/м2,148
793370434,Снаряжение специальное для спасательных служб и служб гражданской обороны,Цвет: флуоресцентный оранжевый,148
793370434,Снаряжение специальное для спасательных служб и служб гражданской обороны,Материал покрытия: полиуретан,148
793370434,Снаряжение специальное для спасательных служб и служб гражданской обороны,Материал основы: хлопковое напыление,148
793370434,Снаряжение специальное для спасательных служб и служб гражданской обороны,Применение: сборка,148
793370434,Снаряжение специальное для спасательных служб и служб гражданской обороны,Назначение: работы на топливозаправочных станциях,148
793370454,Боевая одежда пожарного (БОП),Защита от электричества: защиты от постоянного электрического тока напряжением до 1500 В,1
793370454,Боевая одежда пожарного (БОП),Тип: STANDAR,1
793370454,Боевая одежда пожарного (БОП),Вид: каска защитная,1
793370454,Боевая одежда пожарного (БОП),Масса: 240 г,1
793370454,Боевая одежда пожарного (БОП),Материал корпуса: TermotreK,1
793370454,Боевая одежда пожарного (БОП),Подбородочный ремень: наличие,1
793370454,Боевая одежда пожарного (БОП),Модель: Каска защитная «СОМЗ-55 Favori®T» красная (75516),1
793370454,Боевая одежда пожарного (БОП),Цвет: красный,1
793370506,Приборы осветительные мобильные для спасательных служб и служб гражданской обороны,Вес: 663.00000 г,1
793370506,Приборы осветительные мобильные для спасательных служб и служб гражданской обороны,Вид: Светодиодный фонарь,1
793370506,Приборы осветительные мобильные для спасательных служб и служб гражданской обороны,Зарядное устройство: от сети,1
793370506,Приборы осветительные мобильные для спасательных служб и служб гражданской обороны,Защита: Встроенная от перезаряда и полного разряда аккумулятора,1
793370506,Приборы осветительные мобильные для спасательных служб и служб гражданской обороны,Режимов освещения: 3 шт,1
793370506,Приборы осветительные мобильные для спасательных служб и служб гражданской обороны,Тип: Литий -ионный,1
793370506,Приборы осветительные мобильные для спасательных служб и служб гражданской обороны,Модель: Фонарь «Яркий Луч» LA-1W,1
793370542,Сумки повседневные,Габаритные размеры: 35х45х24 см,1
793370542,Сумки повседневные,Количество внешних карманов: 7.00000 шт,1
793370542,Сумки повседневные,Материал: полиэстер,1
793370542,Сумки повседневные,Вид: Сумки,1
793370542,Сумки повседневные,Вид: Сумки повседневные,1
793370542,Сумки повседневные,Модель: Рюкзак,1
793370542,Сумки повседневные,Вид: молния,1
793370542,Сумки повседневные,Цвет: васильковый,1
793370560,"Колготки, легинсы (рейтузы), кюлоты",Модель: колготки,16
793370560,"Колготки, легинсы (рейтузы), кюлоты",Плотность: 40 %,16
793370560,"Колготки, легинсы (рейтузы), кюлоты",Цвет: бежевый,16
793370560,"Колготки, легинсы (рейтузы), кюлоты",Состав: Полиамид и эластан,16
793370560,"Колготки, легинсы (рейтузы), кюлоты","Плотность плетения колгот, ден: 40.00000",16
793370560,"Колготки, легинсы (рейтузы), кюлоты",Упаковка: 1 шт,16
793370560,"Колготки, легинсы (рейтузы), кюлоты",Размер: 4,16
793370560,"Колготки, легинсы (рейтузы), кюлоты",Производитель: беларусь,16
793370560,"Колготки, легинсы (рейтузы), кюлоты",Материал: полиамид,16
793370560,"Колготки, легинсы (рейтузы), кюлоты",Состав: 87 - полиамид,16
793370560,"Колготки, легинсы (рейтузы), кюлоты",Модель: 40 ден бежевые размер 4,16
793370560,"Колготки, легинсы (рейтузы), кюлоты",Модель: Колготки женские CONTE ELEGANT SOLO 40 den,16
793370560,"Колготки, легинсы (рейтузы), кюлоты",Вид: классические,16
793370562,"Носки, подследники",Вид: Изделия чулочно-носочные,19
793370562,"Носки, подследники",Вид: Носки,19
793370562,"Носки, подследники",Вид: Галантерейные товары,19
793370562,"Носки, подследники",Половая принадлежность: мужские,19
793370562,"Носки, подследники",Цвет: черные,19
793370562,"Носки, подследники",Описание: Разработаны для использования в зимнее время года при низких температурах в широком диапазоне,19
793370562,"Носки, подследники",Модель: Носки из полушерстяной пряжи,19
793370562,"Носки, подследники",Состав: 50 шерсть мериносов,19
793370562,"Носки, подследники",Описание: Носки выполнены из хлопка высокого качества,19
793370562,"Носки, подследники",Половая принадлежность: унисекс,19
793370562,"Носки, подследники",Состав: хлопок 100 процент (%),19
793370562,"Носки, подследники",Модель: Термоноски Island Cup Wintertech (Айланд Кап Винтертеч),19
793370562,"Носки, подследники",Состав: 75 шерсть,19
793370562,"Носки, подследники",Состав: 60шерсть,19
793370562,"Носки, подследники",Сезон: зимнее время года,19
793370566,Обувь форменная для взрослых,Защитные свойства: защита от общих производственных загрязнений,12
793370566,Обувь форменная для взрослых,Материал подкладки: Искусственный мех с шерстяным ворсом + мембрана J-Tex,12
793370566,Обувь форменная для взрослых,Модель: Котка,12
793370566,Обувь форменная для взрослых,Материал верха обуви: Кожа велюр,12
793370566,Обувь форменная для взрослых,Назначение: рекомендуются для сотрудников охранных предприятий,12
793370566,Обувь форменная для взрослых,Тип: шнурки,12
793370566,Обувь форменная для взрослых,Подкладка: кожа подкладочная,12
793370566,Обувь форменная для взрослых,Подошва: термоэластопласт,12
793370566,Обувь форменная для взрослых,Метод крепления подошвы: клеевой,12
793370566,Обувь форменная для взрослых,Защитные носки: термопласт,12
793370566,Обувь форменная для взрослых,Верх обуви: кожа натуральная,12
793370566,Обувь форменная для взрослых,Модель: Полуботинки форменные р.42,12
793370566,Обувь форменная для взрослых,Высота голенища: 32 см,12
793370566,Обувь форменная для взрослых,Защитные свойства: Нс Нм Щ20 Мун200 СЖ Тн40 Тп З,12
793370566,Обувь форменная для взрослых,Материал подошвы: двухслойный,12
793370572,Обувь с верхом из текстильных материалов,Метод крепления: литьевой,58
793370572,Обувь с верхом из текстильных материалов,Модель: Полуботинки кроссовые (кроссовки),58
793370572,Обувь с верхом из текстильных материалов,Подошва: однослойный полиуретан,58
793370572,Обувь с верхом из текстильных материалов,Материал верха: велюр кожевенный,58
793370572,Обувь с верхом из текстильных материалов,Подносок: укрепленный гранитолевый.,58
793370572,Обувь с верхом из текстильных материалов,Подкладка: нетканое полотно.,58
793370572,Обувь с верхом из текстильных материалов,Материал верха обуви: натуральная кожа.,58
793370572,Обувь с верхом из текстильных материалов,Цвет: черный с синим,58
793370572,Обувь с верхом из текстильных материалов,Подошва: двухслойная полиуретан и нитрильная резина VIBRAM® выдерживает кратковременный контакт (60 с) с поверхностями,58
793370572,Обувь с верхом из текстильных материалов,Модель: Полуботинки URUGUAY FAST («Уругвай Фаст») с системой быстрой шнуровки BOA® и мембраной Gore-Tex®,58
793370572,Обувь с верхом из текстильных материалов,Подкладка: паропроницаемый и водонепроницаемый материал Gore-Tex®,58
793370572,Обувь с верхом из текстильных материалов,Цвет: черный.,58
793370572,Обувь с верхом из текстильных материалов,Модель: Туфли женские текстильные «Эмануэла»,58
793370572,Обувь с верхом из текстильных материалов,Цвет: синий,58
793370572,Обувь с верхом из текстильных материалов,Подошва: ПВХ.,58
793370578,Обувь валяная,Модель: Обувь валяная специальная от пониженных температур на резиновом ходу,29
793370578,Обувь валяная,Материал верха обуви: Натуральная шерсть,29
793370578,Обувь валяная,Назначение: Рекомендованы для эксплуатации во II,29
793370578,Обувь валяная,Материал подошвы: Резина,29
793370578,Обувь валяная,Цвет изделия: белый с голубым,29
793370578,Обувь валяная,Модель: Туфли женские «Сальма» (SALMA LBL),29
793370578,Обувь валяная,Метод крепления подошвы: клеевой,29
793370578,Обувь валяная,Цвет: серый,29
793370578,Обувь валяная,Пол: женский,29
793370578,Обувь валяная,Высота: 40 см,29
793370578,Обувь валяная,Материал: натуральная шерсть процент (%),29
793370578,Обувь валяная,Вид: Обувь валяная,29
793370578,Обувь валяная,Вес: 2500 г,29
793370578,Обувь валяная,Размер: 23 (36),29
793370580,Обувь с защитным металлическим подноском,Материал подошвы: полиуретан + термопластичный полиуретан.,298
793370580,Обувь с защитным металлическим подноском,Метод крепления подошвы: литьевой.,298
793370580,Обувь с защитным металлическим подноском,Внутренний защитный носок: металлический (Мун 200),298
793370580,Обувь с защитным металлическим подноском,Подкладка: трикотаж,298
793370580,Обувь с защитным металлическим подноском,Цвет: белый.,298
793370580,Обувь с защитным металлическим подноском,Высота: 38 см,298
793370580,Обувь с защитным металлическим подноском,Подошва: однослойный ПВХ,298
793370580,Обувь с защитным металлическим подноском,Вид: Обувь с защитным металлическим подноском,298
793370580,Обувь с защитным металлическим подноском,Подошва: TYRE®,298
793370580,Обувь с защитным металлическим подноском,Проколозащитные прокладки: TXZERO® многослойный материал (1200 H),298
793370580,Обувь с защитным металлическим подноском,Материал верха: ПВХ,298
793370580,Обувь с защитным металлическим подноском,Модель: Полуботинки «Альбус» с перфорацией,298
793370580,Обувь с защитным металлическим подноском,Цвет: оливковый,298
793370580,Обувь с защитным металлическим подноском,Полнота: 9,298
793370580,Обувь с защитным металлическим подноском,Вид: Обувь,298
793370590,Обувь специальная диэлектрическая,Модель: Боты диэлектрические,6
793370590,Обувь специальная диэлектрическая,Защитные свойства: защита от электрического тока напряжением 1кВ,6
793370590,Обувь специальная диэлектрическая,Материал верха обуви: резина,6
793370590,Обувь специальная диэлектрическая,Назначение: Боты обеспечивают дополнительную защиту от поражения электрическим током при работе в электроустановках закрытого типа,6
793370590,Обувь специальная диэлектрическая,Метод крепления подошвы: формовой,6
793370590,Обувь специальная диэлектрическая,Вид: Обувь специальная диэлектрическая,6
793370590,Обувь специальная диэлектрическая,Подошва: резина,6
793370590,Обувь специальная диэлектрическая,Половой признак: Универсальные,6
793370590,Обувь специальная диэлектрическая,Цвет: кремовый,6
793370590,Обувь специальная диэлектрическая,Материал: резина процент (%),6
793370590,Обувь специальная диэлектрическая,Вид: Боты,6
793370590,Обувь специальная диэлектрическая,Размер обуви: 45,6
793370590,Обувь специальная диэлектрическая,Размер: 43.00000 размер,6
793370590,Обувь специальная диэлектрическая,Вид: Обувь,6
793370590,Обувь специальная диэлектрическая,Размер: 46,6
793370592,Обувь специальная из полимерных материалов для защиты от механических воздействий для работающих в угольных шахтах и разрезах,Вид: Обувь специальная из полимерных материалов для защиты от механических воздействий для работающих в угольных шахтах и разрезах,65
793370592,Обувь специальная из полимерных материалов для защиты от механических воздействий для работающих в угольных шахтах и разрезах,Вид: Обувь специальная,65
793370592,Обувь специальная из полимерных материалов для защиты от механических воздействий для работающих в угольных шахтах и разрезах,Подошва промежуточный слой: вспененный ПВХ + нитрильный каучук.,65
793370592,Обувь специальная из полимерных материалов для защиты от механических воздействий для работающих в угольных шахтах и разрезах,Модель: Сапоги ПВХ «Призма-2»,65
793370592,Обувь специальная из полимерных материалов для защиты от механических воздействий для работающих в угольных шахтах и разрезах,Метод крепления: литьевой,65
793370592,Обувь специальная из полимерных материалов для защиты от механических воздействий для работающих в угольных шахтах и разрезах,Вкладная стелька: текстильный материал,65
793370592,Обувь специальная из полимерных материалов для защиты от механических воздействий для работающих в угольных шахтах и разрезах,Подкладка: полиэстер,65
793370592,Обувь специальная из полимерных материалов для защиты от механических воздействий для работающих в угольных шахтах и разрезах,Высота: 383 мм,65
793370592,Обувь специальная из полимерных материалов для защиты от механических воздействий для работающих в угольных шахтах и разрезах,Защита: водонепроницаемые,65
793370592,Обувь специальная из полимерных материалов для защиты от механических воздействий для работающих в угольных шахтах и разрезах,", кислотощелочестойкая (устойчивая к воздействию химических факторов: нефти",65
793370592,Обувь специальная из полимерных материалов для защиты от механических воздействий для работающих в угольных шахтах и разрезах,Защитные носки: металлические 200 Дж,65
793370592,Обувь специальная из полимерных материалов для защиты от механических воздействий для работающих в угольных шахтах и разрезах,Подошва: двухслойная маслобензостойкая,65
793370592,Обувь специальная из полимерных материалов для защиты от механических воздействий для работающих в угольных шахтах и разрезах,Материал: 100 ПВХ процент (%),65
793370592,Обувь специальная из полимерных материалов для защиты от механических воздействий для работающих в угольных шахтах и разрезах,Утеплитель: многослойный вкладной чулок (шерстяной мех на трикотажной основе / нетканое льняное полотно / фольгированное полотно).,65
793370592,Обувь специальная из полимерных материалов для защиты от механических воздействий для работающих в угольных шахтах и разрезах,Модель: Сапоги мужские «НордМан Классик» утепленные с манжетой,65
793370594,Обувь специальная кожаная для защиты от механических воздействий,Количество слоев подошвы: 2,1039
793370594,Обувь специальная кожаная для защиты от механических воздействий,Полнота: 10,1039
793370594,Обувь специальная кожаная для защиты от механических воздействий,Метод крепления: литьевой,1039
793370594,Обувь специальная кожаная для защиты от механических воздействий,Вид: Обувь специальная кожаная для защиты от механических воздействий,1039
793370594,Обувь специальная кожаная для защиты от механических воздействий,Материал подошвы: полиуретан + термопластичный полиуретан,1039
793370594,Обувь специальная кожаная для защиты от механических воздействий,Защитные носки: композитный материал (Мун 200),1039
793370594,Обувь специальная кожаная для защиты от механических воздействий,Материал верха обуви: кожа натуральная,1039
793370594,Обувь специальная кожаная для защиты от механических воздействий,Вид: Обувь специальная,1039
793370594,Обувь специальная кожаная для защиты от механических воздействий,Материал: кожа натуральная,1039
793370594,Обувь специальная кожаная для защиты от механических воздействий,Цвет: черный.,1039
793370594,Обувь специальная кожаная для защиты от механических воздействий,Назначение: для работы в нефтегазовой,1039
793370594,Обувь специальная кожаная для защиты от механических воздействий,Половой признак: женский,1039
793370594,Обувь специальная кожаная для защиты от механических воздействий,Подкладка: нетканое полотно.,1039
793370594,Обувь специальная кожаная для защиты от механических воздействий,Подошва: двухслойная,1039
793370594,Обувь специальная кожаная для защиты от механических воздействий,Размер: 43,1039
793370596,"Обувь специальная кожаная для защиты от нефти, нефтепродуктов, кислот, щелочей, нетоксичной и взрывоопасной пыли",Вид: Обувь специальная кожаная для защиты от нефти,132
793370596,"Обувь специальная кожаная для защиты от нефти, нефтепродуктов, кислот, щелочей, нетоксичной и взрывоопасной пыли",Метод крепления: литьевой,132
793370596,"Обувь специальная кожаная для защиты от нефти, нефтепродуктов, кислот, щелочей, нетоксичной и взрывоопасной пыли",Вид: Обувь специальная,132
793370596,"Обувь специальная кожаная для защиты от нефти, нефтепродуктов, кислот, щелочей, нетоксичной и взрывоопасной пыли",Подошва: двухслойная,132
793370596,"Обувь специальная кожаная для защиты от нефти, нефтепродуктов, кислот, щелочей, нетоксичной и взрывоопасной пыли",Полнота: 10,132
793370596,"Обувь специальная кожаная для защиты от нефти, нефтепродуктов, кислот, щелочей, нетоксичной и взрывоопасной пыли",Верх обуви: кожа,132
793370596,"Обувь специальная кожаная для защиты от нефти, нефтепродуктов, кислот, щелочей, нетоксичной и взрывоопасной пыли",Защитные носки: термопласт,132
793370596,"Обувь специальная кожаная для защиты от нефти, нефтепродуктов, кислот, щелочей, нетоксичной и взрывоопасной пыли",Защитные носки: композитный материал,132
793370596,"Обувь специальная кожаная для защиты от нефти, нефтепродуктов, кислот, щелочей, нетоксичной и взрывоопасной пыли",Подошва: Подошва промежуточный слой: ПУ. Подошва ходовой слой: нитрильная резина.,132
793370596,"Обувь специальная кожаная для защиты от нефти, нефтепродуктов, кислот, щелочей, нетоксичной и взрывоопасной пыли",Подкладка: мех натуральный «Аляска»,132
793370596,"Обувь специальная кожаная для защиты от нефти, нефтепродуктов, кислот, щелочей, нетоксичной и взрывоопасной пыли",Модель: Сапоги мужские Неогард-2® утепленные,132
793370596,"Обувь специальная кожаная для защиты от нефти, нефтепродуктов, кислот, щелочей, нетоксичной и взрывоопасной пыли",Защитные носки: стекловолокно,132
793370596,"Обувь специальная кожаная для защиты от нефти, нефтепродуктов, кислот, щелочей, нетоксичной и взрывоопасной пыли",Верх обуви: кожа натуральная гидрофобная,132
793370596,"Обувь специальная кожаная для защиты от нефти, нефтепродуктов, кислот, щелочей, нетоксичной и взрывоопасной пыли",Защитный носок: металлические (Мун 200),132
793370596,"Обувь специальная кожаная для защиты от нефти, нефтепродуктов, кислот, щелочей, нетоксичной и взрывоопасной пыли",Верх обуви: натуральная кожа (нубук) и текстильный материал.,132
793370598,Обувь специальная кожаная для защиты от повышенных температур,Вид: Обувь специальная кожаная для защиты от повышенных температур,66
793370598,Обувь специальная кожаная для защиты от повышенных температур,Вид: Обувь специальная,66
793370598,Обувь специальная кожаная для защиты от повышенных температур,Защитные носки: композитный материал,66
793370598,Обувь специальная кожаная для защиты от повышенных температур,Верх обуви: натуральная кожа,66
793370598,Обувь специальная кожаная для защиты от повышенных температур,Назначение обуви в зависимости от защитных свойств: Защита от искр и брызг расплавленного металла,66
793370598,Обувь специальная кожаная для защиты от повышенных температур,Модель: Ботинки кожаные Техногард-2® с высокими берцами утепленные,66
793370598,Обувь специальная кожаная для защиты от повышенных температур,Метод крепления: литьевой,66
793370598,Обувь специальная кожаная для защиты от повышенных температур,Материал подошвы: Резина термостойкая,66
793370598,Обувь специальная кожаная для защиты от повышенных температур,Материал стельки: Полотно нетканое,66
793370598,Обувь специальная кожаная для защиты от повышенных температур,Высота: 20 см,66
793370598,Обувь специальная кожаная для защиты от повышенных температур,Вид: Металл,66
793370598,Обувь специальная кожаная для защиты от повышенных температур,Вид: Неутепленная,66
793370598,Обувь специальная кожаная для защиты от повышенных температур,Вид: Шнурки,66
793370598,Обувь специальная кожаная для защиты от повышенных температур,Вид: Ботинки,66
793370598,Обувь специальная кожаная для защиты от повышенных температур,Половой признак: Мужская,66
793370600,Обувь специальная кожаная для защиты от скольжения по зажиренным поверхностям,Защитные свойства: Защищают от нефтяных масел,17
793370600,Обувь специальная кожаная для защиты от скольжения по зажиренным поверхностям,Подносок: алюминиевый,17
793370600,Обувь специальная кожаная для защиты от скольжения по зажиренным поверхностям,"Модель: Полуботинки женские кожаные ""Неогард-Лайт Антистат""",17
793370600,Обувь специальная кожаная для защиты от скольжения по зажиренным поверхностям,Подкладка: полотно DERMODRY COOLMAX и ON STEAM.,17
793370600,Обувь специальная кожаная для защиты от скольжения по зажиренным поверхностям,Материал подошвы: полиуретан / термопластичный полиуретан.,17
793370600,Обувь специальная кожаная для защиты от скольжения по зажиренным поверхностям,Подкладка: сетка (mesh),17
793370600,Обувь специальная кожаная для защиты от скольжения по зажиренным поверхностям,Верх обуви: искусственная кожа,17
793370600,Обувь специальная кожаная для защиты от скольжения по зажиренным поверхностям,Модель: Полуботинки женские «Камиль» (CAMILLE),17
793370600,Обувь специальная кожаная для защиты от скольжения по зажиренным поверхностям,Вид: Обувь специальная кожаная для защиты от скольжения по зажиренным поверхностям,17
793370600,Обувь специальная кожаная для защиты от скольжения по зажиренным поверхностям,Подошва: промежуточный слой – ЭВА,17
793370600,Обувь специальная кожаная для защиты от скольжения по зажиренным поверхностям,Метод крепления: клеевой,17
793370600,Обувь специальная кожаная для защиты от скольжения по зажиренным поверхностям,Половой признак: Мужская,17
793370600,Обувь специальная кожаная для защиты от скольжения по зажиренным поверхностям,Вид: Обувь специальная,17
793370600,Обувь специальная кожаная для защиты от скольжения по зажиренным поверхностям,Цвет: белый,17
793370600,Обувь специальная кожаная для защиты от скольжения по зажиренным поверхностям,Защитные свойства: З - От общих производственных загрязнений,17
793370602,Сапоги резиновые формовые,Подкладка: трикотаж,220
793370602,Сапоги резиновые формовые,Метод крепления подошвы: литьевой,220
793370602,Сапоги резиновые формовые,Вид: Сапоги резиновые формовые,220
793370602,Сапоги резиновые формовые,Верх обуви: ПВХ,220
793370602,Сапоги резиновые формовые,Материал верха: ПВХ,220
793370602,Сапоги резиновые формовые,Высота: 34.00000 см,220
793370602,Сапоги резиновые формовые,Вид: Обувь специальная,220
793370602,Сапоги резиновые формовые,Вид: сапоги,220
793370602,Сапоги резиновые формовые,Внутренний защитный носок: металлический (Мун 200),220
793370602,Сапоги резиновые формовые,Защитные свойства обуви: защищают от растворов кислот и щелочей концентрацией до 20%,220
793370602,Сапоги резиновые формовые,Назначение сапог: для защиты от воды и растворов нетоксичных веществ,220
793370602,Сапоги резиновые формовые,Полнота: 12,220
793370602,Сапоги резиновые формовые,Утеплитель: вкладной чулок из иглопробивного нетканого полотна,220
793370602,Сапоги резиновые формовые,Подошва: однослойный ПВХ,220
793370602,Сапоги резиновые формовые,Пол: мужской,220
793370606,Кроссовки,Материал верха: велюр кожевенный,8
793370606,Кроссовки,Половой признак: N/A,8
793370606,Кроссовки,Материал подошвы: полиуретан,8
793370606,Кроссовки,Страна: Россия,8
793370606,Кроссовки,Метод крепления подошвы: литьевой,8
793370606,Кроссовки,Цвет: темно-синий,8
793370606,Кроссовки,Размер: 39.00000 размер,8
793370606,Кроссовки,Размер: 41.00000 размер,8
793370606,Кроссовки,Размер: 44.00000 размер,8
793370606,Кроссовки,Размер: 46.00000 размер,8
793370606,Кроссовки,Размер: 40.00000 размер,8
793370606,Кроссовки,Размер: 42.00000 размер,8
793370606,Кроссовки,Размер: 43.00000 размер,8
793370606,Кроссовки,Размер: 45.00000 размер,8
793370606,Кроссовки,Половой признак: мужской,8
793370608,Галоши резиновые клееные для взрослых,Материал: морозостойкая резина 100 процент (%),2
793370608,Галоши резиновые клееные для взрослых,Вид: галоши на валенки,2
793370608,Галоши резиновые клееные для взрослых,Модель: Галоши на валенки НМС,2
793370608,Галоши резиновые клееные для взрослых,Метод крепления подошвы: Формовой,2
793370608,Галоши резиновые клееные для взрослых,Размер: 28,2
793370608,Галоши резиновые клееные для взрослых,Размер: 29,2
793370608,Галоши резиновые клееные для взрослых,Метод крепления: формовой,2
793370612,Туфли на подошве и с верхом из резины или пластмассы повседневная,Подошва: промежуточный слой – ЭВА,36
793370612,Туфли на подошве и с верхом из резины или пластмассы повседневная,Метод крепления: клеевой,36
793370612,Туфли на подошве и с верхом из резины или пластмассы повседневная,Верх обуви: натуральная кожа,36
793370612,Туфли на подошве и с верхом из резины или пластмассы повседневная,Верх обуви: DEC-smart (ЭВА),36
793370612,Туфли на подошве и с верхом из резины или пластмассы повседневная,Описание: Удобная анатомическая колодка и полуприлегающая посадка на стопе снижают до минимума возможность дискомфорта во время носки.,36
793370612,Туфли на подошве и с верхом из резины или пластмассы повседневная,Модель: Туфли летние (типа сабо) «Нордман Шарк С» (ЭВА) белые,36
793370612,Туфли на подошве и с верхом из резины или пластмассы повседневная,Подкладка: CoolMax,36
793370612,Туфли на подошве и с верхом из резины или пластмассы повседневная,Подкладка: CoolMax.,36
793370612,Туфли на подошве и с верхом из резины или пластмассы повседневная,Стелька: вкладная Oxyfoam.,36
793370612,Туфли на подошве и с верхом из резины или пластмассы повседневная,Цвет: белый с серым принтом,36
793370612,Туфли на подошве и с верхом из резины или пластмассы повседневная,Цвет: белый с голубым.,36
793370612,Туфли на подошве и с верхом из резины или пластмассы повседневная,Амортизация: Улучшенные амортизационные характеристики материала Dec-smart обеспечат комфорт в течение всего дня,36
793370612,Туфли на подошве и с верхом из резины или пластмассы повседневная,Половой признак: женский,36
793370612,Туфли на подошве и с верхом из резины или пластмассы повседневная,Цвет: белый,36
793370612,Туфли на подошве и с верхом из резины или пластмассы повседневная,Подошва: полиуретан,36
793370618,Обувь зимняя с верхом из кожи,Метод крепления: литьевой,46
793370618,Обувь зимняя с верхом из кожи,Подошва: двухслойная,46
793370618,Обувь зимняя с верхом из кожи,Вид: Обувь зимняя с верхом из кожи,46
793370618,Обувь зимняя с верхом из кожи,Половой признак: мужской,46
793370618,Обувь зимняя с верхом из кожи,Вид: Сапоги литьевые,46
793370618,Обувь зимняя с верхом из кожи,Материал верха: Кожа натуральная,46
793370618,Обувь зимняя с верхом из кожи,Материал подкладки: Мех искусственный на трикотажной основе с шерстяным ворсом,46
793370618,Обувь зимняя с верхом из кожи,Материал подноска: Композитный,46
793370618,Обувь зимняя с верхом из кожи,Материал подошвы: Полиуретан+термопластичный полиуретан,46
793370618,Обувь зимняя с верхом из кожи,По высоте заготовки верха: Сапоги,46
793370618,Обувь зимняя с верхом из кожи,Ударная нагрузка подноска: 200 Дж,46
793370618,Обувь зимняя с верхом из кожи,Содержание шерсти в подкладке: 70 %,46
793370618,Обувь зимняя с верхом из кожи,Высота голенища: 27 см,46
793370618,Обувь зимняя с верхом из кожи,Модель: Техногард-2®,46
793370618,Обувь зимняя с верхом из кожи,Защитные свойства: З,46
793370620,Обувь летняя с верхом из кожи,Метод крепления: литьевой,66
793370620,Обувь летняя с верхом из кожи,Подошва: двухслойная,66
793370620,Обувь летняя с верхом из кожи,Половой признак: мужской,66
793370620,Обувь летняя с верхом из кожи,Подкладка: нетканое полотно,66
793370620,Обувь летняя с верхом из кожи,Проколозащитная стелька: неметаллическая APT Plate – Zero Perforation (1200 H),66
793370620,Обувь летняя с верхом из кожи,Внутренний защитный носок: металлический (Мун 200),66
793370620,Обувь летняя с верхом из кожи,Материал верха: кожа натуральная,66
793370620,Обувь летняя с верхом из кожи,Модель: Полуботинки мужские кожаные МБС,66
793370620,Обувь летняя с верхом из кожи,Верх обуви: нубук водостойкий,66
793370620,Обувь летняя с верхом из кожи,Назначение: полотно текстильное воздухопроницаемое,66
793370620,Обувь летняя с верхом из кожи,Подкладка: Обувь обеспечивает защиту от нефтепродуктов,66
793370620,Обувь летняя с верхом из кожи,Толщина кожи: 1.80000 мм,66
793370620,Обувь летняя с верхом из кожи,Подносок: укрепленный гранитолевый,66
793370620,Обувь летняя с верхом из кожи,Назначение: для работы в нефтегазовой,66
793370620,Обувь летняя с верхом из кожи,Полнота: 10,66
793370622,Обувь осенне-весенняя с верхом из кожи,Утеплитель: многослойный вкладной чулок (шерстяной мех на трикотажной основе / нетканое льняное полотно / фольгированное полотно),23
793370622,Обувь осенне-весенняя с верхом из кожи,Метод крепления: литьевой,23
793370622,Обувь осенне-весенняя с верхом из кожи,Манжета: сверхпрочная водонепроницаемая ткань Ripstop,23
793370622,Обувь осенне-весенняя с верхом из кожи,Материал верха: ЭВА (этиленвинилацетат),23
793370622,Обувь осенне-весенняя с верхом из кожи,Подошва: ЭВА,23
793370622,Обувь осенне-весенняя с верхом из кожи,Модель: Сапоги мужские «НордМан Сэйфети» утепленные с манжетой,23
793370622,Обувь осенне-весенняя с верхом из кожи,Высота: 44.00000 см,23
793370622,Обувь осенне-весенняя с верхом из кожи,Температура эксплуатации: до 45 [0*]С,23
793370622,Обувь осенне-весенняя с верхом из кожи,Высота сапог: 28.00000 см,23
793370622,Обувь осенне-весенняя с верхом из кожи,Материал верха: водоотталкивающая ткань Oxford,23
793370622,Обувь осенне-весенняя с верхом из кожи,Подошва: в виде галоши из ЭВА (этиленвинилацетата),23
793370622,Обувь осенне-весенняя с верхом из кожи,Половой признак: мужской,23
793370622,Обувь осенне-весенняя с верхом из кожи,Толщина кожи: 1.80000 мм,23
793370622,Обувь осенне-весенняя с верхом из кожи,Внутренний защитный носок: металлический (Мун 200),23
793370622,Обувь осенне-весенняя с верхом из кожи,Вид: сапоги,23
793370624,Обувь повседневная с верхом из кожи,Метод крепления: литьевой,160
793370624,Обувь повседневная с верхом из кожи,Материал верха: Натуральная кожа,160
793370624,Обувь повседневная с верхом из кожи,Полнота: 7,160
793370624,Обувь повседневная с верхом из кожи,Материал подошвы: Полиуретан,160
793370624,Обувь повседневная с верхом из кожи,Половой признак: женский,160
793370624,Обувь повседневная с верхом из кожи,Цвет: черный.,160
793370624,Обувь повседневная с верхом из кожи,Подкладка: натуральная подкладочная кожа.,160
793370624,Обувь повседневная с верхом из кожи,Цвет: белый,160
793370624,Обувь повседневная с верхом из кожи,Материал подошвы: ПВХ,160
793370624,Обувь повседневная с верхом из кожи,Модель: Сабо женские кожаные «Лариса» белые,160
793370624,Обувь повседневная с верхом из кожи,Вид: Обувь повседневная с верхом из кожи,160
793370624,Обувь повседневная с верхом из кожи,Подошва: ПВХ,160
793370624,Обувь повседневная с верхом из кожи,Модель: Полуботинки кожаные «Билд» с перфорацией,160
793370624,Обувь повседневная с верхом из кожи,Особенности модели: добный ремешок регулирует полноту и подъем по ноге. Задний ремешок надежно фиксирует стопу.,160
793370624,Обувь повседневная с верхом из кожи,Подкладка: полиэстер + полотно иглопробивное + кожа из спилка,160
793370684,"Платки (шали, парео), косынки (банданы)",Модель: Косынка,2
793370684,"Платки (шали, парео), косынки (банданы)",Ширина: 40 см,2
793370684,"Платки (шали, парео), косынки (банданы)",Вид: Платки (шали,2
793370684,"Платки (шали, парео), косынки (банданы)",Материал: Бязь» отбеленная (100% хлопок),2
793370684,"Платки (шали, парео), косынки (банданы)",Форма: 3-х угольная,2
793370684,"Платки (шали, парео), косынки (банданы)",Материал: «Бязь» отбеленная,2
793370684,"Платки (шали, парео), косынки (банданы)",Плотность материала: 142 гр/м2,2
793370684,"Платки (шали, парео), косынки (банданы)",Вид: Уборы головные летние,2
793370684,"Платки (шали, парео), косынки (банданы)",Длина: 90 см,2
793370684,"Платки (шали, парео), косынки (банданы)",Плотность: 142 гр/м2,2
793370684,"Платки (шали, парео), косынки (банданы)",Состав материала: хлопок,2
793370684,"Платки (шали, парео), косынки (банданы)",Размер: 54-62,2
793370684,"Платки (шали, парео), косынки (банданы)",Цвет: белый,2
793371056,Ограждения металлические барьерные,Назначение: сигнальная лента,2
793371056,Ограждения металлические барьерные,Цвет: бело-красный,2
793371056,Ограждения металлические барьерные,Тип: Скотч,2
793371056,Ограждения металлические барьерные,Длина: 250 м,2
793371056,Ограждения металлические барьерные,Вес брутто: 0.93000 кг,2
793371056,Ограждения металлические барьерные,Ширина: 75.00000 мм,2
793371056,Ограждения металлические барьерные,Модель: Лента,2
793371056,Ограждения металлические барьерные,Страна: Россия,2
793371954,Фартуки профессиональные,Вид: Фартуки профессиональные,2
793371954,Фартуки профессиональные,Вид: От воды и растворов нетоксичных веществ,2
793371954,Фартуки профессиональные,Вид: Предприятие общественного питания,2
793371954,Фартуки профессиональные,Длина фартука: 85.00000 см,2
793371954,Фартуки профессиональные,Назначение изделия: Защита нижней части работающего,2
793371954,Фартуки профессиональные,Метод крепления: пояс со шлевками спереди. При малом объеме талии свободные концы пояса можно продеть в шлевки и завязать как спереди,2
793371954,Фартуки профессиональные,Размер: 150х83 см,2
793371954,Фартуки профессиональные,Устойчивость: Устойчивость к жирам и маслам,2
793371954,Фартуки профессиональные,Особенности модели: Стирка в стиральной машине,2
793371954,Фартуки профессиональные,Описание: Надежная замена фартуков из ПВХ. Отвечает самым высоким требованиям гигиены и безопасности. Легкий,2
793371954,Фартуки профессиональные,Модель: Фартук HACCPER EvaTex 150х83 см,2
793371954,Фартуки профессиональные,Грузополучатель товара: Заказчик,2
793371954,Фартуки профессиональные,Толщина: 0.20000 мм,2
793371954,Фартуки профессиональные,Материал: этиленвинилацетат %,2
793371954,Фартуки профессиональные,Плотность ткани: 200 гр/м2,2
793372516,Емкости для инструментов,Вид: Товары для ремонта или строительства,5
793372516,Емкости для инструментов,Вид: Инструмент и оборудование инструментальное,5
793372516,Емкости для инструментов,Вид: Емкости для инструментов,5
793372516,Емкости для инструментов,Толщина материала: 2,5
793372516,Емкости для инструментов,Материал: кожа 100 % (процент),5
793372516,Емкости для инструментов,"Модель: Сумка односекционная ""Мастер""",5
793372516,Емкости для инструментов,Описание: Конструктивные элементы сумки позволяют навешивать изделие на брючный или поясной ремень. Концы строчек дополнительно закреплены заклёпками,5
793372516,Емкости для инструментов,Размеры: 150х120 мм,5
793372516,Емкости для инструментов,Вес: 0.12000 кг,5
793372516,Емкости для инструментов,Назначение: Конструкция крепежа для молотка позволяет навесить изделие на поясной или брючный ремень.,5
793372516,Емкости для инструментов,Материал изделия: кожа,5
793372516,Емкости для инструментов,"Модель: Сумка-крепёж для молотка ""Мастер""",5
793372516,Емкости для инструментов,Назначение: Сумка малая односекционная для саморезов,5
793372516,Емкости для инструментов,Назначение: Позволяет переносить основной инструмент,5
793372516,Емкости для инструментов,Описание: Служит для обеспечения максимального удобства при работе на стремянках и строительных «лесах»,5
793373080,Перчаточные изделия бытового назначения,Вид: Тыльная и ладонная части перчаток усилены накладками из кожевенного велюра,11
793373080,Перчаточные изделия бытового назначения,Межподкладочный утеплитель: Тинсулейт® 3М™,11
793373080,Перчаточные изделия бытового назначения,Материал: 75 шерсть,11
793373080,Перчаточные изделия бытового назначения,Назначение: Защита от пониженных температур. Могут использоваться как утепляющий вкладыш для других моделей перчаток,11
793373080,Перчаточные изделия бытового назначения,Размер: 27 (10),11
793373080,Перчаточные изделия бытового назначения,Материал подкладки: Флис,11
793373080,Перчаточные изделия бытового назначения,Модель: Перчатки полушерстяные,11
793373080,Перчаточные изделия бытового назначения,Материал: Изготовлены из вязаного трикотажа (100% акрил),11
793373080,Перчаточные изделия бытового назначения,Сезон: Зима,11
793373080,Перчаточные изделия бытового назначения,Материал: натуральная кожа козленка,11
793373080,Перчаточные изделия бытового назначения,Материал подкладки: из натурального меха ягненка,11
793373080,Перчаточные изделия бытового назначения,Материал: Натуральная кожа,11
793373080,Перчаточные изделия бытового назначения,Вид: Перчаточные изделия бытового назначения,11
793373080,Перчаточные изделия бытового назначения,Описание: Обеспечивают хороший захват и высокую чувствительность пальцев. Благодаря особому крою повторяют анатомическую форму руки,11
793373080,Перчаточные изделия бытового назначения,Назначение: Для защиты рук от механических воздействий,11
793373234,"Приборы бытовые осветительные с питанием от батарей, аккумуляторов",Емкость аккумулятора: 1500 мАч,1
793373234,"Приборы бытовые осветительные с питанием от батарей, аккумуляторов",Комплектация: USB-кабель,1
793373234,"Приборы бытовые осветительные с питанием от батарей, аккумуляторов",Режимы освещения: дальний и ближний свет,1
793373234,"Приборы бытовые осветительные с питанием от батарей, аккумуляторов",Светодиод: Основной - CREE XP-G2,1
793373234,"Приборы бытовые осветительные с питанием от батарей, аккумуляторов",Тип: встроенный литий-полимерный,1
793373234,"Приборы бытовые осветительные с питанием от батарей, аккумуляторов",Время непрерывной работы: 3–4 час (ч),1
793373234,"Приборы бытовые осветительные с питанием от батарей, аккумуляторов",Модель: Фонарь налобный аккумуляторный «Яркий Луч» LH-160A Stalker,1
793375024,Ремни поясные,Длина: 130.00000 см,2
793375024,Ремни поясные,Вид: Ремень поясной,2
793375024,Ремни поясные,Описание: Возможна регулировка до необходимого объёма талии,2
793375024,Ремни поясные,Материал ремней: кожа,2
793375024,Ремни поясные,Ширина: 5.00000 см,2
793375024,Ремни поясные,"Модель: Ремень поясной ""Мастер""",2
793375024,Ремни поясные,Вид: Ремень поясной со шлёвками для полуколец,2
793375024,Ремни поясные,Материал: кожа,2
793375024,Ремни поясные,Описание: Подтяжки с плечевыми накладками,2
793375024,Ремни поясные,"Модель: Ремень поясной ""Мастер"" с подтяжками",2
793375044,Обувь специальная из полимерных материалов для защиты от механических воздействий,Вид: Обувь специальная из полимерных материалов для защиты от механических воздействий,121
793375044,Обувь специальная из полимерных материалов для защиты от механических воздействий,Метод крепления: литьевой,121
793375044,Обувь специальная из полимерных материалов для защиты от механических воздействий,Вид: Обувь специальная,121
793375044,Обувь специальная из полимерных материалов для защиты от механических воздействий,Глубина протектора: 3 мм,121
793375044,Обувь специальная из полимерных материалов для защиты от механических воздействий,Верх обуви: микрофибра,121
793375044,Обувь специальная из полимерных материалов для защиты от механических воздействий,Проколозащитная стелька: неметаллические,121
793375044,Обувь специальная из полимерных материалов для защиты от механических воздействий,Вид: Композитный материал,121
793375044,Обувь специальная из полимерных материалов для защиты от механических воздействий,Высота: 8 см,121
793375044,Обувь специальная из полимерных материалов для защиты от механических воздействий,Модель: Полуботинки «Шварц»,121
793375044,Обувь специальная из полимерных материалов для защиты от механических воздействий,Высота обуви: 13 см,121
793375044,Обувь специальная из полимерных материалов для защиты от механических воздействий,Верх обуви: ПВХ + нитрильный каучук.,121
793375044,Обувь специальная из полимерных материалов для защиты от механических воздействий,Особенности модели: Сапоги,121
793375044,Обувь специальная из полимерных материалов для защиты от механических воздействий,Подошва: промежуточный слой: вспененный ПВХ + нитрильный каучук. Подошва ходовой слой: ПВХ + нитрильный каучук.,121
793375044,Обувь специальная из полимерных материалов для защиты от механических воздействий,Модель: Сапоги ПВХ «Форест»,121
793375044,Обувь специальная из полимерных материалов для защиты от механических воздействий,Подкладка: из полотна ARTICO (Артико) и подкладочного полотна ON STEAM (Он Стим).,121
793375102,Детали и аксессуары для одежды форменной,Тип: татами,8
793375102,Детали и аксессуары для одежды форменной,Стабилизатор: двойной флизелин,8
793375102,Детали и аксессуары для одежды форменной,Вид: шеврон,8
793375102,Детали и аксессуары для одежды форменной,Материал шеврона: сукно красное + дублерин,8
793375102,Детали и аксессуары для одежды форменной,Плотность застила: 0.40000 мм,8
793375102,Детали и аксессуары для одежды форменной,Вид: Элементы одежды,8
793375102,Детали и аксессуары для одежды форменной,Вид: Галантерейные товары,8
793375102,Детали и аксессуары для одежды форменной,Высота: 45.00000 мм,8
793375102,Детали и аксессуары для одежды форменной,Материал ниток: шелк,8
793375102,Детали и аксессуары для одежды форменной,Место размещения нашивки: грудь,8
793375102,Детали и аксессуары для одежды форменной,Метод изготовления: вышивка,8
793375102,Детали и аксессуары для одежды форменной,Цвет вышивки: фиолетовый,8
793375102,Детали и аксессуары для одежды форменной,Цвет материала: белый,8
793375102,Детали и аксессуары для одежды форменной,Ширина: 45.00000 мм,8
793375102,Детали и аксессуары для одежды форменной,Модель: вышивка,8
793376396,Фильтры для общебольничного оборудования,Область применения: используется при попадании в глаза инородных тел (металлической или древесной стружки,2
793376396,Фильтры для общебольничного оборудования,Объём: 200 милилитр,2
793376396,Фильтры для общебольничного оборудования,Предназначен: для промывания глаз,2
793376396,Фильтры для общебольничного оборудования,Состав: содержит стерильный раствор хлорида натрия,2
793376396,Фильтры для общебольничного оборудования,Способ применения: :струя жидкости для промывания не должна попадать в глаза под напором,2
793376396,Фильтры для общебольничного оборудования,Срок годности: Если упаковка не вскрыта,2
793376396,Фильтры для общебольничного оборудования,Модель: Средство увлажняющее офтальмологическое (4691 Плум) Plum Eyewash 200 мл для промывания глаз при попадании инородных частиц,2
793376396,Фильтры для общебольничного оборудования,Габаритные размеры: 110 х 87,2
793376396,Фильтры для общебольничного оборудования,Комплектация: Специальная огнестойкая (огнезащитная) накидка «Шанс» выполнена в виде пончо из водо-,2
793376396,Фильтры для общебольничного оборудования,Предназначен: для предотвращения возгорания одежды и защиты тела человека от открытого пламени,2
793376396,Фильтры для общебольничного оборудования,Срок хранения: не менее 10 года,2
793376396,Фильтры для общебольничного оборудования,Модель: Специальная огнезащитная накидка «Шанс»,2
793382390,Перчатки смотровые/процедурные и хирургические,Длина: 240 мм,7
793382390,Перчатки смотровые/процедурные и хирургические,Особенности: Используются в лабораториях,7
793382390,Перчатки смотровые/процедурные и хирургические,Поверхность области захвата: текстурированные кончики пальцев,7
793382390,Перчатки смотровые/процедурные и хирургические,Покрытие перчатки: нитрил,7
793382390,Перчатки смотровые/процедурные и хирургические,Толщина: 0.12000 мм,7
793382390,Перчатки смотровые/процедурные и хирургические,Модель: Перчатки Ansell TouchNTuff® 92-500 (Тач-н-таф) (50 пар),7
793382390,Перчатки смотровые/процедурные и хирургические,Материал: нитрил,7
793382390,Перчатки смотровые/процедурные и хирургические,Вид: перчатки,7
793382390,Перчатки смотровые/процедурные и хирургические,Размер: 7 (S),7
793382390,Перчатки смотровые/процедурные и хирургические,Количество в упаковке: 100 шт,7
793382485,Шапочки медицинские,Вид: Шапочки медицинские,7
793382485,Шапочки медицинские,Вид: Текстиль и полимерные изделия медицинские однократного применения,7
793382485,Шапочки медицинские,Вид: Медицинские расходные материалы,7
793382485,Шапочки медицинские,Модель: Шапочка «Медик»,7
793382485,Шапочки медицинские,Ткань: 65 полиэфир,7
793382485,Шапочки медицинские,Цвет: белый,7
793382485,Шапочки медицинские,Назначение: для персонала медицинских учреждений,7
793382485,Шапочки медицинские,Обхват головы (горизонтальный обхват по окружности головы): 54-62 см,7
793382485,Шапочки медицинские,Состав ткани: смесовая (97% хлопок,7
793382485,Шапочки медицинские,Цвет: принт «Кротики» на белом фоне.,7
793382485,Шапочки медицинские,"Модель: Шапочка ""Кротик""",7
793382485,Шапочки медицинские,Защитные свойства: Зо – защита от общих производственных загрязнений,7
793382485,Шапочки медицинские,Количество штук в упаковке: 1.00000 шт,7
793382485,Шапочки медицинские,Ткань: тиси,7
793382485,Шапочки медицинские,Диаметр: 48 мм,7
793382486,Салфетки,Вид: Чехол-салфетка для очков,1
793382486,Салфетки,Материал: микрофазер,1
793382486,Салфетки,Назначение: внутренняя сторона чехла предназначена для сухой очистки линзы,1
793382486,Салфетки,Модель: Чехол-салфетка для открытых очков (9954349),1
793382486,Салфетки,Цвет: серый,1
793382492,"Халат изолирующий, процедурный",Пол: женский,120
793382492,"Халат изолирующий, процедурный",Цвет: белый,120
793382492,"Халат изолирующий, процедурный",Состав ткани: 65 полиэфир,120
793382492,"Халат изолирующий, процедурный",Модель: Халат женский «Бьянка-2»,120
793382492,"Халат изолирующий, процедурный",Ткань: «Старлайт»,120
793382492,"Халат изолирующий, процедурный",Отделка: малосминаемая,120
793382492,"Халат изолирующий, процедурный",Назначение: Защита от общепроизводственных загрязнений,120
793382492,"Халат изолирующий, процедурный",Половая принадлежность: женская,120
793382492,"Халат изолирующий, процедурный",Цвет: сливовый,120
793382492,"Халат изолирующий, процедурный",Карманы: 3 нижних накладных кармана,120
793382492,"Халат изолирующий, процедурный",Описание: Рекомендуется для персонала медицинских учреждений,120
793382492,"Халат изолирующий, процедурный",Рукава: короткие с отворотом,120
793382492,"Халат изолирующий, процедурный",Силуэт: трапеция,120
793382492,"Халат изолирующий, процедурный",Модель: Блуза женская «Стелла» сливовая,120
793382492,"Халат изолирующий, процедурный",Состав ткани: 47 бамбук,120
793382493,Текстиль общего назначения,Пол: женский,375
793382493,Текстиль общего назначения,Состав ткани: 47 бамбук,375
793382493,Текстиль общего назначения,Ткань: бамбук,375
793382493,Текстиль общего назначения,Рукав: короткий,375
793382493,Текстиль общего назначения,Плотность ткани: 140 г/кв.м,375
793382493,Текстиль общего назначения,Состав ткани: 65 полиэфир,375
793382493,Текстиль общего назначения,Карманы: Накладные карманы сзади и по бокам,375
793382493,Текстиль общего назначения,Ткань: смесовая,375
793382493,Текстиль общего назначения,Назначение: для защиты от общих производственных загрязнений,375
793382493,Текстиль общего назначения,Отделка: малосминаемая CRF,375
793382493,Текстиль общего назначения,Цвет: белый,375
793382493,Текстиль общего назначения,Цвет: синий,375
793382493,Текстиль общего назначения,Ткань: «Артвейв»,375
793382493,Текстиль общего назначения,Цвет: бирюзовый,375
793382493,Текстиль общего назначения,Модель: Блуза женская медицинская «Лотос» синяя,375
793382494,Одежда для пациента и посетителей,Застёжка: на липучках,3
793382494,Одежда для пациента и посетителей,Материал: первичный воздухопроницаемый нетканый полипропилен,3
793382494,Одежда для пациента и посетителей,Рукава: без манжет,3
793382494,Одежда для пациента и посетителей,Модель: Халат одноразовый «Визитер» (спанбонд) на липучках белый,3
793382494,Одежда для пациента и посетителей,Воротник: отложной на стойке,3
793382494,Одежда для пациента и посетителей,Материал: нетканный полипропилен,3
793382494,Одежда для пациента и посетителей,Плотность: 20 г/м2,3
793382494,Одежда для пациента и посетителей,Стерильность: Нестерильный,3
793382494,Одежда для пациента и посетителей,Модель: Халат одноразовый «Визитер» (спанбонд) на кнопках белый,3
793382494,Одежда для пациента и посетителей,Размер халата: XL,3
793382494,Одежда для пациента и посетителей,Размер халата: 2XL,3
793382494,Одежда для пациента и посетителей,Цвет: белый,3
793382494,Одежда для пациента и посетителей,Застежка: на кнопки,3
793382494,Одежда для пациента и посетителей,Размер: XL,3
793382500,"Маска лицевая для защиты дыхательных путей, одноразового использования",Вид: медицинская,1
793382500,"Маска лицевая для защиты дыхательных путей, одноразового использования",Количество в упаковке: 50 шт,1
793382500,"Маска лицевая для защиты дыхательных путей, одноразового использования",Количество слоев: 3.00000 шт,1
793382500,"Маска лицевая для защиты дыхательных путей, одноразового использования",Материал: нетканый,1
793382500,"Маска лицевая для защиты дыхательных путей, одноразового использования",Назначение: Обеспечивает защиту от различных патогенных микробов,1
793382500,"Маска лицевая для защиты дыхательных путей, одноразового использования",Носовой фиксатор: гибкий,1
793382500,"Маска лицевая для защиты дыхательных путей, одноразового использования",Регистрационное удостоверение: № РЗН 2020/10189,1
793382500,"Маска лицевая для защиты дыхательных путей, одноразового использования",Состав материала: спанбонд,1
793382500,"Маска лицевая для защиты дыхательных путей, одноразового использования",Модель: Маска медицинская (50 шт.),1
793382504,Средства индивидуальной защиты для медицинского персонала прочие,Размер: 10,4
793382504,Средства индивидуальной защиты для медицинского персонала прочие,Материал: Брезент,4
793382504,Средства индивидуальной защиты для медицинского персонала прочие,Назначение: Предназначены для защиты рук от механических воздействий и общих производственных загрязнений,4
793382504,Средства индивидуальной защиты для медицинского персонала прочие,М2: 480.00000,4
793382504,Средства индивидуальной защиты для медицинского персонала прочие,Модель: Рукавицы из парусины полульняной,4
793382504,Средства индивидуальной защиты для медицинского персонала прочие,Вес: 39 г,4
793382504,Средства индивидуальной защиты для медицинского персонала прочие,Назначение: Обеспечивают хороший захват и повышают износостойкость,4
793382504,Средства индивидуальной защиты для медицинского персонала прочие,Состав материала: хлопок с латексным покрытием,4
793382504,Средства индивидуальной защиты для медицинского персонала прочие,Материал: трикотажные перчатки изготовлены из комбинированного сырья (полиэфирной нити и хлопчатобумажной пряжи). Имеют точечное ПВХ-покрытие 50% хлопок,4
793382504,Средства индивидуальной защиты для медицинского персонала прочие,Материал: хлопкополиэфирная пряжа,4
793382504,Средства индивидуальной защиты для медицинского персонала прочие,Модель: Перчатки трикотажные для защиты рук от механических воздействий и ОПЗ,4
793382504,Средства индивидуальной защиты для медицинского персонала прочие,Цвет: бежевый,4
793382504,Средства индивидуальной защиты для медицинского персонала прочие,Цвет: белый,4
793410076,Патроны и фильтры сменные для средств индивидуальной защиты органов дыхания,Срок службы: 5 г,11
793410076,Патроны и фильтры сменные для средств индивидуальной защиты органов дыхания,Масса: 120 г,11
793410076,Патроны и фильтры сменные для средств индивидуальной защиты органов дыхания,Назначение: Обеспечивает защиту при объемном содержании кислорода в воздухе не менее 17% и суммарном содержании паро- и газообразных вредных веществ не более 50 ПДК (с полумаской),11
793410076,Патроны и фильтры сменные для средств индивидуальной защиты органов дыхания,Гарантийный срок хранения: 5.00000 г,11
793410076,Патроны и фильтры сменные для средств индивидуальной защиты органов дыхания,Страна: Россия,11
793410076,Патроны и фильтры сменные для средств индивидуальной защиты органов дыхания,Вид: Сменный фильтр (предфильтр),11
793410076,Патроны и фильтры сменные для средств индивидуальной защиты органов дыхания,Назначение: для дополнительной защиты и увеличения срока службы основного сменного противогазового фильтра MFA от воздействий аэрозолей (пыль,11
793410076,Патроны и фильтры сменные для средств индивидуальной защиты органов дыхания,Температурный режим хранения: от –10 до +50 °c,11
793410076,Патроны и фильтры сменные для средств индивидуальной защиты органов дыхания,Модель: Фильтр противоаэрозольный (предфильтр) MFA,11
793410076,Патроны и фильтры сменные для средств индивидуальной защиты органов дыхания,Вид: сменный фильтр.,11
793410076,Патроны и фильтры сменные для средств индивидуальной защиты органов дыхания,Назначение: для защиты органов дыхания (в комплекте с лицевой частью MFA),11
793410076,Патроны и фильтры сменные для средств индивидуальной защиты органов дыхания,Артикул: 7884,11
793410076,Патроны и фильтры сменные для средств индивидуальной защиты органов дыхания,Вид: Держатель,11
793410076,Патроны и фильтры сменные для средств индивидуальной защиты органов дыхания,Температурный режим: от –10 до +50 [0*]С,11
793410076,Патроны и фильтры сменные для средств индивидуальной защиты органов дыхания,Модель: Держатель предфильтра MFA,11
793410700,Поло спортивные для взрослых,Цвет: темно-синяя,5
793410700,Поло спортивные для взрослых,Модель: Сорочка с воротником «Поло» темно-синяя,5
793410700,Поло спортивные для взрослых,Застежка: пуговицы мм,5
793410700,Поло спортивные для взрослых,Воротник: отложной воротничок укреплен тесьмой,5
793410700,Поло спортивные для взрослых,М2: 180.00000,5
793410700,Поло спортивные для взрослых,Рукав: короткий,5
793410700,Поло спортивные для взрослых,Состав: 100 хлопок %,5
793410700,Поло спортивные для взрослых,Силуэт: прямой,5
793410700,Поло спортивные для взрослых,Рост: 92/170-176 см,5
793410700,Поло спортивные для взрослых,Рост: 108/182-188 см,5
793410700,Поло спортивные для взрослых,Рост: 112/182-188 см,5
793410700,Поло спортивные для взрослых,Рост: 120/182-188 см,5
793410700,Поло спортивные для взрослых,Рост: 100/170-176 см,5
793411714,Медицинские наборы,Комплектация: Жгут кровоостанавливающий 1 шт.,4
793411714,Медицинские наборы,Размер: 205x205x70 мм,4
793411714,Медицинские наборы,Фармакологическое действие: Аптечка предназначена для оказания первой помощи,4
793411714,Медицинские наборы,Форма выпуска: Пластиковый чемодан,4
793411714,Медицинские наборы,Модель: Аптечка Автомобильная ФЭСТ,4
793411714,Медицинские наборы,Высота: 255 мм,4
793411714,Медицинские наборы,Количество вложений: 23 шт,4
793411714,Медицинские наборы,Назначение: для оказания первой помощи работникам на производственных участках и в рабочих кабинетах,4
793411714,Медицинские наборы,Модель: 9230,4
793411714,Медицинские наборы,Аптечка изготовлена в соответствии с приказом минз: Министерства здравоохранения Российской Федерации от 08.10.2020 г. №?1080н,4
793411714,Медицинские наборы,Бинт марлевый медицинский нестерильный 5 м х 10 см: 4 штук,4
793411714,Медицинские наборы,Маска медицинская нестерильная 3-слойная из неткан: 2 штук,4
793411714,Медицинские наборы,Ножницы для разрезания повязок по листеру: 1 штук,4
793411714,Медицинские наборы,Устройство для проведения искусственного дыхания «: 1 штук,4
793411714,Медицинские наборы,Футляр: 1 штук,4
793411966,Принадлежности и расходные материалы для хирургического оборудования,Вес в упаковке: 5 г,1
793411966,Принадлежности и расходные материалы для хирургического оборудования,Гарантийный срок: 5 мес,1
793411966,Принадлежности и расходные материалы для хирургического оборудования,Защита при концентрации аэрозолей: не более 300 мг/куб.м,1
793411966,Принадлежности и расходные материалы для хирургического оборудования,Модель: Фильтр противоаэрозольный UNIX P3,1
793411966,Принадлежности и расходные материалы для хирургического оборудования,Температурный режим эксплуатации: от -40 до +40 [0*]С,1
793412180,Самоспасатели пожарные изолирующие с химически связанным кислородом,Габаритные размеры: 118x203x213 мм,6
793412180,Самоспасатели пожарные изолирующие с химически связанным кислородом,Назначение: при эвакуации в условиях пожара из зданий,6
793412180,Самоспасатели пожарные изолирующие с химически связанным кислородом,Срок хранения: 5.00000 г,6
793412180,Самоспасатели пожарные изолирующие с химически связанным кислородом,Температурный диапазон эксплуатации: от -10 до +60 градус,6
793412180,Самоспасатели пожарные изолирующие с химически связанным кислородом,Вес: 1500 г,6
793412180,Самоспасатели пожарные изолирующие с химически связанным кислородом,Срок службы: 10.00000 г,6
793412180,Самоспасатели пожарные изолирующие с химически связанным кислородом,Модель: СПИ-20,6
793412180,Самоспасатели пожарные изолирующие с химически связанным кислородом,Модель: САМОСПАСАТЕЛЬ СПИ-20,6
793412180,Самоспасатели пожарные изолирующие с химически связанным кислородом,Описание: Боковое расположение фильтров самоспасателя не ограничивает подвижность головы и шеи,6
793412180,Самоспасатели пожарные изолирующие с химически связанным кислородом,Применение: для индивидуальной защиты органов дыхания и зрения людей от токсичных продуктов горения (в том числе от монооксида углерода – угарного газа) при эвакуации из задымленных помещений во время пожара,6
793412180,Самоспасатели пожарные изолирующие с химически связанным кислородом,Вид: Универсальный фильтрующий малогаборитный самоспасатель,6
793412180,Самоспасатели пожарные изолирующие с химически связанным кислородом,Время защитного действия: не менее 30 минут.,6
793412180,Самоспасатели пожарные изолирующие с химически связанным кислородом,Исполнение капюшона фильтрующего самоспасателя: имеет внутреннюю систему самонатяжения оголовья,6
793412180,Самоспасатели пожарные изолирующие с химически связанным кислородом,Клапан вдоха: исключает попадание выдыхаемого воздуха (слюны и конденсата) в фильтры,6
793413026,Перчатки резиновые общего назначения (кроме медицинских),Длина перчатки: 300.00000 мм,9
793413026,Перчатки резиновые общего назначения (кроме медицинских),Вид: упаковка-диспенсер,9
793413026,Перчатки резиновые общего назначения (кроме медицинских),Назначение: для использования в косметологии и клининге,9
793413026,Перчатки резиновые общего назначения (кроме медицинских),Состав: полиэтилен низкого давления (ПНД),9
793413026,Перчатки резиновые общего назначения (кроме медицинских),Толщина: 0.03000 мм,9
793413026,Перчатки резиновые общего назначения (кроме медицинских),Поверхность области захвата: рельефная,9
793413026,Перчатки резиновые общего назначения (кроме медицинских),Цвет: прозрачный,9
793413026,Перчатки резиновые общего назначения (кроме медицинских),Тип: гладкие,9
793413026,Перчатки резиновые общего назначения (кроме медицинских),Вид: перчатки,9
793413026,Перчатки резиновые общего назначения (кроме медицинских),Количество пар в упаковке: 50 шт,9
793413026,Перчатки резиновые общего назначения (кроме медицинских),Размер: 7-8,9
793413026,Перчатки резиновые общего назначения (кроме медицинских),Модель: Перчатки полиэтиленовые,9
793413026,Перчатки резиновые общего назначения (кроме медицинских),Модель: Перчатки VersaTouch 37-210 (Версатач) нитриловые,9
793413026,Перчатки резиновые общего назначения (кроме медицинских),Материал внешнего покрытия: нитрил,9
793413026,Перчатки резиновые общего назначения (кроме медицинских),Размер: 9.00000,9
793413032,Перчатки хозяйственные трикотажные,Материал покрытия: ПВХ,12
793413032,Перчатки хозяйственные трикотажные,Материал основы: 90 хлопок,12
793413032,Перчатки хозяйственные трикотажные,Класс вязки: 10.00000,12
793413032,Перчатки хозяйственные трикотажные,Размер: 9,12
793413032,Перчатки хозяйственные трикотажные,Назначение: для защиты рук от механических воздействий и истирания,12
793413032,Перчатки хозяйственные трикотажные,Вид: перчатки,12
793413032,Перчатки хозяйственные трикотажные,Цвет: основной-бежевый,12
793413032,Перчатки хозяйственные трикотажные,Модель: Перчатки трикотажные «Волна»,12
793413032,Перчатки хозяйственные трикотажные,Вес пары: 0.07000 г,12
793413032,Перчатки хозяйственные трикотажные,Длина перчатки: 243.00000 мм,12
793413032,Перчатки хозяйственные трикотажные,Область применения: Садово-строительные работы,12
793413032,Перчатки хозяйственные трикотажные,Модель: Перчатки трикотажные «Сити» с точечным ПВХ-покрытием ладони,12
793413032,Перчатки хозяйственные трикотажные,Вид: точечное,12
793413032,Перчатки хозяйственные трикотажные,Назначение: для работы с сухими предметами,12
793413032,Перчатки хозяйственные трикотажные,Цвет: Белый,12
793413034,"Рукавицы хозяйственные брезентовые, трикотажные",Вес: 31 г,2
793413034,"Рукавицы хозяйственные брезентовые, трикотажные",Назначение: для защиты рук от механических воздействий (истирания) и общих производственных загрязнений в условиях воздействия пониженных температур,2
793413034,"Рукавицы хозяйственные брезентовые, трикотажные",Вид: рукавицы,2
793413034,"Рукавицы хозяйственные брезентовые, трикотажные",Материал основания: прочная х/б ткань (диагональ суровая,2
793413034,"Рукавицы хозяйственные брезентовые, трикотажные",Назначение: Предназначены для защиты рук от механических воздействий при работах в различных отраслях промышленности и с/х.,2
793413034,"Рукавицы хозяйственные брезентовые, трикотажные",Модель: Рукавицы х/б с двойным наладонником (2),2
793413034,"Рукавицы хозяйственные брезентовые, трикотажные",Материал: Утеплитель – натуральная овчина,2
793413034,"Рукавицы хозяйственные брезентовые, трикотажные",Размер: 2 (27),2
793413034,"Рукавицы хозяйственные брезентовые, трикотажные",Модель: Рукавицы меховые с кожаным наладонником,2
793413034,"Рукавицы хозяйственные брезентовые, трикотажные",М2: 235.00000,2
793413034,"Рукавицы хозяйственные брезентовые, трикотажные",Сезон: Зима,2
793413404,Стропы,Длина: 2.00000 м,4
793413404,Стропы,Вид: Строп,4
793413404,Стропы,Наименование материала изготовления: полиамид,4
793413404,Стропы,Статическая прочность: 15 кн,4
793413404,Стропы,Назначение: для безопасной остановки падения и является компонентом страховочной системы,4
793413404,Стропы,Модель: Строп с амортизатором ALN101,4
793413404,Стропы,Назначение: предназначен для работы в системе удержания,4
793413404,Стропы,Модель: Строп регулируемый для удерживания LN111,4
793413404,Стропы,Тип: AZ002 (раскрытие 18 мм),4
793413404,Стропы,Наименование материала изготовления: плетеный полиамидный шнур с индикатором изнашивания,4
793413404,Стропы,Назначение: нерегулируемый,4
793413404,Стропы,Модель: Строп капроновый LAS001 (LAS001),4
793413404,Стропы,Амортизатор: наличие,4
793413404,Стропы,Наименование материала изготовления: капроновый канат,4
793413404,Стропы,Тип: один большой и один малый металлический карабины,4
793413924,Бахилы медицинские,Глубина: 41 см,1
793413924,Бахилы медицинские,Количество слоёв: 1 шт,1
793413924,Бахилы медицинские,Модель: Бахилы одноразовые Размер универсальный Текстурированные прочные 30-40 мкм,1
793413924,Бахилы медицинские,Цвет: Голубой,1
793413924,Бахилы медицинские,Производитель: Китай,1
