category_id,category_name,characteristic
793284715,"Шины пневматические для строительных, дорожных, подъемно-транспортных машин",256 мм
793284715,"Шины пневматические для строительных, дорожных, подъемно-транспортных машин",Бескамерная: Вид запчасти : шина для мини-погрузчика
793284715,"Шины пневматические для строительных, дорожных, подъемно-транспортных машин",Рекомендуемое: давление : 84 Па Наружный диаметр : 793
793284715,"Шины пневматические для строительных, дорожных, подъемно-транспортных машин",Шины: пневматические для строительных дорожных
793284715,"Шины пневматические для строительных, дорожных, подъемно-транспортных машин",диаметр: 793 мм Модель : IND80
793284715,"Шины пневматические для строительных, дорожных, подъемно-транспортных машин",профиля: 256 мм Вид транспортные средства : Запас
793284715,"Шины пневматические для строительных, дорожных, подъемно-транспортных машин",транспортные: средства : Запасные части Тип :
793284715,"Шины пневматические для строительных, дорожных, подъемно-транспортных машин",12 дюйм
793284715,"Шины пневматические для строительных, дорожных, подъемно-транспортных машин",16.50000 дюйм
793284715,"Шины пневматические для строительных, дорожных, подъемно-транспортных машин",Вид: Шины покрышки и камеры резиновые Виды за
793284715,"Шины пневматические для строительных, дорожных, подъемно-транспортных машин",Модель: SKS-5
793284715,"Шины пневматические для строительных, дорожных, подъемно-транспортных машин",Назначение: пневматических шин :
793284715,"Шины пневматические для строительных, дорожных, подъемно-транспортных машин",Номинальное: отношение высоты профиля шины к ее
793284715,"Шины пневматические для строительных, дорожных, подъемно-транспортных машин",дорожных: подъемно-транспортных машин Обозначение
793284715,"Шины пневматические для строительных, дорожных, подъемно-транспортных машин",Бескамерная: Слойность : 12 шт Модель : SKS-1
793285271,Шины пневматические для сельскохозяйственных машин,0.15000 м
793285271,Шины пневматические для сельскохозяйственных машин,1.77000 кг
793285271,Шины пневматические для сельскохозяйственных машин,6 дюйм
793285271,Шины пневматические для сельскохозяйственных машин,Вес: 1.77000 кг Высота : 0.30000 м Диаметр посадочный :
793285271,Шины пневматические для сельскохозяйственных машин,Вид: Шины покрышки и камеры резиновые Виды запасных час
793285271,Шины пневматические для сельскохозяйственных машин,Виды: запасных частей для транспортных средств
793285271,Шины пневматические для сельскохозяйственных машин,Модель: Покрышка 15 0х6 0х6 0 Husqvarna
793285271,Шины пневматические для сельскохозяйственных машин,Шины: пневматические для сельскохозяйственных
793285271,Шины пневматические для сельскохозяйственных машин,комплектующие: принадлежности и изделия крепежные для
793285271,Шины пневматические для сельскохозяйственных машин,продукции: Товары Вид товаров : Транспортные средст
793285271,Шины пневматические для сельскохозяйственных машин,Ширина: 0.15000 м Вид : Шины покрышки и камеры р
793285271,Шины пневматические для сельскохозяйственных машин,38 дюйм
793285271,Шины пневматические для сельскохозяйственных машин,88.40000 кг
793285271,Шины пневматические для сельскохозяйственных машин,Вес: 88.40000 кг Ширина шины : 15.50000 м Диа
793285271,Шины пневматические для сельскохозяйственных машин,Модель: Ф-2АД
793286151,Шины пневматические для легкового автомобиля,16.00000 дюйм
793286151,Шины пневматические для легкового автомобиля,215.00000 мм
793286151,Шины пневматические для легкового автомобиля,Модель: Nordman 7
793286151,Шины пневматические для легкового автомобиля,Номинальная: ширина профиля : 215.00000 мм Индекс
793286151,Шины пневматические для легкового автомобиля,Номинальное: отношение высоты профиля шины к ее
793286151,Шины пневматические для легкового автомобиля,Шины: пневматические для легкового автомобиля
793286151,Шины пневматические для легкового автомобиля,диаметр: обода : 16.00000 дюйм Индекс категории
793286151,Шины пневматические для легкового автомобиля,скорости: : Т Категория использования шины : зима
793286151,Шины пневматические для легкового автомобиля,ширине: 55.00000 % Номинальный посадочный диамет
793286151,Шины пневматические для легкового автомобиля,Зимняя: Шипы : Да Номинальная ширина профиля :
793286151,Шины пневматические для легкового автомобиля,Индекс: нагрузки : т Индекс категории скорости :
793286151,Шины пневматические для легкового автомобиля,Модель: Hakkapeliitta 9
793286151,Шины пневматические для легкового автомобиля,Наличие: шипов : 1 Размерность шины : 215 65r16
793286151,Шины пневматические для легкового автомобиля,Cargospeed: Winter Ш. СЕРБИЯ
793286151,Шины пневматические для легкового автомобиля,Модель: : Тайгер 235 65 16 R 115 113 C
793360561,Шины пневматические для грузовых автомобилей,16.00000 дюйм
793360561,Шины пневматические для грузовых автомобилей,Диаметр: 16.00000 дюйм Шипы : 0 Высота профиля : 
793360561,Шины пневматические для грузовых автомобилей,Индекс: скорости и нагрузки : 121 120N
793360561,Шины пневматические для грузовых автомобилей,Модель: Кама 218
793360561,Шины пневматические для грузовых автомобилей,Шины: пневматические для грузовых автомобилей
793360561,Шины пневматические для грузовых автомобилей,нагрузки: 121 120N Размерность : 225 75R16 Модель 
793360561,Шины пневматические для грузовых автомобилей,340.00000 мм
793360561,Шины пневматические для грузовых автомобилей,Высота: профиля : 80 % Размерность : 340 80-18
793360561,Шины пневматические для грузовых автомобилей,Модель: QH604
793360561,Шины пневматические для грузовых автомобилей,Рисунок: протектора : повышенной проходимости
793360561,Шины пневматические для грузовых автомобилей,225.00000 мм
793360561,Шины пневматические для грузовых автомобилей,Шипы: : 0 Высота профиля : 75 % Индекс
793360561,Шины пневматические для грузовых автомобилей,профиля: 75 % Индекс скорости и нагрузки : 104Q М
793360561,Шины пневматические для грузовых автомобилей,скорости: и нагрузки : 104Q Модель : Кама-219
793360561,Шины пневматические для грузовых автомобилей,37 кг
793410132,Шины пневматические для мотоциклов,18 дюйм
793410132,Шины пневматические для мотоциклов,21 мм
793410132,Шины пневматические для мотоциклов,Модель: Mitas XT-454 XT-434
793410132,Шины пневматические для мотоциклов,Шины: пневматические для мотоциклов Количество
793410132,Шины пневматические для мотоциклов,колеса: 18 дюйм Габаритные размеры задней покрыш
793410132,Шины пневматические для мотоциклов,передней: покрышки : 80 100-21 мм Модель : Mitas
793410132,Шины пневматические для мотоциклов,покрышки: 240 шт Количество шипов задней покрышки 
793410132,Шины пневматические для мотоциклов,покрышки: : 110 90-18 мм Габаритные размеры
793410132,Шины пневматические для мотоциклов,шипов: задней покрышки : 341 шт Диаметр заднего
793410132,Шины пневматические для мотоциклов,10 дюйм
793410132,Шины пневматические для мотоциклов,381 мм
793410132,Шины пневматические для мотоциклов,59 мм
793410132,Шины пневматические для мотоциклов,KENDA: K771 TT
793410132,Шины пневматические для мотоциклов,Модель: 2.50-10 (60 100-10) 33J KENDA K771 TT
793410132,Шины пневматические для мотоциклов,Применение: : Для установки на переднюю или заднюю
793284937,Шины сплошные и полупневматические,1090 М
793284937,Шины сплошные и полупневматические,1415 кг
793284937,Шины сплошные и полупневматические,8 дюйм
793284937,Шины сплошные и полупневматические,Вид: Шины покрышки и камеры резиновые Виды запасных час
793284937,Шины сплошные и полупневматические,Всесезонная: Способ герметизации шины : Бескамерные
793284937,Шины сплошные и полупневматические,Диагональные: Индекс нагрузки : 1090 Максимальная
793284937,Шины сплошные и полупневматические,Индустриальный: Вид товаров : Транспортные средства Вид
793284937,Шины сплошные и полупневматические,Модель: : Шина цельнолитая 5 00-8 BKT MAGLIFT
793284937,Шины сплошные и полупневматические,Сплошная: (Цельнолитая) Индекс скорости : А5
793284937,Шины сплошные и полупневматические,Тип: конструкции полупневматических шин :
793284937,Шины сплошные и полупневматические,19.00000 дюйм
793284937,Шины сплошные и полупневматические,Германия
793284937,Шины сплошные и полупневматические,Модель: 275 40R19 105V XL Winter SottoZero 3 Run Flat Герм
793284937,Шины сплошные и полупневматические,Радиус: 19.00000 дюйм Сезонность : Зимняя Способ
793284937,Шины сплошные и полупневматические,Тип: рисунка : Направленный Вид продукции :
793360559,Шины пневматические для автобусов,113.00000 М
793360559,Шины пневматические для автобусов,16.00000 дюйм
793360559,Шины пневматические для автобусов,215.00000 мм
793360559,Шины пневматические для автобусов,Вид: Шины покрышки и камеры резиновые Виды за
793360559,Шины пневматические для автобусов,Категория: использования шины : Зимняя Индекс
793360559,Шины пневматические для автобусов,Модель: Cargo Speed Winter СЕРБИЯ
793360559,Шины пневматические для автобусов,Наличие: шипов : Да Номинальная ширина профиля :
793360559,Шины пневматические для автобусов,Радиальная: Индекс категории скорости : R Способ
793360559,Шины пневматические для автобусов,Транспортные: средства Вид транспортные средства :
793360559,Шины пневматические для автобусов,Шины: пневматические для автобусов Назначение
793360559,Шины пневматические для автобусов,высоты: профиля шины к ее ширине : 75.00000 %
793360559,Шины пневматические для автобусов,SUV: Корея
793360559,Шины пневматические для автобусов,Корея
793360559,Шины пневматические для автобусов,Легкая: грузовая Наличие логотипа : Да Наличие
793360559,Шины пневматические для автобусов,Модель: WINGUARD WinSpike SUV Корея
793410130,Шины пневматические для картов,225 г
793410130,Шины пневматические для картов,250 кг
793410130,Шины пневматические для картов,27.00000 дюйм
793410130,Шины пневматические для картов,Вес: 225 г Модель : AT225 ПОЛЬША
793410130,Шины пневматические для картов,Вид: Шины покрышки и камеры резиновые Виды запасных час
793410130,Шины пневматические для картов,Вид: продукции : Товары Вид товаров :
793410130,Шины пневматические для картов,Максимальное: давление : 3.20000 бар Минимальное
793410130,Шины пневматические для картов,Назначение: : Для каретных колес Сезонность : Летняя
793410130,Шины пневматические для картов,Транспортные: средства Вид транспортные средства :
793410130,Шины пневматические для картов,Шины: пневматические для картов Диаметр колеса
793410130,Шины пневматические для картов,1.59000 кг
793410130,Шины пневматические для картов,10.00000 дюйм
793410130,Шины пневматические для картов,4.50000 дюйм
793410130,Шины пневматические для картов,Корея
793410130,Шины пневматические для картов,Модель: P319 Корея
793410128,Шины (покрышки) и камеры для кресел-колясок,2.80000 а
793410128,Шины (покрышки) и камеры для кресел-колясок,540 Г
793410128,Шины (покрышки) и камеры для кресел-колясок,610 мм
793410128,Шины (покрышки) и камеры для кресел-колясок,Внутренний: диаметр : 540 мм Высота : 610 мм
793410128,Шины (покрышки) и камеры для кресел-колясок,Германия
793410128,Шины (покрышки) и камеры для кресел-колясок,Материал: : резина Рекомендуемое давление :
793410128,Шины (покрышки) и камеры для кресел-колясок,Модель: 24 х1 -3 8 U 37-540 Германия
793410128,Шины (покрышки) и камеры для кресел-колясок,Шины: (покрышки) и камеры для кресел-колясок
793410128,Шины (покрышки) и камеры для кресел-колясок,давление: 2.80000 атмосфер (атм) Модель : 24 х1 -3
793410128,Шины (покрышки) и камеры для кресел-колясок,24 дюйм
793410128,Шины (покрышки) и камеры для кресел-колясок,60 кг
793410128,Шины (покрышки) и камеры для кресел-колясок,Защита: : Smart Guard Модель : Perfomance
793410128,Шины (покрышки) и камеры для кресел-колясок,Модель: Perfomance Германия
793410128,Шины (покрышки) и камеры для кресел-колясок,Назначение: : Инвалидная коляска Цвет : Серый Размер
793410128,Шины (покрышки) и камеры для кресел-колясок,Протектор: HS440 Рекомендуемое давление : 6.0-10.0 
72095359,Одежда для взрослых форменная,Модель: 3296
72095359,Одежда для взрослых форменная,Одежда: для взрослых форменная Назначение одежды
72095359,Одежда для взрослых форменная,Цвет: темно-синий Состав : 40% хлопок 30% поли
72095359,Одежда для взрослых форменная,куртка: Размер рост : 108 182-188 Ткань :
72095359,Одежда для взрослых форменная,полиэфир: 30% Lycra В составе комплекта (костюма)
72095359,Одежда для взрослых форменная,форменной: : защита от общих производственных
72095359,Одежда для взрослых форменная,180 г
72095359,Одежда для взрослых форменная,Модель: Сорочка с воротником «Поло» оранжевая р.
72095359,Одежда для взрослых форменная,воротником: «Поло» оранжевая р.54 182-188
72095359,Одежда для взрослых форменная,ткани: 180 г кв.м Половая принадлежность : мужс
72095359,Одежда для взрослых форменная,Материал: : шерсть ПАН. Модель : Джемпер мужской
72095359,Одежда для взрослых форменная,Размер: 54 Рост : 182-188 см Состав ткани : 30 шерсть 70 П
72095359,Одежда для взрослых форменная,взрослых: : Форменная Вид продукции : Товары Вид
72095359,Одежда для взрослых форменная,включая: форменную) головных уборов одежды
72095359,Одежда для взрослых форменная,форменный: с накладками черный
72095360,Юбки женские,Застежка: потайная молния Размер : 108 170 Состав 
72095360,Юбки женские,Модель: Юбка женская р.108 170 Россия
72095360,Юбки женские,Размер: 108 170 Состав ткани верха : 44 шерсть 54 полиэфир
72095360,Юбки женские,Россия
72095360,Юбки женские,Цвет: темно-синий Вид продукции : Товары Вид товаров : О
72095360,Юбки женские,Юбки: женские Застежка : потайная молния
72095360,Юбки женские,одежда: для взрослых : Юбка Модель : Юбка
72095360,Юбки женские,одежды: (включая форменную) головных уборов
72095360,Юбки женские,полиэфир: 2 эластан % Цвет : темно-синий Вид
72095360,Юбки женские,продукции: Товары Вид товаров : Одежда Виды одежды 
72095360,Юбки женские,170 В
72095360,Юбки женские,220 г
72095360,Юбки женские,Подкладка: : С механическим стретч-эффектом с
72095360,Юбки женские,Пояс: Пояс-кокетка Состав ткани верха : 44 шер
72095360,Юбки женские,Размер: рост : 92 170 Вид размера : Стандартный
72095366,Жилеты для взрослых,Жилеты: для взрослых Виды одежды (включая
72095366,Жилеты для взрослых,Модель: : Жилет мужской летний «Крит» р.48-50
72095366,Жилеты для взрослых,Половой: признак : Мужской Отделка : терракотовый
72095366,Жилеты для взрослых,Размер: 48-50 170-176 Тип ткани : «Супербандмастер» смесов
72095366,Жилеты для взрослых,Цвет: сочетание бежевого и коричневого Модель : Жилет му
72095366,Жилеты для взрослых,головных: уборов одежды специальной : Одежда для
72095366,Жилеты для взрослых,продукции: : Товары Вид товаров : Одежда Состав
72095366,Жилеты для взрослых,ткани: : 65 полиэфир 35 хлопок % Сигнальные
72095366,Жилеты для взрослых,Тип: ткани : «Супербандмастер» смесовая Цвет
72095366,Жилеты для взрослых,мужской: летний «Крит» р.64-66 182-188
72095366,Жилеты для взрослых,Отделка: терракотовый Размер : 48-50 182-188 Тип 
72095366,Жилеты для взрослых,Сигнальные: элементы : кант из световозвращающего
72095366,Жилеты для взрослых,взрослых: : Жилет Модель : Жилет мужской летний
72095366,Жилеты для взрослых,Жилет: флисовый «Снегирь»
72095366,Жилеты для взрослых,Жилеты: для взрослых Размер : 112-116 170-176
72095367,Жакеты женские,205 г
72095367,Жакеты женские,Жакеты: женские Назначение : Защита об
72095367,Жакеты женские,Модель: Жакет женский «Бьянка-2» Россия
72095367,Жакеты женские,Назначение: Защита об общепроизводственных загрязнен
72095367,Жакеты женские,Россия
72095367,Жакеты женские,Цвет: : белый отделка – бирюзовая тесьма Вид
72095367,Жакеты женские,общепроизводственных: загрязнений Размер рост : 88 158-164
72095367,Жакеты женские,одежда: для взрослых : Жакет Состав ткани : 65
72095367,Жакеты женские,одежды: (включая форменную) головных уборов
72095367,Жакеты женские,полиэфир: 35 хлопок % Пол : женский Плотность :
72095367,Жакеты женские,продукции: : Товары Вид товаров : Одежда Виды
72095367,Жакеты женские,Плотность: 205 гр м2 Пол : женский Размер рост : 96
72095367,Жакеты женские,головных: уборов одежды специальной : Одежда для
72095367,Жакеты женские,женский: Размер рост : 96 158-164 Состав ткани :
72095367,Жакеты женские,общепроизводственных: загрязнений Плотность : 205 гр м2 Пол :
72095368,Халаты для взрослых,142 г
72095368,Халаты для взрослых,Модель: : Халат женский белый из ткани бязь
72095368,Халаты для взрослых,Назначение: Для защиты от общих производственных загрязнений П
72095368,Халаты для взрослых,Плотность: 142 гр м2 Пол : женский Размер рост : 14
72095368,Халаты для взрослых,Размер: рост : 148-152 158-164 Состав ткани :
72095368,Халаты для взрослых,Халаты: для взрослых Виды одежды (включая
72095368,Халаты для взрослых,головных: уборов одежды специальной : Одежда для
72095368,Халаты для взрослых,продукции: : Товары Вид товаров : Одежда Назначение
72095368,Халаты для взрослых,ткани: 100 хлопок % Ткань : отбеленная бязь Цве
72095368,Халаты для взрослых,Размер: рост : 104-108 170-176 Рукав : длинный
72095368,Халаты для взрослых,Модель: : -
72095368,Халаты для взрослых,Цвет: синий Модель : -
72095368,Халаты для взрослых,Модель: : Халат мужской «Оскар-2» р. 116 182-188
72095368,Халаты для взрослых,Состав: ткани : 65 полиэфир 35 хлопок % Ткань :
72095368,Халаты для взрослых,Цвет: белый отделка – серо-голубой Модель : Ха
72095369,Пиджаки мужские,213 г
72095369,Пиджаки мужские,Вид: одежда для взрослых : Пиджак Модель :
72095369,Пиджаки мужские,Вид: продукции : Товары Вид товаров : Одежда
72095369,Пиджаки мужские,Виды: одежды (включая форменную) головных
72095369,Пиджаки мужские,Застежка: на три пуговицы Карманы : Два боковых ка
72095369,Пиджаки мужские,Модель: Пиджак форменный мужской однобортный р 9
72095369,Пиджаки мужские,Отделка: : масловодоотталкивающая Плотность : 213
72095369,Пиджаки мужские,Подкладка: полиэфир с антистатической отделкой Разм
72095369,Пиджаки мужские,Россия
72095369,Пиджаки мужские,Ткань: верха : полушерстяная Цвет : темно-синий
72095369,Пиджаки мужские,Пиджак: форменный мужской однобортный р.116 176
72095369,Пиджаки мужские,"Модель: : Куртка-пиджак мужской ""Лагонда"""
72095369,Пиджаки мужские,Назначение: защита от общих производственных загрязн
72095369,Пиджаки мужские,Пиджаки: мужские Назначение : защита от общих
72095369,Пиджаки мужские,Состав: ткани : 40% хлопок 30% полиэфир 30%
72095370,Футболки трикотажные для взрослых,160 г
72095370,Футболки трикотажные для взрослых,Состав: хлопок : 100 % Цвет : синий Модель :
72095370,Футболки трикотажные для взрослых,Футболка: х б синяя р.50 170-176
72095370,Футболки трикотажные для взрослых,Футболки: трикотажные для взрослых Виды одежды
72095370,Футболки трикотажные для взрослых,включая: форменную) головных уборов одежды
72095370,Футболки трикотажные для взрослых,признак: : мужской женский Размер рост : 50
72095370,Футболки трикотажные для взрослых,продукции: Товары Вид товаров : Одежда Плотность : 
72095370,Футболки трикотажные для взрослых,Модель: Футболка х б оранжевая р. 56 182-188
72095370,Футболки трикотажные для взрослых,Одежда: Половой признак : мужской женский Модель
72095370,Футболки трикотажные для взрослых,рост: 56 182-188 Состав хлопок : 100 % Цвет : 
72095370,Футболки трикотажные для взрослых,специальной: : Одежда для взрослых Плотность : 160 г
72095370,Футболки трикотажные для взрослых,Плотность: 160 гр м2 Размер рост : 50 170-176 Соста
72095370,Футболки трикотажные для взрослых,Цвет: Оранжевый Модель : Футболка х б оранжевая р. 50 17
72095370,Футболки трикотажные для взрослых,188 В
72095370,Футболки трикотажные для взрослых,Модель: : Футболка
72095373,Плащи для взрослых,225 г
72095373,Плащи для взрослых,Застежка: застежкой на двухзамковую молнию с клапа
72095373,Плащи для взрослых,Капюшон: Да Материал : полиэфир с ПВХ-покрытием с
72095373,Плащи для взрослых,Особенности: : швы проклеены специальной лентой Вид
72095373,Плащи для взрослых,Плащи: для взрослых Застежка : застежкой на
72095373,Плащи для взрослых,Плотность: 225 гр м2 Размер рост : 120-124 170-176 
72095373,Плащи для взрослых,Россия
72095373,Плащи для взрослых,Цвет: темно-синий Особенности : швы проклеены 
72095373,Плащи для взрослых,взрослых: Вид одежда для взрослых : Плащ Модель :
72095373,Плащи для взрослых,головных: уборов одежды специальной : Одежда для
72095373,Плащи для взрослых,Капюшон: да Плотность : 225 гр м2 Размер рост : 8
72095373,Плащи для взрослых,двухзамковую: молнию с клапаном против ветра Капюшон :
72095373,Плащи для взрослых,продукции: : Товары Застежка : застежкой на
72095373,Плащи для взрослых,синий: р. 88-92 182-188
72095373,Плащи для взрослых,Капюшон: наличие Назначение : для защиты от воды 
72105483,"Перчатки смотровые/процедурные из латекса гевеи, неопудренные, нестерильные",290 мм
72105483,"Перчатки смотровые/процедурные из латекса гевеи, неопудренные, нестерильные",Ansell: AlphaTec® 87-190 (Альфатек Эконохэндс)
72105483,"Перчатки смотровые/процедурные из латекса гевеи, неопудренные, нестерильные",Благодаря: небольшой толщине обеспечивают
72105483,"Перчатки смотровые/процедурные из латекса гевеи, неопудренные, нестерильные",Вид: размера : Стандартный Модель : Перчатки
72105483,"Перчатки смотровые/процедурные из латекса гевеи, неопудренные, нестерильные",Длина: 290 мм Вид размера : Стандартный Модель 
72105483,"Перчатки смотровые/процедурные из латекса гевеи, неопудренные, нестерильные",Материал: хлопковое напыление Манжета перчатки : п
72105483,"Перчатки смотровые/процедурные из латекса гевеи, неопудренные, нестерильные",Перчатки: смотровые процедурные из латекса гевеи
72105483,"Перчатки смотровые/процедурные из латекса гевеи, неопудренные, нестерильные",Поверхность: чешуйчатая Цвет : желтый Стандарты : ТР 
72105483,"Перчатки смотровые/процедурные из латекса гевеи, неопудренные, нестерильные",Размер: 8 5-9 Покрытие : натуральный каучук Особ
72105483,"Перчатки смотровые/процедурные из латекса гевеи, неопудренные, нестерильные",Универсальные: перчатки. Имеют специальную обработку
72105483,"Перчатки смотровые/процедурные из латекса гевеи, неопудренные, нестерильные",Цвет: желтый Стандарты : ТР ТС 019 2011 EN 374 EN 388 EN
72105483,"Перчатки смотровые/процедурные из латекса гевеи, неопудренные, нестерильные",Материал: Латекс Опудренные : 1 Размер : L (8 5-9) Стандарты
72105483,"Перчатки смотровые/процедурные из латекса гевеи, неопудренные, нестерильные",Модель: : Перчатки медицинские смотровые
72105483,"Перчатки смотровые/процедурные из латекса гевеи, неопудренные, нестерильные",латексные: опудренные (2882)(50 пар) МАЛАЙЗИЯ
72105483,"Перчатки смотровые/процедурные из латекса гевеи, неопудренные, нестерильные",неопудренные: нестерильные Вид перчаток : Смотровые
137004434,Фартуки кухонные,111 см
137004434,Фартуки кухонные,85 см
137004434,Фартуки кухонные,ГОСТ: 12.4.280-2014 Цвет : белый Ширина (без
137004434,Фартуки кухонные,Модель: Фартук поварской «Класс» белый Россия
137004434,Фартуки кухонные,Россия
137004434,Фартуки кухонные,Фартуки: кухонные Защитные свойства : от общих
137004434,Фартуки кухонные,Цвет: белый Ширина (без завязок) : 111 см Длин
137004434,Фартуки кухонные,производственных: загрязнений Рост : универсальный Состав
137004434,Фартуки кухонные,ткани: 65 полиэфир 35 хлопок % Стандарты : ГОСТ
137004434,Фартуки кухонные,2011 Г
137004434,Фартуки кухонные,Мужской: Стандарты : ТР ТС 019 2011 ГОСТ
137004434,Фартуки кухонные,Размер: рост : 92-104 170-176 Состав ткани : 100
137004434,Фартуки кухонные,Цвет: синий Модель : Фартук мужской тип Б сини
137004434,Фартуки кухонные,тип: Б синий Россия
137004434,Фартуки кухонные,176 М
137004762,Шорты для взрослых,Боковые: карманы : 2 шт Задние карманы с клапаном
137004762,Шорты для взрослых,Материал: 98% хлопок 2% эластан Петля для крепления пропуска
137004762,Шорты для взрослых,Модель: Шорты-бриджи Россия
137004762,Шорты для взрослых,Россия
137004762,Шорты для взрослых,Смесовая: Цвет : Черный Эластичный пояс : 1 Вид
137004762,Шорты для взрослых,Шорты: для взрослых Половой признак : Мужские
137004762,Шорты для взрослых,одежды: (включая форменную) головных уборов
137004762,Шорты для взрослых,одежды: специальной : Одежда для взрослых Вид
137004762,Шорты для взрослых,продукции: : Товары Вид товаров : Одежда Виды
137004762,Шорты для взрослых,пропуска: 1 шт Петля для ручного инструмента : 1 ш
137008502,Гели для ухода за кожей лица,0.00000 см
137008502,Гели для ухода за кожей лица,Артикул: 10100 Восстановление волос : 1 Действие 
137008502,Гели для ухода за кожей лица,Гели: для ухода за кожей лица Артикул : 10100
137008502,Гели для ухода за кожей лица,Гипоаллергенный: 1 Модель : «Гарда Премиум Профи Клин» оч
137008502,Гели для ухода за кожей лица,очищающий: гель для тела и шампунь для волос 2в1
137008502,Гели для ухода за кожей лица,ощущение: чистоты мягкости и свежести. Вид
137008502,Гели для ухода за кожей лица,упаковки: : бутыль с помпой-дозатором Объем :
137009272,Кремы для рук,100 м
137009272,Кремы для рук,Винтер: Стоп» крем для защиты кожи от мороза
137009272,Кремы для рук,Кремы: для рук Назначение : Крем защищает кожу
137009272,Кремы для рук,Кремы: для рук Условия хранения : Температура
137009272,Кремы для рук,Модель: «Гарда-Стандарт Винтер Стоп» крем для за
137009272,Кремы для рук,Наносить: крем на кожу рекомендуется только в
137009272,Кремы для рук,Объем: 100.00000 см[3*] Особенности : Время дей
137009272,Кремы для рук,Особенности: : Время действия не менее 4 часов.
137009272,Кремы для рук,Применение: : За 15 минут до выхода на улицу нанести
137009272,Кремы для рук,200 мл
137009272,Кремы для рук,Кремы: для рук Основные ингредиенты : Очищающая
137009272,Кремы для рук,Объем: 200 миллилитр Срок хранения : 36 мес Мод
137009272,Кремы для рук,Промыть: кожу водой. Объем : 200 миллилитр Срок
137009272,Кремы для рук,Россия
137009272,Кремы для рук,абразивными: гранулами Способ применения : Не
793142263,Одежда специальная для защиты от воды,188 В
793142263,Одежда специальная для защиты от воды,225 г
793142263,Одежда специальная для защиты от воды,Vision: WPL флуоресцентный оранжевый Россия
793142263,Одежда специальная для защиты от воды,Модель: Плащ влагозащитный ПВХ Extra Vision WPL 
793142263,Одежда специальная для защиты от воды,Одежда: специальная для защиты от воды
793142263,Одежда специальная для защиты от воды,Особенности: : Удобная конструкция с застежкой на
793142263,Одежда специальная для защиты от воды,Плотность: 225 гр м2 Световозвращающий элемент : по
793142263,Одежда специальная для защиты от воды,Россия
793142263,Одежда специальная для защиты от воды,Цвет: флуоресцентный оранжевый Размер рост : 112-116 182
793142263,Одежда специальная для защиты от воды,двумя: карманами с клапанами. Все швы плаща
793142263,Одежда специальная для защиты от воды,молнию: с ветрозащитным клапаном с капюшоном с
793142263,Одежда специальная для защиты от воды,Вид: товаров : Одежда Виды одежды (включая
793142263,Одежда специальная для защиты от воды,"Куртка: демисезонная ""Фалькон"" Россия"
793142263,Одежда специальная для защиты от воды,Наличие: логотипа : 1 Плотность : 150 гр м2
793142263,Одежда специальная для защиты от воды,Размер: и рост : 88-92 170 176 см Состав : 100
793142372,Одежда специальная для защиты от растворов кислот,0.40000 мм
793142372,Одежда специальная для защиты от растворов кислот,2013 М
793142372,Одежда специальная для защиты от растворов кислот,250 г
793142372,Одежда специальная для защиты от растворов кислот,ГОСТ: Р 12.4.288-2013 Модель : Плащ мужской
793142372,Одежда специальная для защиты от растворов кислот,Застежка: на кнопки Конструктивные особенности : К
793142372,Одежда специальная для защиты от растворов кислот,Капюшон: Объем капюшона позволяет надевать его на
793142372,Одежда специальная для защиты от растворов кислот,Карманы: боковые прорезные карманы с клапаном Пло
793142372,Одежда специальная для защиты от растворов кислот,Модель: Плащ мужской «Циклон» для защиты от нефт
793142372,Одежда специальная для защиты от растворов кислот,Одежда: специальная для защиты от растворов
793142372,Одежда специальная для защиты от растворов кислот,Размер: рост : 88-92 170-176 Сигнальные элементы
793142372,Одежда специальная для защиты от растворов кислот,Россия
793142372,Одежда специальная для защиты от растворов кислот,Цвет: темно-синий Материал : ПВХ-покрытие на полиэфирной
793142372,Одежда специальная для защиты от растворов кислот,ветра: Стандарты : ТР ТС 019 2011¶ГОСТ
793142372,Одежда специальная для защиты от растворов кислот,Застежка: на кнопки Тип защиты : для защиты от сыр
793142372,Одежда специальная для защиты от растворов кислот,Сигнальные: элементы : полосы из световозвращающего
793142482,"Костюмы защитные легкие для защиты от радиационной пыли, химических и бактериологических воздействий",Костюмы: защитные легкие для защиты от
793142482,"Костюмы защитные легкие для защиты от радиационной пыли, химических и бактериологических воздействий",Материал: полипропилен покрытый микропористой плен
793142482,"Костюмы защитные легкие для защиты от радиационной пыли, химических и бактериологических воздействий",Модель: Комбинезон защитный INVICTA модель Rumax (арт. 701
793142482,"Костюмы защитные легкие для защиты от радиационной пыли, химических и бактериологических воздействий",Россия
793142482,"Костюмы защитные легкие для защиты от радиационной пыли, химических и бактериологических воздействий",Цвет: белый Размер рост : S (84-92 164-170) Ви
793142482,"Костюмы защитные легкие для защиты от радиационной пыли, химических и бактериологических воздействий",микропористой: пленкой (полиэтилен) Цвет : белый Размер
793142482,"Костюмы защитные легкие для защиты от радиационной пыли, химических и бактериологических воздействий",модель: Rumax (арт. 701) Россия
793142482,"Костюмы защитные легкие для защиты от радиационной пыли, химических и бактериологических воздействий",радиационной: пыли химических и бактериологических
793142482,"Костюмы защитные легкие для защиты от радиационной пыли, химических и бактериологических воздействий",размера: Стандартный Модель : Комбинезон защитный
793142482,"Костюмы защитные легкие для защиты от радиационной пыли, химических и бактериологических воздействий",Защита: от радиации : Защита от проникновения
793142482,"Костюмы защитные легкие для защиты от радиационной пыли, химических и бактериологических воздействий",Классик: Эксперт) р. XXL (116-124 186-194) Россия
793142482,"Костюмы защитные легкие для защиты от радиационной пыли, химических и бактериологических воздействий",Комбинезон: «Тайвек® 500 Эксперт» белый (Тайвек®
793142482,"Костюмы защитные легкие для защиты от радиационной пыли, химических и бактериологических воздействий",Товары: Вид товаров : Одежда Виды одежды
793142482,"Костюмы защитные легкие для защиты от радиационной пыли, химических и бактериологических воздействий",Цвет: белый Электростатическая защита : в соответствии с
793142482,"Костюмы защитные легкие для защиты от радиационной пыли, химических и бактериологических воздействий",включая: форменную) головных уборов одежды
793142592,Одежда специальная для защиты от искр и брызг расплавленного металла,176 М
793142592,Одежда специальная для защиты от искр и брызг расплавленного металла,550 г
793142592,Одежда специальная для защиты от искр и брызг расплавленного металла,Брюки: : с боковыми застежками на пуговицах
793142592,Одежда специальная для защиты от искр и брызг расплавленного металла,Бязь: Плотность : 520-550 гр м2 Стандарты и
793142592,Одежда специальная для защиты от искр и брызг расплавленного металла,КРС: Утеплитель : : ватин утеплитель съемный
793142592,Одежда специальная для защиты от искр и брызг расплавленного металла,Костюм: сварщика комбинированный со спилком
793142592,Одежда специальная для защиты от искр и брызг расплавленного металла,Одежда: специальная для защиты от искр и брызг
793142592,Одежда специальная для защиты от искр и брызг расплавленного металла,Размер: Стандартный Размер рост : 120-124 170-176 Модель :
793142592,Одежда специальная для защиты от искр и брызг расплавленного металла,Россия
793142592,Одежда специальная для защиты от искр и брызг расплавленного металла,Размер: : Стандартный Модель : Костюм сварщика
793142592,Одежда специальная для защиты от искр и брызг расплавленного металла,335 г
793142592,Одежда специальная для защиты от искр и брызг расплавленного металла,Материал: 100% хлопок с огнестойкой отделкой Proban® Плотнос
793142592,Одежда специальная для защиты от искр и брызг расплавленного металла,Плотность: 335 гр м2 Размер : 96-100 170-176 Страна
793142592,Одежда специальная для защиты от искр и брызг расплавленного металла,Размер: 96-100 170-176 Страна производитель : Россия Модел
793142592,Одежда специальная для защиты от искр и брызг расплавленного металла,Страна
793142593,Одежда специальная повышенной видимости,120 г
793142593,Одежда специальная повышенной видимости,176 см
793142593,Одежда специальная повышенной видимости,Виды: одежды специальной : Одежда специальная
793142593,Одежда специальная повышенной видимости,Материал: 100% полиэфир плотность 120 г кв.м. Половая принад
793142593,Одежда специальная повышенной видимости,Модель: Жилет сигнальный «Эконом» флуоресцентный
793142593,Одежда специальная повышенной видимости,Россия
793142593,Одежда специальная повышенной видимости,Унисекс: Размер рост : 96-100 170-176 см Цвет :
793142593,Одежда специальная повышенной видимости,Цвет: флуоресцентный желтый Ширина соп : 5 см 
793142593,Одежда специальная повышенной видимости,включая: форменную) головных уборов одежды
793142593,Одежда специальная повышенной видимости,Вид: размера : Стандартный Модель :
793142593,Одежда специальная повышенной видимости,Модель: «Габарит-4» Россия
793142593,Одежда специальная повышенной видимости,Основная: ткань : полиэфир Световозвращающий
793142593,Одежда специальная повышенной видимости,Плотность: : 120 гр м2 Размер рост : 120-124
793142593,Одежда специальная повышенной видимости,желтый: Вид продукции : Товары Вид товаров :
793142593,Одежда специальная повышенной видимости,логотипа: 1 Застежка : на ленту-липучку Плотность 
793142702,Одежда специальная для защиты от насекомых и паукообразных,250 г
793142702,Одежда специальная для защиты от насекомых и паукообразных,Cotton: 250» с Инсектоакарицидной отделкой
793142702,Одежда специальная для защиты от насекомых и паукообразных,Капюшон: Капюшон несъемный с козырьком с боковыми
793142702,Одежда специальная для защиты от насекомых и паукообразных,Материал: подкладки : поливискоза с
793142702,Одежда специальная для защиты от насекомых и паукообразных,Модель: : Костюм мужской противоэнцефалитный
793142702,Одежда специальная для защиты от насекомых и паукообразных,Одежда: специальная для защиты от насекомых и
793142702,Одежда специальная для защиты от насекомых и паукообразных,Плотность: ткани : 250 гр м2 Размер : 96-100
793142702,Одежда специальная для защиты от насекомых и паукообразных,Размер: 96-100 182-188 Сезон : лето Состав ткани : 100 хло
793142702,Одежда специальная для защиты от насекомых и паукообразных,Россия
793142702,Одежда специальная для защиты от насекомых и паукообразных,Сезон: : лето Состав ткани : 100 хлопок %
793142702,Одежда специальная для защиты от насекомых и паукообразных,внутренних: напульсников брюк. Сетка трикотажная для
793142702,Одежда специальная для защиты от насекомых и паукообразных,Капюшон: несъемный (втачной) комбинированный с ра
793142702,Одежда специальная для защиты от насекомых и паукообразных,Модель: - Россия
793142702,Одежда специальная для защиты от насекомых и паукообразных,Мужской: Размер рост : 88-92 170-176 (44-46
793142702,Одежда специальная для защиты от насекомых и паукообразных,защиты: : Защита от паукообразных (клещей) Вид
793142812,Одежда специальная для защиты от неблагоприятных погодных условий,310 г
793142812,Одежда специальная для защиты от неблагоприятных погодных условий,Модель: Комбинезон мужской для работы с пескоструйными апп
793142812,Одежда специальная для защиты от неблагоприятных погодных условий,Назначение: Защита оператора от прямого попадания или рикошета
793142812,Одежда специальная для защиты от неблагоприятных погодных условий,Низы: рукавов и брюк регулируются по ширине с
793142812,Одежда специальная для защиты от неблагоприятных погодных условий,Одежда: Виды одежды (включая форменную) головных
793142812,Одежда специальная для защиты от неблагоприятных погодных условий,Одежда: специальная для защиты от
793142812,Одежда специальная для защиты от неблагоприятных погодных условий,Основная: ткань : Хлопок 100% Модель : Комбинезон
793142812,Одежда специальная для защиты от неблагоприятных погодных условий,Размер: рост : 104-108 188 Соответствие тр тс
793142812,Одежда специальная для защиты от неблагоприятных погодных условий,Россия
793142812,Одежда специальная для защиты от неблагоприятных погодных условий,Тип: переплетения : Усиленная саржа 2х1
793142812,Одежда специальная для защиты от неблагоприятных погодных условий,Толщина: спилка : 0 8-1 1 мм Цвет : Красный
793142812,Одежда специальная для защиты от неблагоприятных погодных условий,Цвет: Красный светло-серый Вид продукции : Тов
793142812,Одежда специальная для защиты от неблагоприятных погодных условий,Шлифованный: Плотность основной ткнани : 310 гр м2
793142812,Одежда специальная для защиты от неблагоприятных погодных условий,абразивного: материала Описание костюма : Комбинезон
793142812,Одежда специальная для защиты от неблагоприятных погодных условий,Комбинезон: с центральной бортовой потайной
793142813,Одежда специальная для защиты от пониженных температур,176 В
793142813,Одежда специальная для защиты от пониженных температур,Вид: размера : Стандартный Модель : Комплект
793142813,Одежда специальная для защиты от пониженных температур,Модель: Комплект белья мужского «Тайга» (трикотажное хлопч
793142813,Одежда специальная для защиты от пониженных температур,Одежда: специальная для защиты от пониженных
793142813,Одежда специальная для защиты от пониженных температур,Плотность: 180 гр м2 Половая принадлежность : мужск
793142813,Одежда специальная для защиты от пониженных температур,Россия
793142813,Одежда специальная для защиты от пониженных температур,Состав: 100 хлопок % Стандарт : ТР ТС 017 2011 Ц
793142813,Одежда специальная для защиты от пониженных температур,Цвет: зеленый Размер рост : 116 170-176 Вид размера : Ст
793142813,Одежда специальная для защиты от пониженных температур,температур: В составе комплекта (костюма) : Фуфайка
793142813,Одежда специальная для защиты от пониженных температур,хлопчатобумажное: полотно) Россия
793142813,Одежда специальная для защиты от пониженных температур,Цвет: зеленый Вид размера : Стандартный Размер рост : 10
793142813,Одежда специальная для защиты от пониженных температур,150.00000 г
793142813,Одежда специальная для защиты от пониженных температур,200 г
793142813,Одежда специальная для защиты от пониженных температур,Модель: : Жилет мужской утепленный «Рабочий»
793142813,Одежда специальная для защиты от пониженных температур,Наличие: карманов : Боковые накладные Вид отделки
793143032,Одежда специальная для защиты от общих производственных загрязнений и механических воздействий,145 г
793143032,Одежда специальная для защиты от общих производственных загрязнений и механических воздействий,2011 Г
793143032,Одежда специальная для защиты от общих производственных загрязнений и механических воздействий,Вид: размера : Стандартный Воротник :
793143032,Одежда специальная для защиты от общих производственных загрязнений и механических воздействий,Застежка: : центральная застежка с планкой на
793143032,Одежда специальная для защиты от общих производственных загрязнений и механических воздействий,Карманы: боковые Описание : Не является медицинск
793143032,Одежда специальная для защиты от общих производственных загрязнений и механических воздействий,Модель: Халат женский «Линда-Арт» Россия
793143032,Одежда специальная для защиты от общих производственных загрязнений и механических воздействий,Одежда: специальная для защиты от общих
793143032,Одежда специальная для защиты от общих производственных загрязнений и механических воздействий,Плотность: 180 гр м2 Цвет отделки : отделочная ткан
793143032,Одежда специальная для защиты от общих производственных загрязнений и механических воздействий,Размер: рост : 88 170-176 Рукава : длинные с
793143032,Одежда специальная для защиты от общих производственных загрязнений и механических воздействий,Россия
793143032,Одежда специальная для защиты от общих производственных загрязнений и механических воздействий,Цвет: : белый Отделка ткани : малосминаемая
793143032,Одежда специальная для защиты от общих производственных загрязнений и механических воздействий,Вид: застежки : на пуговицы Вид спецодежды :
793143032,Одежда специальная для защиты от общих производственных загрязнений и механических воздействий,Карманы: 1 шт Вид товаров : Одежда Модель : Куртк
793143032,Одежда специальная для защиты от общих производственных загрязнений и механических воздействий,Куртка: Вид защиты : от общих производственных
793143032,Одежда специальная для защиты от общих производственных загрязнений и механических воздействий,Куртка: поварская прямого кроя удлиненная с
793143142,Одежда специальная для защиты от повышенных температур,335 г
793143142,Одежда специальная для защиты от повышенных температур,Виды: одежды (включая форменную) головных
793143142,Одежда специальная для защиты от повышенных температур,Куртка: + брюки Отделка : огнестойкая Proban
793143142,Одежда специальная для защиты от повышенных температур,Модель: Костюм мужской «Горн» для защиты от повы
793143142,Одежда специальная для защиты от повышенных температур,Одежда: Плотность материала : 335 гр м2 Размер :
793143142,Одежда специальная для защиты от повышенных температур,Одежда: специальная для защиты от повышенных
793143142,Одежда специальная для защиты от повышенных температур,Отделка: огнестойкая Proban Виды одежды (включая 
793143142,Одежда специальная для защиты от повышенных температур,Размер: 96-100 170-176 Состав ткани : 100 хлопок % Цвет :
793143142,Одежда специальная для защиты от повышенных температур,Состав: ткани : 100 хлопок % Цвет : синий
793143142,Одежда специальная для защиты от повышенных температур,защиты: 1 В составе комплекта (костюма) : Куртка
793143142,Одежда специальная для защиты от повышенных температур,защиты: от повышенных температур Вид товаров :
793143142,Одежда специальная для защиты от повышенных температур,кратковременного: воздействия пламени искр и брызг
793143142,Одежда специальная для защиты от повышенных температур,280 г
793143142,Одежда специальная для защиты от повышенных температур,Отделка: огнестойкая Плотность материала : 280 гр
793143142,Одежда специальная для защиты от повышенных температур,Россия
793143252,Элементы специальной одежды и средств защиты,Китай
793143252,Элементы специальной одежды и средств защиты,Модель: Щиток сварщика Tecmen ADF-735S TM14 Кита
793143252,Элементы специальной одежды и средств защиты,Назначение: для сварочных процессов MMA – TIG – MIG 
793143252,Элементы специальной одежды и средств защиты,Одежда: Виды одежды (включая форменную) головных
793143252,Элементы специальной одежды и средств защиты,Специальная: экипировка кроме спецодежды Назначение :
793143252,Элементы специальной одежды и средств защиты,Цвет: черный Вид продукции : Товары Вид товаро
793143252,Элементы специальной одежды и средств защиты,Элементы: специальной одежды и средств защиты Цвет
793143252,Элементы специальной одежды и средств защиты,изделия: : ударопрочный нейлон Температура
793143252,Элементы специальной одежды и средств защиты,прихватки: резки шлифовки и контроля Материал
793143252,Элементы специальной одежды и средств защиты,0.18000 кг
793143252,Элементы специальной одежды и средств защиты,130.00000 мм
793143252,Элементы специальной одежды и средств защиты,Вес: 0.18000 кг Высота : 130.00000 мм Группа по назначе
793143252,Элементы специальной одежды и средств защиты,Длина: 210.00000 мм Материал : поликарбонат Сов
793143252,Элементы специальной одежды и средств защиты,Модель: e684 Россия
793143252,Элементы специальной одежды и средств защиты,Россия
793299344,Средства индивидуальной защиты от падения с высоты (страховочная привязь),18 мм
793299344,Средства индивидуальной защиты от падения с высоты (страховочная привязь),2.00000 м
793299344,Средства индивидуальной защиты от падения с высоты (страховочная привязь),Длина: 2.00000 м Материал : полиамид карабины –
793299344,Средства индивидуальной защиты от падения с высоты (страховочная привязь),Материал: : полиамид карабины – гальванизированная
793299344,Средства индивидуальной защиты от падения с высоты (страховочная привязь),Модель: Строп с амортизатором регулируемый ALN11
793299344,Средства индивидуальной защиты от падения с высоты (страховочная привязь),Одежда: Виды одежды (включая форменную) головных
793299344,Средства индивидуальной защиты от падения с высоты (страховочная привязь),Особенности: : Комплектуется двумя карабинами с
793299344,Средства индивидуальной защиты от падения с высоты (страховочная привязь),Применение: : для безопасной остановки падения и
793299344,Средства индивидуальной защиты от падения с высоты (страховочная привязь),Россия
793299344,Средства индивидуальной защиты от падения с высоты (страховочная привязь),Средства: индивидуальной защиты от падения с
793299344,Средства индивидуальной защиты от падения с высоты (страховочная привязь),Статическая: прочность : 15 килоньютон (kn)
793299344,Средства индивидуальной защиты от падения с высоты (страховочная привязь),1170 г
793299344,Средства индивидуальной защиты от падения с высоты (страховочная привязь),190 см
793299344,Средства индивидуальной защиты от падения с высоты (страховочная привязь),Виды: одежды специальной : Средства
793299344,Средства индивидуальной защиты от падения с высоты (страховочная привязь),Масса: 1170 г Описание : для работы в опорном пространств
793300443,"Белье для спецодежды нательное, для взрослых",Белье: для спецодежды нательное для взрослых
793300443,"Белье для спецодежды нательное, для взрослых",Модель: : 13 Россия
793300443,"Белье для спецодежды нательное, для взрослых",Размер: 48-20 размер Модель : 13 Россия
793300443,"Белье для спецодежды нательное, для взрослых",Россия
793300443,"Белье для спецодежды нательное, для взрослых",Состав: хлопок 100 % Половая принадлежность : му
793300443,"Белье для спецодежды нательное, для взрослых",Цвет: : черный Комплектация : Кальсоны +
793300443,"Белье для спецодежды нательное, для взрослых",принадлежность: : мужской женский Размер : 48-20 размер
793300443,"Белье для спецодежды нательное, для взрослых",176 В
793300443,"Белье для спецодежды нательное, для взрослых",200 г
793300443,"Белье для спецодежды нательное, для взрослых",Модель: Термобелье мужское «Беринг» Россия
793300443,"Белье для спецодежды нательное, для взрослых",Область: применения : Термобелье предназначено
793300443,"Белье для спецодежды нательное, для взрослых",Одежда: Виды одежды (включая форменную) головных
793300443,"Белье для спецодежды нательное, для взрослых",Особенности: : Термобелье «Беринг» выполнено из
793300443,"Белье для спецодежды нательное, для взрослых",Соединительные: швы выполнены плоским швом (флэтлок) что
793300443,"Белье для спецодежды нательное, для взрослых",Состав: 50 хлопок 45 полиэфир 5 эластан % Станда
793300662,Одежда специальная для защиты от термических рисков электрической дуги,176 М
793300662,Одежда специальная для защиты от термических рисков электрической дуги,300 г
793300662,Одежда специальная для защиты от термических рисков электрической дуги,Виды: одежды специальной : Одежда специальная
793300662,Одежда специальная для защиты от термических рисков электрической дуги,Все: строчки выполнены огнестойкими нитками в
793300662,Одежда специальная для защиты от термических рисков электрической дуги,Модель: : Фуфайка-свитер термостойкий «ВОЛЬТ л»
793300662,Одежда специальная для защиты от термических рисков электрической дуги,Описание: Применяется в комплекте со специальной о
793300662,Одежда специальная для защиты от термических рисков электрической дуги,Россия
793300662,Одежда специальная для защиты от термических рисков электрической дуги,Цвет: серый Воротник : стойка низ изделия и ма
793300662,Одежда специальная для защиты от термических рисков электрической дуги,включая: форменную) головных уборов одежды
793300662,Одежда специальная для защиты от термических рисков электрической дуги,волокно: процент (%) Плотность основной ткани :
793300662,Одежда специальная для защиты от термических рисков электрической дуги,Воротник: стойка Застежка : Центральная потайная н
793300662,Одежда специальная для защиты от термических рисков электрической дуги,Карманы: 2 боковых накладных с клапанами на липуч
793300662,Одежда специальная для защиты от термических рисков электрической дуги,Конструкция: обеспечивает хорошую посадку на фигуре с
793300662,Одежда специальная для защиты от термических рисков электрической дуги,Модель: Куртка-накидка «ВОЛЬТ л 220 2-33» Россия
793300662,Одежда специальная для защиты от термических рисков электрической дуги,Рукава: Низ регулируется по ширине патами с фикс
793300772,"Средства защиты ног, кроме обуви специальной",Модель: Наколенники «Универсал»
793300772,"Средства защиты ног, кроме обуви специальной",Россия
793300772,"Средства защиты ног, кроме обуви специальной",Средства: защиты ног кроме обуви специальной Вид
793300772,"Средства защиты ног, кроме обуви специальной",Цвет: черный Размер универсальный : 1 Модель : Наколенни
793300772,"Средства защиты ног, кроме обуви специальной",корпуса: : ЭВА Страна производства : Россия Цвет
793300772,"Средства защиты ног, кроме обуви специальной",ног: наколенники Материал корпуса : ЭВА Стран
793300772,"Средства защиты ног, кроме обуви специальной",Материал: трехслойное нетканое полотно «Полизон» Температурн
793300772,"Средства защиты ног, кроме обуви специальной",Размер: 39 (247) Модель : Чулки вкладные «Полизон» Россия
793300772,"Средства защиты ног, кроме обуви специальной",Серый: с черным Вид продукции : Товары Виды
793300772,"Средства защиты ног, кроме обуви специальной",вкладные: «Полизон» Россия
793300772,"Средства защиты ног, кроме обуви специальной",кроме: обуви специальной Внутренний слой :
793300772,"Средства защиты ног, кроме обуви специальной",одежды: (включая форменную) головных уборов
793300772,"Средства защиты ног, кроме обуви специальной",одежды: специальной : Спецодежда (специальная
793300772,"Средства защиты ног, кроме обуви специальной",полотно: «Полизон» Температурный режим : до -30
793300772,"Средства защиты ног, кроме обуви специальной",режим: до -30 [0*]С Размер : 45 (292) Модель : 
793302093,Средства дезинсекционные,147 м
793302093,Средства дезинсекционные,25 см
793302093,Средства дезинсекционные,Вид: продукции : Товары Вид товаров : Бытовая
793302093,Средства дезинсекционные,Модель: Аэрозоль-репеллент «Рефтамид Максимум» 1
793302093,Средства дезинсекционные,Объем: 147.00000 см[3*] Состав : N N-диэтил-м-т
793302093,Средства дезинсекционные,Распылить: средство на ладонь и нанести не втирая
793302093,Средства дезинсекционные,Россия
793302093,Средства дезинсекционные,Состав: : N N-диэтил-м-толуамид (ДЭТА) 28
793302093,Средства дезинсекционные,Способ: применения : Перед применением баллон
793302093,Средства дезинсекционные,дезинсекционные: Время защитного действия при нанесении
793302204,Мыло туалетное жидкое,0.02500 Л
793302204,Мыло туалетное жидкое,2011 Г
793302204,Мыло туалетное жидкое,250 м
793302204,Мыло туалетное жидкое,Вес: 0.25000 кг Вид мыла : крем жидкое Вид уп
793302204,Мыло туалетное жидкое,Назначение: : Применяется для удаления легких
793302204,Мыло туалетное жидкое,Объем: 0.02500 Л Модель : «Гарда-Стандарт Аква 
793302204,Мыло туалетное жидкое,Стандарт: Аква Клин» крем-мыло с помпой-дозатором
793302204,Мыло туалетное жидкое,дозатором: Гост тр : ТР ТС 019 2011 ГОСТ 31696-2012
793302204,Мыло туалетное жидкое,мыла: : крем жидкое Вид упаковки : бутыль с
793302204,Мыло туалетное жидкое,500 мл
793302204,Мыло туалетное жидкое,Россия
793303192,Мыло туалетное твердое,100.00000 г
793303192,Мыло туалетное твердое,Модель: Мыло туалетное в обертке Россия
793303192,Мыло туалетное твердое,Мыло: туалетное твердое Вид ароматической
793303192,Мыло туалетное твердое,Наличие: ароматической отдушки : Да Наличие
793303192,Мыло туалетное твердое,Россия
793303192,Мыло туалетное твердое,обертки: : Да Подходит для ежедневного
793303192,Мыло туалетное твердое,отдушки: : Цитрусовая Масса нетто : 100.00000 г
793303632,Средства для индивидуальной защиты кожи,100 г
793303632,Средства для индивидуальной защиты кожи,2011 Г
793303632,Средства для индивидуальной защиты кожи,Вид: Восстанавливающий регенерирующий крем Масса : 100
793303632,Средства для индивидуальной защиты кожи,Масса: 100 г Назначение : Эффективно восстанавл
793303632,Средства для индивидуальной защиты кожи,Модель: «Гарда-Стандарт» крем регенерирующий (100 мл)
793303632,Средства для индивидуальной защиты кожи,Назначение: : Эффективно восстанавливает кожу рук
793303632,Средства для индивидуальной защиты кожи,Объем: 100 см[3*] Содержит : провитамины и спец
793303632,Средства для индивидуальной защиты кожи,Средства: для индивидуальной защиты кожи Стандарты
793303632,Средства для индивидуальной защиты кожи,Масса: 100 г Назначение : предназначен для защи
793303632,Средства для индивидуальной защиты кожи,Назначение: предназначен для защиты кожи от водорастворимых вр
793303632,Средства для индивидуальной защиты кожи,Россия
793303632,Средства для индивидуальной защиты кожи,Содержит: : увлажняющие и питающие компоненты Срок
793303632,Средства для индивидуальной защиты кожи,Назначение: После окончания работ нанести 0 5–1 мл крема на чи
793303632,Средства для индивидуальной защиты кожи,Температурный: режим использования : от 0 и выше [0*]С
793303632,Средства для индивидуальной защиты кожи,Торговая
793306602,Принадлежности для ухода за одеждой и обувью,Ложка: для обуви SALTON металлическая Россия
793306602,Принадлежности для ухода за одеждой и обувью,Материал: прочная высококачественная сталь с эмале
793306602,Принадлежности для ухода за одеждой и обувью,Назначение: Для быстрого и комфортного надевания обу
793306602,Принадлежности для ухода за одеждой и обувью,Принадлежности: для ухода за одеждой и обувью Цвет :
793306602,Принадлежности для ухода за одеждой и обувью,Россия
793306602,Принадлежности для ухода за одеждой и обувью,Цвет: желтый Вид продукции : Товары Виды хозяй
793306602,Принадлежности для ухода за одеждой и обувью,бытовые: Виды принадлежностей и инвентаря
793315402,Пижамы для взрослых,180 г
793315402,Пижамы для взрослых,Пижамы: для взрослых Плотность : 180 гр м2
793315402,Пижамы для взрослых,Плотность: 180 гр м2 Размер рост : 96 182-188 Соста
793315402,Пижамы для взрослых,Россия
793315402,Пижамы для взрослых,Цвет: : зеленый Модель : Белье мужское «Тайга»
793315402,Пижамы для взрослых,трикотажное: полотно х б) р.96 182-188 Россия
793315402,Пижамы для взрослых,230 г
793315402,Пижамы для взрослых,Комплектность: фуфайка и кальсоны Плотность : 230 гр м2
793315402,Пижамы для взрослых,Пижамы: для взрослых Комплектность : фуфайка и
793315402,Пижамы для взрослых,утепленное: «Камыш» (трикотажное полотно х б с
793315402,Пижамы для взрослых,Размер: рост : 116 170-176 Состав : 100 хлопок %
793315402,Пижамы для взрослых,Благодаря: входящей в состав шерсти и двухслойной
793315402,Пижамы для взрослых,Назначение: Специальное двухслойное термобелье разработано для
793315402,Пижамы для взрослых,Пол: мужской Рост : 176 см Состав : 30 шерсть
793315402,Пижамы для взрослых,Полиэфир: обеспечивает отвод влаги от тела.
793315842,Ветровки для взрослых,Ветровки: для взрослых Рост : 170-176 Пол :
793315842,Ветровки для взрослых,Капюшон: 1 Цвет : серый отделка – светло-серый кр
793315842,Ветровки для взрослых,Модель: Куртка-ветровка мужская «Реал» Россия
793315842,Ветровки для взрослых,Россия
793315842,Ветровки для взрослых,Состав: ткани верха : 100% полиамид Отделка
793315842,Ветровки для взрослых,мужской: Ткань верха : мембранная «Полириб Н»
793315842,Ветровки для взрослых,ткани: : водоотталкивающая Капюшон : 1 Цвет :
793315842,Ветровки для взрослых,Рост: 170-176 Состав ткани верха : 100% полиам
793315842,Ветровки для взрослых,мужская: «Реал» р.128-132 170-176 Россия
793315842,Ветровки для взрослых,серый: красный хаки Модель : Куртка-ветровка
793315842,Ветровки для взрослых,Капюшон: 1 Размер рост : 88-92 170-176 Цвет : сер
793315844,Куртки для взрослых из текстильных материалов демисезонные,Куртки: для взрослых из текстильных материалов
793315844,Куртки для взрослых из текстильных материалов демисезонные,Модель: Куртка мужская демисезонная лётная
793315844,Куртки для взрослых из текстильных материалов демисезонные,110 г
793315844,Куртки для взрослых из текстильных материалов демисезонные,188 М
793315844,Куртки для взрослых из текстильных материалов демисезонные,Карманы: : : с клапанами на кнопках и прорезные
793315844,Куртки для взрослых из текстильных материалов демисезонные,Плотность: ткани : 110 г кв.м Плотность утеплителя
793315844,Куртки для взрослых из текстильных материалов демисезонные,Подкладка: 100 полиэфир % Ткань : 100 полиэфир % Ут
793315844,Куртки для взрослых из текстильных материалов демисезонные,Россия
793315844,Куртки для взрослых из текстильных материалов демисезонные,Цвет: черно-синий Размер рост : 120 188 Модель
793315844,Куртки для взрослых из текстильных материалов демисезонные,двухзамковая: металлическая молния и потайные кнопки
793315844,Куртки для взрослых из текстильных материалов демисезонные,демисезонные: Наличие логотипа : 1 Воротник : : стойка
793315844,Куртки для взрослых из текстильных материалов демисезонные,карманы: внутренний карман формата А4 а также
793315844,Куртки для взрослых из текстильных материалов демисезонные,карманы: на подкладке куртки и на утеплителе.
793315844,Куртки для взрослых из текстильных материалов демисезонные,Воротник: : стойка Застёжка : двухзамковая металли
793315844,Куртки для взрослых из текстильных материалов демисезонные,Утеплитель: : : Шелтер® Микро Цвет : Темно - синий
793315955,Пальто для взрослых из текстильных материалов зимние,Капюшон: Мягкий теплый несъемный капюшон с подкла
793315955,Пальто для взрослых из текстильных материалов зимние,Карманы: В рельефах – боковые карманы на потайной
793315955,Пальто для взрослых из текстильных материалов зимние,Модель: : Пальто женское зимнее «Герда» Россия
793315955,Пальто для взрослых из текстильных материалов зимние,Отделка: : водоотталкивающая Рукава : с
793315955,Пальто для взрослых из текстильных материалов зимние,Пальто: для взрослых из текстильных материалов
793315955,Пальто для взрослых из текстильных материалов зимние,Подкладка: 100 полиэфир с антистатической отделкой 
793315955,Пальто для взрослых из текстильных материалов зимние,Россия
793315955,Пальто для взрослых из текстильных материалов зимние,Цвет: : темно-синий мех – черный Застёжка : двухзамковая
793315955,Пальто для взрослых из текстильных материалов зимние,антистатической: отделкой % Вид размера : Стандартный
793315955,Пальто для взрослых из текстильных материалов зимние,ветрозащитными: клапанами с потайными кнопками сверху
793315955,Пальто для взрослых из текстильных материалов зимние,взрослых: : Пальто для взрослых Вид пальто для
793316172,Куртки для взрослых из текстильных материалов зимние,150 г
793316172,Куртки для взрослых из текстильных материалов зимние,182 см
793316172,Куртки для взрослых из текстильных материалов зимние,Вид: одежда для взрослых : Куртки для
793316172,Куртки для взрослых из текстильных материалов зимние,Виды: одежды (включая форменную) головных
793316172,Куртки для взрослых из текстильных материалов зимние,Карманы: : : с клапанами на кнопках и прорезные
793316172,Куртки для взрослых из текстильных материалов зимние,Микро: Размер рост : 104 182 см Модель : Куртка
793316172,Куртки для взрослых из текстильных материалов зимние,Модель: Куртка мужская утепленная «Аэро» Россия
793316172,Куртки для взрослых из текстильных материалов зимние,Мужской: Сезон : Зима Цвет : черно-синий Вид
793316172,Куртки для взрослых из текстильных материалов зимние,Подкладка: : 100 полиэфир % Половой признак :
793316172,Куртки для взрослых из текстильных материалов зимние,Россия
793316172,Куртки для взрослых из текстильных материалов зимние,Цвет: черно-синий Вид продукции : Товары Вид курток для
793316172,Куртки для взрослых из текстильных материалов зимние,Воротник: : стойка Застёжка : двухзамковая металли
793316172,Куртки для взрослых из текстильных материалов зимние,Наличие: логотипа : 1 Плотность утеплителя : 150
793316172,Куртки для взрослых из текстильных материалов зимние,Утеплитель: : : Шелтер® Микро Цвет : черно-синий Вид
793316172,Куртки для взрослых из текстильных материалов зимние,Наличие: логотипа : 1 Воротник : : стойка
793316282,Куртки для взрослых с верхом из меха зимние,195 г
793316282,Куртки для взрослых с верхом из меха зимние,Капюшон: 1 Количество слоев утеплителя : 3 шт Мат
793316282,Куртки для взрослых с верхом из меха зимние,Куртки: для взрослых с верхом из меха Вид курток
793316282,Куртки для взрослых с верхом из меха зимние,Материал: опушки капюшона : с опушкой из
793316282,Куртки для взрослых с верхом из меха зимние,Мужской: Размер рост : 96-100 182-188 Сигнальные
793316282,Куртки для взрослых с верхом из меха зимние,Одежда: Отделка ткани : масловодоотталкивающая
793316282,Куртки для взрослых с верхом из меха зимние,Цвет: темно-серый Модель : Куртка мужская зимн
793316282,Куртки для взрослых с верхом из меха зимние,верха: 74 полиамид 26 полиэфир % Стандарты : ТР
793316282,Куртки для взрослых с верхом из меха зимние,верхом: из меха зимние Виды одежды (включая
793316282,Куртки для взрослых с верхом из меха зимние,взрослых: Вид продукции : Товары Вид товаров :
793316282,Куртки для взрослых с верхом из меха зимние,Сигнальные: элементы : световозвращающие принты
793316282,Куртки для взрослых с верхом из меха зимние,Стандарты: : ТР ТС 019 2011 СТО 17385659-005-2018
793316282,Куртки для взрослых с верхом из меха зимние,ветрозащитная: Плотность ткани : 195 г кв.м Подкладка :
793316282,Куртки для взрослых с верхом из меха зимние,2018 М
793316282,Куртки для взрослых с верхом из меха зимние,Цвет: темно-серый Сигнальные элементы : светов
793316613,Шапки зимние для взрослых,Материал: трикотажное полотно Подкладка : флис Цве
793316613,Шапки зимние для взрослых,Модель: Шапка трикотажная двойная с утеплителем Тинсулейт®
793316613,Шапки зимние для взрослых,Размер: 55-62 Вид размера : Стандартный Вид това
793316613,Шапки зимние для взрослых,Россия
793316613,Шапки зимние для взрослых,Шапки: зимние для взрослых Материал :
793316613,Шапки зимние для взрослых,головных: уборов одежды специальной : Головные
793316613,Шапки зимние для взрослых,товаров: : Одежда Виды одежды (включая форменную)
793316613,Шапки зимние для взрослых,150 г
793316613,Шапки зимние для взрослых,2011 Г
793316613,Шапки зимние для взрослых,2013 М
793316613,Шапки зимние для взрослых,Материал: «Капитан» с полиуретановым ветрозащитным
793316613,Шапки зимние для взрослых,Микро: 150 г кв.м 2 слоя. Искусственный мех
793316613,Шапки зимние для взрослых,Описание: : Ушки со шнурком с фиксатором могут
793316613,Шапки зимние для взрослых,Подкладка: 100% вискоза плотность 60 г кв.м + ветро
793316613,Шапки зимние для взрослых,Размер: 56 Состав : 100 полиамид % Утеплитель (подкладка)
793334322,Бельевые изделия нательные спортивные для взрослых,176 М
793334322,Бельевые изделия нательные спортивные для взрослых,200 г
793334322,Бельевые изделия нательные спортивные для взрослых,Бельевые: изделия нательные спортивные для
793334322,Бельевые изделия нательные спортивные для взрослых,Модель: Беринг Россия
793334322,Бельевые изделия нательные спортивные для взрослых,Плотность: : 200 гр м2 Половой признак : Мужской
793334322,Бельевые изделия нательные спортивные для взрослых,Россия
793334322,Бельевые изделия нательные спортивные для взрослых,Состав: : 50% хлопок 45% полиэфир 5% эластан. %
793334322,Бельевые изделия нательные спортивные для взрослых,Цвет: : черный Вид продукции : Товары Вид
793334322,Бельевые изделия нательные спортивные для взрослых,взрослых: : Белье спортивное для взрослых Размер
793334322,Бельевые изделия нательные спортивные для взрослых,взрослых: Вид бельевого изделия : Термобелье
793334322,Бельевые изделия нательные спортивные для взрослых,головных: уборов одежды специальной : Одежда для
793334322,Бельевые изделия нательные спортивные для взрослых,Вид: одежда для взрослых : Спортивная одежда
793334322,Бельевые изделия нательные спортивные для взрослых,Виды: одежды (включая форменную) головных
793334322,Бельевые изделия нательные спортивные для взрослых,Размер: российский : 116 188 см Модель : Беринг
793334322,Бельевые изделия нательные спортивные для взрослых,Анатомические: манжеты плотно и бережно облегают
793341142,Джемперы для взрослых,2011 В
793341142,Джемперы для взрослых,Вид: одежда для взрослых : Джемперы свитеры
793341142,Джемперы для взрослых,Виды: одежды (включая форменную) головных
793341142,Джемперы для взрослых,ГОСТ: 31410-2009 ТР ТС 017 2011 Виды джемперов
793341142,Джемперы для взрослых,Джемперы: для взрослых Пол : мужской Размер рост :
793341142,Джемперы для взрослых,Пол: мужской Размер рост : 96 182-188 Состав 
793341142,Джемперы для взрослых,Состав: : 50 полиакрил 50 шерсть % Стандарты :
793341142,Джемперы для взрослых,Цвет: черный Модель : Джемпер полушерстяной (без рукавов
793341142,Джемперы для взрослых,головных: уборов одежды специальной : Одежда для
793341142,Джемперы для взрослых,рост: 112 182-188 Состав : 50 полиакрил 50 шер
793341142,Джемперы для взрослых,Цвет: черный Размер рост : 96 170-176 Стандарт
793341142,Джемперы для взрослых,без: рукавов)
793341252,Свитеры для взрослых,Вырез: : круглый Модель : Свитер полушерстяной
793341252,Свитеры для взрослых,Материал: 30 шерсть 70 ПАН. процент (%) Вырез : круглый Моде
793341252,Свитеры для взрослых,Размер: 96 170-176 Цвет : черный Вид продукции :
793341252,Свитеры для взрослых,Россия
793341252,Свитеры для взрослых,взрослых: : Джемперы свитеры для взрослых Виды
793341252,Свитеры для взрослых,включая: форменную) головных уборов одежды
793341252,Свитеры для взрослых,специальной: : Одежда для взрослых Вид одежда для
793341252,Свитеры для взрослых,черный: Вид продукции : Товары Виды одежды
793347084,Перчатки из полимерных материалов для защиты от внешних воздействий,Китай
793347084,Перчатки из полимерных материалов для защиты от внешних воздействий,Материал: натуральная кожа козленка Материал подкл
793347084,Перчатки из полимерных материалов для защиты от внешних воздействий,Перчатки: из полимерных материалов для защиты от
793347084,Перчатки из полимерных материалов для защиты от внешних воздействий,Размер: 24 (9) Модель : Перчатки кожаные с подкладкой из н
793347084,Перчатки из полимерных материалов для защиты от внешних воздействий,Средства: защиты рук Вид средств защиты рук :
793347084,Перчатки из полимерных материалов для защиты от внешних воздействий,Стандарты: ТР ТС 019 2011 Размер : 24 (9) Модель : 
793347084,Перчатки из полимерных материалов для защиты от внешних воздействий,Товары: Виды одежды (включая форменную) головных
793347084,Перчатки из полимерных материалов для защиты от внешних воздействий,Цвет: черный Вид продукции : Товары Виды одежд
793347084,Перчатки из полимерных материалов для защиты от внешних воздействий,Катлер: PU) от порезов уровень 3 Китай
793347084,Перчатки из полимерных материалов для защиты от внешних воздействий,Назначение: для защиты от механических воздействий (
793347084,Перчатки из полимерных материалов для защиты от внешних воздействий,Размер: 10 Модель : Перчатки CUTLER PU (Катлер P
793347084,Перчатки из полимерных материалов для защиты от внешних воздействий,внешних: воздействий Класс вязки : 13 Состав
793347084,Перчатки из полимерных материалов для защиты от внешних воздействий,воздействий: (истирания проколов порезов) Особенности
793347084,Перчатки из полимерных материалов для защиты от внешних воздействий,Манжеты: : трикотажные Материал основы :
793347084,Перчатки из полимерных материалов для защиты от внешних воздействий,Модель: Перчатки Sky Worker (Скай Воркер) Россия
793347963,Перчатки трикотажные для защиты от внешних воздействий,2011 В
793347963,Перчатки трикотажные для защиты от внешних воздействий,Вид: товаров : Одежда Виды одежды (включая
793347963,Перчатки трикотажные для защиты от внешних воздействий,Конструкция: ладони : двойное латексное покрытие
793347963,Перчатки трикотажные для защиты от внешних воздействий,Материал: основы : хлопок Материал покрытия :
793347963,Перчатки трикотажные для защиты от внешних воздействий,Модель: Перчатки трикотажные с латексным покрыти
793347963,Перчатки трикотажные для защиты от внешних воздействий,Назначение: для защиты рук от механических воздейств
793347963,Перчатки трикотажные для защиты от внешних воздействий,Перчатки: трикотажные для защиты от внешних
793347963,Перчатки трикотажные для защиты от внешних воздействий,Размер: 8 Стандарт : ТР ТС 019 2011 Вид продукци
793347963,Перчатки трикотажные для защиты от внешних воздействий,Россия
793347963,Перчатки трикотажные для защиты от внешних воздействий,воздействий: Класс вязки трикотажных перчаток : 13
793347963,Перчатки трикотажные для защиты от внешних воздействий,Области: применения : холодные склады
793347963,Перчатки трикотажные для защиты от внешних воздействий,ПАН: (акрил) % Назначение : для защиты рук от
793347963,Перчатки трикотажные для защиты от внешних воздействий,вязки: 7.00000 Состав ткани : 100 ПАН (акрил) %
793347963,Перчатки трикотажные для защиты от внешних воздействий,коммунальные: службы Покрытие : Точечное ПВХ Стандарт
793347963,Перчатки трикотажные для защиты от внешних воздействий,механических: воздействий и общепроизводственных
793347964,Рукавицы для защиты от внешних воздействий,Материал: : наладонник – натуральная кожа. Модель
793347964,Рукавицы для защиты от внешних воздействий,Модель: Рукавицы меховые с кожаным наладонником 
793347964,Рукавицы для защиты от внешних воздействий,Назначение: предназначены для защиты рук от механиче
793347964,Рукавицы для защиты от внешних воздействий,Размер: 2 (27) Материал : наладонник – натуральная кожа. М
793347964,Рукавицы для защиты от внешних воздействий,Россия
793347964,Рукавицы для защиты от внешних воздействий,Рукавицы: для защиты от внешних воздействий Вид
793347964,Рукавицы для защиты от внешних воздействий,Средства: защиты рук Вид средств защиты рук :
793347964,Рукавицы для защиты от внешних воздействий,Стандарты: : ТР ТС 019 2011 Размер : 2 (27)
793347964,Рукавицы для защиты от внешних воздействий,Товары: Виды одежды (включая форменную) головных
793347964,Рукавицы для защиты от внешних воздействий,воздействий: (истирания) и общих производственных
793347964,Рукавицы для защиты от внешних воздействий,загрязнений: в условиях воздействия пониженных
793347964,Рукавицы для защиты от внешних воздействий,10.00000 М
793347964,Рукавицы для защиты от внешних воздействий,Защита: Нс Нм К80 Щ50 Ми Мп Тн Защитные свойства
793347964,Рукавицы для защиты от внешних воздействий,Особенности: вкладками из искусственного меха которые
793347964,Рукавицы для защиты от внешних воздействий,Размер: 10.00000 Модель : Рукавицы утепленные «Й
793348072,Брюки для взрослых,000 мм
793348072,Брюки для взрослых,180 г
793348072,Брюки для взрослых,Брюки: для взрослых Количество слоев утеплителя
793348072,Брюки для взрослых,Микро: Цвет : основной – темно-серый отделочный
793348072,Брюки для взрослых,Модель: Брюки женские зимние «Исландия» Россия
793348072,Брюки для взрослых,Отделка: ткани : водоотталкивающая Плотность :
793348072,Брюки для взрослых,Подкладка: 100 полиэфир и флис % Половая принадлежн
793348072,Брюки для взрослых,Половая: принадлежность : женский Размер рост :
793348072,Брюки для взрослых,Россия
793348072,Брюки для взрослых,Сезон: : Зима Сигнальные элементы :
793348072,Брюки для взрослых,Ткань: верха : «Полириб Н» мембранная
793348072,Брюки для взрослых,водоупорность: 10 000 мм вод.ст. паропроницаемость 8000
793348072,Брюки для взрослых,Брюки: для взрослых Назначение : Защита от
793348072,Брюки для взрослых,Брюки: женские «Бьянка-2» Россия
793348072,Брюки для взрослых,Назначение: Защита от общепроизводственных загрязнен
793348073,Перчатки швейные для защиты от внешних воздействий,9.00000 М
793348073,Перчатки швейные для защиты от внешних воздействий,Длина: 230–260 сантиметр (см) Размер : 9.00000 
793348073,Перчатки швейные для защиты от внешних воздействий,Китай
793348073,Перчатки швейные для защиты от внешних воздействий,Модель: : Перчатки кожаные DEFENDER (Дефендер)
793348073,Перчатки швейные для защиты от внешних воздействий,Одежда: Виды одежды (включая форменную) головных
793348073,Перчатки швейные для защиты от внешних воздействий,Особенности: модели : универсальные перчатки широкого
793348073,Перчатки швейные для защиты от внешних воздействий,Перчатки: швейные для защиты от внешних
793348073,Перчатки швейные для защиты от внешних воздействий,Средства: защиты рук Вид средств защиты рук :
793348073,Перчатки швейные для защиты от внешних воздействий,Стандарт: ТР ТС 019 2011 Особенности модели : унив
793348073,Перчатки швейные для защиты от внешних воздействий,воздействий: Вид продукции : Товары Вид товаров :
793348073,Перчатки швейные для защиты от внешних воздействий,воздействий: Материал перчаток : лицевая коровья кожа
793348073,Перчатки швейные для защиты от внешних воздействий,дополнительными: накладками из ПВХ на тыльной стороне
793348073,Перчатки швейные для защиты от внешних воздействий,Модель: Перчатки белые р.9 (L) Россия
793348073,Перчатки швейные для защиты от внешних воздействий,Муж: Жен Цвет : белый Количество : 1 пара (2
793348073,Перчатки швейные для защиты от внешних воздействий,Размер: : L (9) Коллекция : перчатки для
793348403,"Нарукавники, наплечники для защиты рук",Вид: средств защиты рук : Нарукавники
793348403,"Нарукавники, наплечники для защиты рук",Материал: : смесовая -хлопок полиэстер Назначение
793348403,"Нарукавники, наплечники для защиты рук",Модель: : Нарукавники из смесовой ткани Россия
793348403,"Нарукавники, наплечники для защиты рук",Назначение: для защиты рук или рукавов спецодежды от
793348403,"Нарукавники, наплечники для защиты рук",Россия
793348403,"Нарукавники, наплечники для защиты рук",Товары: Вид товаров : Одежда Виды одежды
793348403,"Нарукавники, наплечники для защиты рук",Цвет: синий оранжевый черный камуфлированный М
793348403,"Нарукавники, наплечники для защиты рук",включая: форменную) головных уборов одежды
793348403,"Нарукавники, наплечники для защиты рук",общепроизводственных: загрязнений. Вид размера : Стандартный
793348403,"Нарукавники, наплечники для защиты рук",200 М
793348403,"Нарукавники, наплечники для защиты рук",Модель: Нарукавники сварщика «Приор» для защиты от искр бр
793348403,"Нарукавники, наплечники для защиты рук",Размер: 80-108 158-200 Материал ткани : Приор Об
793348403,"Нарукавники, наплечники для защиты рук",Цвет: : темный хаки Ткань : 70 преокс 30
793348403,"Нарукавники, наплечники для защиты рук",Являются: дополнительным изделием и используются в
793348403,"Нарукавники, наплечники для защиты рук",защиты: от искр брызг расплавленного металла
793348842,Халаты производственные,200 г
793348842,Халаты производственные,Вид: размера : Стандартный Размер рост :
793348842,Халаты производственные,Застежка: : потайная застежка на пуговицы Защитные
793348842,Халаты производственные,Модель: Халат женский «Химик» для защиты от кисл
793348842,Халаты производственные,Наличие: карманов : Накладные боковые карманы с
793348842,Халаты производственные,Плотность: 200 гр м2 Рукав : Рукава с манжетами на 
793348842,Халаты производственные,Россия
793348842,Халаты производственные,Состав: 100% полиэфир в т. ч. антистатическая ни
793348842,Халаты производственные,Халаты: производственные Заключение минпромторга
793348842,Халаты производственные,Цвет: темно-синий Цвет отделки : васильковый и оранжевый
793348842,Халаты производственные,антистатическая: нить Тр тс : ТР ТС 019 2011 Цвет :
793348842,Халаты производственные,защиты: для защиты от растворов щелочей
793348842,Халаты производственные,защиты: от электростатических зарядов – Эс
793348842,Халаты производственные,164 В
793348842,Халаты производственные,Размер: рост : 120-124 170-176 Модель : Халат
793357683,Блузки женские,170.00000 см
793357683,Блузки женские,180 г
793357683,Блузки женские,Блузки: женские Вид основного сырья (волокна) в
793357683,Блузки женские,Вид: одежда для взрослых : Рубашки (сорочки)
793357683,Блузки женские,Застежка: : да Плотность : 180 гр м2 Размер : 100
793357683,Блузки женские,"Модель: Блузка с воротником ""Поло"" цвет сильвер Россия"
793357683,Блузки женские,Россия
793357683,Блузки женские,Рост: : 170.00000 см Рукав : короткий Цвет :
793357683,Блузки женские,Цвет: серый Вид продукции : Товары Вид товаров
793357683,Блузки женские,взрослых: : Блузки женские Модель : Блузка с
793357683,Блузки женские,Состав: 100 хлопок % Цвет : бирюзовый Модель : Б
793357683,Блузки женские,воротником: женская «Поло» бирюзовая
793357683,Блузки женские,женский: Размер рост : 108 170-176 Состав : 100
793357683,Блузки женские,Цвет: : бирюзовый Стандарты : ТР ТС 017 2011
793357683,Блузки женские,бирюзовая: УЗБЕКИСТАН
793357687,Сорочки верхние мужские,170 а
793357687,Сорочки верхние мужские,Белый: Модель : белая короткий рукав р. 41 170
793357687,Сорочки верхние мужские,Пол: мужской Размер рост : 41 170 Рукав : Кор
793357687,Сорочки верхние мужские,Россия
793357687,Сорочки верхние мужские,Сорочки: верхние мужские Вид застежки : На
793357687,Сорочки верхние мужские,Состав: 60 хлопок 40 полиэфир % Ткань : сорочечн
793357687,Сорочки верхние мужские,пуговицы: Воротник : Отложной со стойкой Пол :
793357687,Сорочки верхние мужские,сорочечная: с повышенным содержанием хлопка Цвет :
793357687,Сорочки верхние мужские,105 г
793357687,Сорочки верхние мужские,Рукав: : Длинный Состав : 65 полиэфир 35 хлопок
793357687,Сорочки верхние мужские,рукав: р. 41 170 арт.1.064 Россия
793357687,Сорочки верхние мужские,Зеленый: Плотность : 180 гр м2 Размер рост : 108
793357687,Сорочки верхние мужские,Состав: : 100 хлопок % Модель : Сорочка с
793357687,Сорочки верхние мужские,рост: 108 182-188 Состав : 100 хлопок % Модель
793357687,Сорочки верхние мужские,Сорочка: с воротником «Поло» серая р. 100 170-176
793357691,Уборы головные для взрослых,165 г
793357691,Уборы головные для взрослых,Материал: 47 бамбук 50 микрофибра 3 спандекс % Отделка : мал
793357691,Уборы головные для взрослых,Модель: Бандана «Лотос» сливовая Россия
793357691,Уборы головные для взрослых,Морская: волна Вид продукции : Товары Вид товаров
793357691,Уборы головные для взрослых,Одежда: Виды одежды (включая форменную) головных
793357691,Уборы головные для взрослых,Отделка: малосминаемая Плотность ткaни : 165 гр м
793357691,Уборы головные для взрослых,Размер: 54-62 Цвет : : Морская волна Вид продукц
793357691,Уборы головные для взрослых,Россия
793357691,Уборы головные для взрослых,Уборы: головные для взрослых Вид размера :
793357691,Уборы головные для взрослых,демисезонные: Виды уборов головных летних демисезонных
793357691,Уборы головные для взрослых,55 мм
793357691,Уборы головные для взрослых,59 см
793357691,Уборы головные для взрослых,Конструкция: ударопрочный корпус из АБС-пластика Разм
793357691,Уборы головные для взрослых,Модель: Каскетка защитная RZ BioT CAP оранжевая 
793357691,Уборы головные для взрослых,кепки: 56 по 59 см Стандаpты : ТР ТС 019 2011 Ц
793357705,Респираторы,5.50000 г
793357705,Респираторы,Конструкция: : обеспечивает хороший обзор и
793357705,Респираторы,Модель: : Полумаска изолирующая UNIX 2100
793357705,Респираторы,Респираторы: Клапан выдоха : направлен вниз что
793357705,Респираторы,Россия
793357705,Респираторы,Стандарты: ТР ТС 019 2011 Температурный режим экспл
793357705,Респираторы,Температурный: режим эксплуатации : от -40 до +40 [0*]С
793357705,Респираторы,Фильтр: : приобретается отдельно Гарантийный
793357705,Респираторы,выдоха: направлен вниз что исключает воздействие
793357705,Респираторы,защитными: очками касками шлемами. Материал корпуса
793357705,Респираторы,Виды: одежды (включая форменную) головных
793357705,Респираторы,Китай
793357705,Респираторы,Модель: Полумаска фильтрующая (респиратор) РПГ-67 укомплек
793357705,Респираторы,Особенности: модели : Эргономичная форма полумаски.
793357705,Респираторы,Респираторы: Защитные свойства : защита органов
793358151,Каска строительная,54.00000 см
793358151,Каска строительная,Виды: одежды специальной : Средства защиты
793358151,Каска строительная,Высшая: Комплектация : Комплект Б (каска
793358151,Каска строительная,Каска: строительная Категория качества каски :
793358151,Каска строительная,Материал: : Полипропилен (PP) Цвет : Оранжевый Вид
793358151,Каска строительная,Модель: Каска строительная Россия
793358151,Каска строительная,Россия
793358151,Каска строительная,головы: лица глаз органа слуха. Вид средств
793358151,Каска строительная,максимальный: 62.00000 см Наличие функции «Вызов помощ
793358153,Каски защитные,1000 В
793358153,Каски защитные,330 г
793358153,Каски защитные,65 см
793358153,Каски защитные,Виды: одежды специальной : Средства защиты
793358153,Каски защитные,Конструкция: предполагает применение дополнительных
793358153,Каски защитные,Крепление: других видов сиз : наушники лицевые
793358153,Каски защитные,Масса: 330 г Материал изготовления : TermotreK®
793358153,Каски защитные,Модель: Каска защитная «СОМЗ-55 FavoriT RAPID» с
793358153,Каски защитные,Назначение: предназначена для защиты головы от механ
793358153,Каски защитные,Россия
793358153,Каски защитные,Температурный: режим : от –50 до +50 [0*]С Цвет : белый
793358153,Каски защитные,460 г
793358153,Каски защитные,uvex: «Феос Алпайн» с храповиком и текстильным
793358153,Каски защитные,Вентиляционные: отверстия в задней части обеспечивают
793358153,Каски защитные,Вид: средств защиты головы лица глаз органа
793358155,Накомарники,Вид: средств защиты головы лица глаз органа
793358155,Накомарники,Комплектация: : К полям шляпы прикреплена москитная
793358155,Накомарники,Модель: Шляпа с противомоскитной сеткой Россия
793358155,Накомарники,Накомарники: Вид продукции : Товары Вид товаров :
793358155,Накомарники,Одежда: Виды одежды (включая форменную) головных
793358155,Накомарники,Россия
793358155,Накомарники,Цвет: защитный камуфлированный Материал : 100 
793358155,Накомарники,горловины: затягивается до необходимого размера
793358155,Накомарники,дополнительным: кольцом Модель : Шляпа с
793358155,Накомарники,противомоскитной: сеткой Россия
793358157,Очки защитные,6X3.00
793358157,Очки защитные,Вид: средств защиты головы лица глаз органа
793358157,Очки защитные,Вид: товаров : Одежда Виды одежды (включая
793358157,Очки защитные,Китай
793358157,Очки защитные,Крепление: : резинка Масса : 81 г Материал линзы :
793358157,Очки защитные,Модель: Очки защитные закрытые Univet «6X3» (6X3.00.00.00)
793358157,Очки защитные,Очки: защитные Вид продукции : закрытые
793358157,Очки защитные,Покрытие: линзы снаружи : высокая стойкость к
793358157,Очки защитные,высокая: стойкость к запотеванию без ограничения
793358157,Очки защитные,головных: уборов одежды специальной : Спецодежда
793358157,Очки защитные,защитные: очки. Вид вентиляции : непрямая
793358157,Очки защитные,UNIVERSAL: TITAN (Универсал Титан) (PL) (13711)
793358157,Очки защитные,Защита: от ультрафиолетового излучения : 1
793358157,Очки защитные,Конструкция: : открытые с боковой защитой и
793358157,Очки защитные,Россия
793358161,Подшлемники,Подшлемник: Модель : Шлем-подшлемник сварщика летний
793358161,Подшлемники,Подшлемники: Вид защитного свойства подшлемника : От
793358161,Подшлемники,Размер: 59-61 Тип средства защиты головы : Подшлемник Моде
793358161,Подшлемники,Россия
793358161,Подшлемники,брызг: от искр Вид основного сырья (волокна) в
793358161,Подшлемники,составе: ткани трикотажного полотна : Хлопок
793358161,Подшлемники,Поверхностная: плотность ткани гр м2 : 485 Размер :
793358161,Подшлемники,320 г
793358161,Подшлемники,Модель: Подшлемник термостойкий «ВОЛЬТ з» Россия
793358161,Подшлемники,Плотность: 320 г кв.м Состав : 59 модакрил 39 хлопо
793358161,Подшлемники,Размер: : 54-58 Модель : Подшлемник термостойкий
793358161,Подшлемники,Цвет: : серый меланж Вид размера : Стандартный
793358161,Подшлемники,модакрил: 39 хлопок 2 антистатическое волокно %
793358161,Подшлемники,Вид: средств защиты головы лица глаз органа
793358161,Подшлемники,Модель: 8.233 Россия
793358163,Средства защиты противошумные,139 г
793358163,Средства защиты противошумные,Виды: одежды специальной : Средства защиты
793358163,Средства защиты противошумные,Конструкционные: детали : изготовлены из АБС-пластика
793358163,Средства защиты противошумные,Масса: не более 139 г Описание : Регулируемое о
793358163,Средства защиты противошумные,Модель: Наушники противошумные «СОМЗ-1 ЯГУАР» (60100) Росс
793358163,Средства защиты противошумные,Особенности: модели : Хорошо заметны в сумерках в
793358163,Средства защиты противошумные,Россия
793358163,Средства защиты противошумные,включая: форменную) головных уборов одежды
793358163,Средства защиты противошумные,головы: лица глаз органа слуха. Вид средств
793358163,Средства защиты противошумные,защиты: противошумные Модель : Наушники
793358163,Средства защиты противошумные,195.00000 г
793358163,Средства защиты противошумные,Вес: 195.00000 г Вид оголовья : складное Вид 
793358163,Средства защиты противошумные,Модель: Наушники противошумные складные «Max 500» (31050)
793358163,Средства защиты противошумные,Назначение: : Предназначены для снижения уровня шума
793358163,Средства защиты противошумные,Средства: защиты противошумные Вес : 195.00000 г
793358165,Шлемы защитные,260 кг
793358165,Шлемы защитные,Модель: Шлем-подшлемник сварщика летний «Приор» 
793358165,Шлемы защитные,Описание: Трикотажная полоска по лицевому вырезу о
793358165,Шлемы защитные,Преокс: 30 параарамид % (процентов) Плотность
793358165,Шлемы защитные,Размер: 59-61 Вид размера : Стандартный Модель : Шлем-подш
793358165,Шлемы защитные,Россия
793358165,Шлемы защитные,Цвет: хаки темный хаки. Ткань : 70 Преокс 30 п
793358165,Шлемы защитные,затылочной: части и плеч спереди застегивается на
793358165,Шлемы защитные,обеспечивает: дополнительную защиту в области
793358165,Шлемы защитные,прилегание: по окружности лица. Пелерина
793358165,Шлемы защитные,сварщика: летний «Приор» Россия
793358167,Щитки лицевые защитные,2.00000 мм
793358167,Щитки лицевые защитные,374 г
793358167,Щитки лицевые защитные,Вид: средств защиты головы лица глаз органа
793358167,Щитки лицевые защитные,Виды: одежды (включая форменную) головных
793358167,Щитки лицевые защитные,Конструкция: экран сферической формы с панорамным обз
793358167,Щитки лицевые защитные,Масса: 374 г Толщина : 2.00000 мм Цвет : прозра
793358167,Щитки лицевые защитные,Модель: Щиток защитный лицевой НБТ2 Сфера ВИЗИОН TITAN (42
793358167,Щитки лицевые защитные,Россия
793358167,Щитки лицевые защитные,Щитки: лицевые защитные Защитные свойства :
793358167,Щитки лицевые защитные,агрессивных: жидкостей при повышенной влажности
793358167,Щитки лицевые защитные,выполнении: работ связанных с разбрызгиванием
793358167,Щитки лицевые защитные,металлов: с использованием охлаждающих жидкостей
793358167,Щитки лицевые защитные,Tecmen: ADF-730S TM15 Китай
793358167,Щитки лицевые защитные,Китай
793358167,Щитки лицевые защитные,Масса: 445 г Материал корпуса : ударопрочный нейлон Оптич
793368388,Шкафы сушильные промышленные,130 кВт
793368388,Шкафы сушильные промышленные,15 кг
793368388,Шкафы сушильные промышленные,240 В
793368388,Шкафы сушильные промышленные,454 мм
793368388,Шкафы сушильные промышленные,Вес: 15 кг Внешние габариты : 320х380х454 мм 
793368388,Шкафы сушильные промышленные,Корея
793368388,Шкафы сушильные промышленные,Модель: Дезинфектор Корея
793368388,Шкафы сушильные промышленные,Мощность: 130 кВт Напряжение : 240 В Вид продукции : Товары
793368388,Шкафы сушильные промышленные,Шкафы: сушильные промышленные Вес : 15 кг
793368388,Шкафы сушильные промышленные,продукции: Товары Вид товаров : Оборудование Виды о
793369836,Полотенца текстильные,360 г
793369836,Полотенца текстильные,90 см
793369836,Полотенца текстильные,Гигиенические: средства Виды предметов гигиены :
793369836,Полотенца текстильные,Модель: Полотенце махровое 50?90 см зеленое УЗБЕКИСТАН
793369836,Полотенца текстильные,Назначение: Для рук Размер : 50*90 см Вид продукции 
793369836,Полотенца текстильные,Полотенца: текстильные Плотность основной ткани :
793369836,Полотенца текстильные,грамм: на квадраный метр Описание : Полотенце
793369836,Полотенца текстильные,махровое: Наличие мембраны : 0 Модель : Полотенце
793369836,Полотенца текстильные,Полотенца: текстильные Назначение : Для рук и лица
793369836,Полотенца текстильные,Размер: : 50х90 см Цвет : Темно-бордовый Вид
793369836,Полотенца текстильные,Полотенца: текстильные Международный размер : 50х90
793369836,Полотенца текстильные,основной: ткани : 360 грамм на квадраный метр
793369836,Полотенца текстильные,200 г
793369836,Полотенца текстильные,45.00000 см
793369836,Полотенца текстильные,Длина: 80.00000 см Полотенце вафельное : Да Цве
793370340,Части запасные и материалы расходные для инструментов спасательных служб и служб гражданской обороны,1600 мм
793370340,Части запасные и материалы расходные для инструментов спасательных служб и служб гражданской обороны,Вид: наплечные набедренные лямки Длина поясно
793370340,Части запасные и материалы расходные для инструментов спасательных служб и служб гражданской обороны,Модель: Пояс предохранительный лямочный ППЛ-32 (размер XXL
793370340,Части запасные и материалы расходные для инструментов спасательных служб и служб гражданской обороны,Назначение: предназначен для обеспечения безопасности работ на
793370340,Части запасные и материалы расходные для инструментов спасательных служб и служб гражданской обороны,Размер: пояса : XXL Количество точек крепления :
793370340,Части запасные и материалы расходные для инструментов спасательных служб и служб гражданской обороны,Разрывная: нагрузка : 15000 Н Вид прочего инвентаря
793370340,Части запасные и материалы расходные для инструментов спасательных служб и служб гражданской обороны,Части: запасные и материалы расходные для
793370340,Части запасные и материалы расходные для инструментов спасательных служб и служб гражданской обороны,замкнутых: пространствах когда может возникнуть
793370340,Части запасные и материалы расходные для инструментов спасательных служб и служб гражданской обороны,инструментов: спасательных служб и служб гражданской
793370340,Части запасные и материалы расходные для инструментов спасательных служб и служб гражданской обороны,крепления: 2 шт Назначение : предназначен для обесп
793370340,Части запасные и материалы расходные для инструментов спасательных служб и служб гражданской обороны,Масса: не более 2 1 кг Величина обхвата талии :
793370340,Части запасные и материалы расходные для инструментов спасательных служб и служб гражданской обороны,110 г
793370340,Части запасные и материалы расходные для инструментов спасательных служб и служб гражданской обороны,2011 М
793370340,Части запасные и материалы расходные для инструментов спасательных служб и служб гражданской обороны,Масса: 110 грамм (г) Защитные свойства : Полума
793370340,Части запасные и материалы расходные для инструментов спасательных служб и служб гражданской обороны,Модель: Полумаска изолирующая UNIX 1000 (средний
793370374,Части запасные и материалы расходные для средств пожаротушения,200 г
793370374,Части запасные и материалы расходные для средств пожаротушения,40 см
793370374,Части запасные и материалы расходные для средств пожаротушения,Гарантийный: срок хранения : 15 лет Модель : Сумка
793370374,Части запасные и материалы расходные для средств пожаротушения,Масса: 200 г Габаритные размеры : 40 см Гарантийный срок
793370374,Части запасные и материалы расходные для средств пожаротушения,Модель: Сумка для панорамных масок UNIX Россия
793370374,Части запасные и материалы расходные для средств пожаротушения,Описание: Снабжена клапаном плечевым регулируемым 
793370374,Части запасные и материалы расходные для средств пожаротушения,Предназначен: для хранения и ношения промышленного про
793370374,Части запасные и материалы расходные для средств пожаротушения,Россия
793370374,Части запасные и материалы расходные для средств пожаротушения,Части: запасные и материалы расходные для
793370374,Части запасные и материалы расходные для средств пожаротушения,противогаза: с панорамной маской. Вид товара : Сумка
793370374,Части запасные и материалы расходные для средств пожаротушения,средств: пожаротушения Описание : Снабжена
793370374,Части запасные и материалы расходные для средств пожаротушения,тесьмой: для закрепления на поясе. Предназначен :
793370402,Противогазы,Комплектация: Маска состоит из панорамного стекла-корп
793370402,Противогазы,Модель: МАГ 0403 CL 2 Россия
793370402,Противогазы,Россия
793370402,Противогазы,Средства: для спасательных служб и служб
793370402,Противогазы,гражданской: обороны Виды средств для спасательных
793370402,Противогазы,двойным: обтюратором клапанной коробки с
793370402,Противогазы,дыхания: Противогазы Тип ремней крепления и или о
793370402,Противогазы,зрения: 77 % Срок хранеиия : 10 г Вид продукции 
793370402,Противогазы,индивидуальной: защиты органов дыхания : Противогазы Тип
793370402,Противогазы,клапанами: вдоха выдоха и переговорным устройством
793370402,Противогазы,Комплектация: с воздухоподводящим шлангом длиной 10 м 
793370402,Противогазы,Модель: Противогаз шланговый изолирующий ПШ-1С с
793370402,Противогазы,Назначение: Предназначен для защиты органов дыхания глаз и кож
793370402,Противогазы,Принцип: работы : Противогаз работает по принципу
793370402,Противогазы,Стандарты: ТР ТС 019 2011 Применение : Применяется 
793370426,Веревки альпинистские,12.00000 мм
793370426,Веревки альпинистские,3850.00000 г
793370426,Веревки альпинистские,Веревки: альпинистские Вес : 3850.00000 г Диаметр
793370426,Веревки альпинистские,Вес: 3850.00000 г Диаметр : 12.00000 мм Особенности : З
793370426,Веревки альпинистские,Длина: 50.00000 м Материал : изготавливается из
793370426,Веревки альпинистские,Модель: КСЛ 50
793370426,Веревки альпинистские,Назначение: : Используют для страховки работников
793370426,Веревки альпинистские,изготавливается: из полиэфира (лавсана) – обозначение КСЛ
793370428,Изделия и принадлежности для альпинизма,200.00000 см
793370428,Изделия и принадлежности для альпинизма,Вес: 980.00000 г Длина : 200.00000 см Стандар
793370428,Изделия и принадлежности для альпинизма,Изделия: и принадлежности для альпинизма Вес :
793370428,Изделия и принадлежности для альпинизма,Карабины: наличие Материал : полиэфирный канат Мод
793370428,Изделия и принадлежности для альпинизма,Отличительные: признаки : Строп регулируемый одинарный
793370428,Изделия и принадлежности для альпинизма,Россия
793370428,Изделия и принадлежности для альпинизма,одинарный: регулируемый «B12p» (vnt B12p) Россия
793370428,Изделия и принадлежности для альпинизма,120 см
793370428,Изделия и принадлежности для альпинизма,1640 г
793370428,Изделия и принадлежности для альпинизма,80 см
793370428,Изделия и принадлежности для альпинизма,Масса: 1640 г Назначение элемента альпинистского снаряжен
793370428,Изделия и принадлежности для альпинизма,Модель: Страховочная привязь ТА50 M-XL
793370428,Изделия и принадлежности для альпинизма,Обхват: ног : 50-80 см Обхват пояса : 90-120 см
793370428,Изделия и принадлежности для альпинизма,Размер: : M-XL Цвет : желтый черный Статическая
793370428,Изделия и принадлежности для альпинизма,прочность: : 15 килоньютон (kn) Модель :
793370434,Снаряжение специальное для спасательных служб и служб гражданской обороны,2011 М
793370434,Снаряжение специальное для спасательных служб и служб гражданской обороны,Назначение: ремонтные строительно-конструкторские сборочно-мон
793370434,Снаряжение специальное для спасательных служб и служб гражданской обороны,Особенности: Перчатки эластичны плотно облегают руку 
793370434,Снаряжение специальное для спасательных служб и служб гражданской обороны,Размер: 10 Стандарт : ТР ТС 019 2011 Модель : Пе
793370434,Снаряжение специальное для спасательных служб и служб гражданской обороны,Россия
793370434,Снаряжение специальное для спасательных служб и служб гражданской обороны,Снаряжение: специальное для спасательных служб и
793370434,Снаряжение специальное для спасательных служб и служб гражданской обороны,Стандартный: Класс вязки : 15 Материал основы :
793370434,Снаряжение специальное для спасательных служб и служб гражданской обороны,облегают: руку обеспечивают максимальную
793370434,Снаряжение специальное для спасательных служб и служб гражданской обороны,покрытия: нитрил ПУ на водной основе Назначение : 
793370434,Снаряжение специальное для спасательных служб и служб гражданской обороны,полиамид: спандекс Материал покрытия : нитрил ПУ
793370434,Снаряжение специальное для спасательных служб и служб гражданской обороны,применения: специальной вязаной основы Размер : 10
793370434,Снаряжение специальное для спасательных служб и служб гражданской обороны,Вибробосс: К» (П5420-1) Россия
793370434,Снаряжение специальное для спасательных служб и служб гражданской обороны,Материал: : Перчатки кожаные с манжетой из
793370434,Снаряжение специальное для спасательных служб и служб гражданской обороны,Перчатки: защищают от контакта с нагретыми до +250
793370434,Снаряжение специальное для спасательных служб и служб гражданской обороны,Стандартный: Модель : Перчатки антивибрационные
793370454,Боевая одежда пожарного (БОП),1000 В
793370454,Боевая одежда пожарного (БОП),240 г
793370454,Боевая одежда пожарного (БОП),TermotreK: Подбородочный ремень : наличие Цвет :
793370454,Боевая одежда пожарного (БОП),Боевая: одежда пожарного (БОП) Защита от
793370454,Боевая одежда пожарного (БОП),Вид: каска защитная Масса : 240 г Материал корпуса : Te
793370454,Боевая одежда пожарного (БОП),Россия
793370454,Боевая одежда пожарного (БОП),Цвет: красный Модель : Каска защитная «СОМЗ-55
793370454,Боевая одежда пожарного (БОП),красная: (75516) Россия
793370454,Боевая одежда пожарного (БОП),тока: напряжением до 1500 В переменного до
793370506,Приборы осветительные мобильные для спасательных служб и служб гражданской обороны,663.00000 г
793370506,Приборы осветительные мобильные для спасательных служб и служб гражданской обороны,Вес: 663.00000 г Вид товара : Светодиодный фо
793370506,Приборы осветительные мобильные для спасательных служб и служб гражданской обороны,Зарядное: устройство : от сети Защита : Встроенная
793370506,Приборы осветительные мобильные для спасательных служб и служб гражданской обороны,Китай
793370506,Приборы осветительные мобильные для спасательных служб и служб гражданской обороны,Литий: -ионный Модель : Фонарь «Яркий Луч»
793370506,Приборы осветительные мобильные для спасательных служб и служб гражданской обороны,Приборы: осветительные мобильные для спасательных
793370506,Приборы осветительные мобильные для спасательных служб и служб гражданской обороны,аккумулятора: Режимов освещения : 3 шт Стандарты : ТР
793370506,Приборы осветительные мобильные для спасательных служб и служб гражданской обороны,служб: и служб гражданской обороны Вес :
793370542,Сумки повседневные,24 см
793370542,Сумки повседневные,Материал: : полиэстер Цвет : васильковый Вид
793370542,Сумки повседневные,Модель: Рюкзак Россия
793370542,Сумки повседневные,Россия
793370542,Сумки повседневные,Сумки: повседневные Боковые карманы : 1 Вид
793370542,Сумки повседневные,застежки: : молния Габаритные размеры : 35х45х24
793370542,Сумки повседневные,карманов: 7.00000 шт Материал : полиэстер Цвет : в
793370542,Сумки повседневные,продукции: : Товары Вид товаров : Сумки портфели
793370542,Сумки повседневные,чемоданов: Сумки повседневные Модель : Рюкзак Росси
793370542,Сумки повседневные,чемоданы: Виды сумок портфелей чемоданов : Сумки
793370560,"Колготки, легинсы (рейтузы), кюлоты",Колготки: легинсы (рейтузы) кюлоты Материал :
793370560,"Колготки, легинсы (рейтузы), кюлоты",Материал: полиамид эластан Плотность : 40 % Размер
793370560,"Колготки, легинсы (рейтузы), кюлоты",Модель: колготки женские
793370560,"Колготки, легинсы (рейтузы), кюлоты",Страна
793370560,"Колготки, легинсы (рейтузы), кюлоты",Страна: производитель : беларусь Состав : 87 -
793370560,"Колготки, легинсы (рейтузы), кюлоты",беларусь
793370560,"Колготки, легинсы (рейтузы), кюлоты",полиамид: 13 - эластан Цвет : Черный Модель :
793370560,"Колготки, легинсы (рейтузы), кюлоты",Размер: 2 Состав : Полиамид и эластан Цвет : беж
793370560,"Колготки, легинсы (рейтузы), кюлоты",Модель: 40 ден бежевые размер 4 БЕЛАРУСЬ
793370560,"Колготки, легинсы (рейтузы), кюлоты",Размер: 4 Цвет : бежевый Состав : Полиамид 88% э
793370560,"Колготки, легинсы (рейтузы), кюлоты",бежевый: Состав : Полиамид 88% эластан 12% Модель
793370560,"Колготки, легинсы (рейтузы), кюлоты",бежевые: размер 3 БЕЛАРУСЬ
793370560,"Колготки, легинсы (рейтузы), кюлоты",Материал: полиамид эластан Размер : 5 Состав : 87%
793370560,"Колготки, легинсы (рейтузы), кюлоты",Страна: производитель : беларусь Плотность : 40
793370560,"Колготки, легинсы (рейтузы), кюлоты",Беларусь
793370562,"Носки, подследники",Island: Cup Wintertech (Айланд Кап Винтертеч)
793370562,"Носки, подследники",Вид: товаров : Галантерейные товары Виды
793370562,"Носки, подследники",Изделия: чулочно-носочные Виды изделий
793370562,"Носки, подследники",Носки: подследники Описание : Разработаны для
793370562,"Носки, подследники",Описание: Разработаны для использования в зимнее в
793370562,"Носки, подследники",Россия
793370562,"Носки, подследники",Цвет: черные Вид размера : Стандартный Размер 
793370562,"Носки, подследники",акрил: 8 полиамид 2 эластан процент (%) Цвет :
793370562,"Носки, подследники",использования: в зимнее время года при низких
793370562,"Носки, подследники",носочных: : Носки подследники Модель : Термоноски
793370562,"Носки, подследники",принадлежность: : мужские Состав : 50 шерсть мериносов
793370562,"Носки, подследники",Модель: Носки из полушерстяной пряжи Россия
793370562,"Носки, подследники",Описание: Носки из полушерстенной пряжи. МИНПРОМТО
793370562,"Носки, подследники",полиакрилнитрил: процент (%) Цвет : черные синие Вид
793370562,"Носки, подследники",Носки: подследники Размер : 42 Сезон : Зима
793370566,Обувь форменная для взрослых,Материал: подкладки : Искусственный мех с
793370566,Обувь форменная для взрослых,Назначение: рекомендуются для сотрудников охранных п
793370566,Обувь форменная для взрослых,Обувь: форменная для взрослых Защитные свойства
793370566,Обувь форменная для взрослых,Подносок: 0 Размер : 40 Стандарты : ТР ТС 019 2011
793370566,Обувь форменная для взрослых,Россия
793370566,Обувь форменная для взрослых,Цвет: черный Модель : Котка Россия
793370566,Обувь форменная для взрослых,защита: от общих производственных загрязнений от
793370566,Обувь форменная для взрослых,нефти: нефтепродуктов кислот щелочей
793370566,Обувь форменная для взрослых,Модель: : Полуботинки форменные р.42
793370566,Обувь форменная для взрослых,Обувь: форменная для взрослых Верх обуви : кожа
793370566,Обувь форменная для взрослых,натуральная: Защитные носки : термопласт Метод
793370566,Обувь форменная для взрослых,подкладочная: Подошва : термоэластопласт Цвет : черный
793370566,Обувь форменная для взрослых,32 см
793370566,Обувь форменная для взрослых,Подносок: : Да Половой признак : Мужской Размер :
793370566,Обувь форменная для взрослых,Размер: 44.00000 размер Страна происхождения : Россия Утеп
793370572,Обувь с верхом из текстильных материалов,Обувь: с верхом из текстильных материалов Верх
793370572,Обувь с верхом из текстильных материалов,Пол: женский Цвет : синий Размер обуви : 39 М
793370572,Обувь с верхом из текстильных материалов,обуви: : х б ткань Материал подошвы : ПВХ Метод
793370572,Обувь с верхом из текстильных материалов,текстильные: «Эмануэла»
793370572,Обувь с верхом из текстильных материалов,2011 Г
793370572,Обувь с верхом из текстильных материалов,Верх: обуви : натуральная кожа Подкладка :
793370572,Обувь с верхом из текстильных материалов,Подошва: : однослойный полиуретан Цвет : черный
793370572,Обувь с верхом из текстильных материалов,Размер: 45 Модель : Туфли мужские «Дима» черные 
793370572,Обувь с верхом из текстильных материалов,Россия
793370572,Обувь с верхом из текстильных материалов,крепления: литьевой Стандарты : ТР ТС 019 2011 ГОСТ
793370572,Обувь с верхом из текстильных материалов,черные: Россия
793370572,Обувь с верхом из текстильных материалов,Модель: Полуботинки кроссовые (кроссовки) Россия
793370572,Обувь с верхом из текстильных материалов,синий: размер : 47 Модель : Полуботинки
793370572,Обувь с верхом из текстильных материалов,Метод: крепления : литьевой Цвет : синий размер
793370572,Обувь с верхом из текстильных материалов,Модель: : Туфли мужские текстильные «Андрей»
793370578,Обувь валяная,2011 М
793370578,Обувь валяная,III: IV и особом климатических поясах
793370578,Обувь валяная,Материал: верха обуви : Натуральная шерсть
793370578,Обувь валяная,Материал: подошвы : Резина размер : 23 (36) Вид
793370578,Обувь валяная,Модель: Обувь валяная специальная от пониженных 
793370578,Обувь валяная,Назначение: : Рекомендованы для эксплуатации во II
793370578,Обувь валяная,Обувь: валяная Стандарты : ТР ТС 019 2011
793370578,Обувь валяная,Россия
793370578,Обувь валяная,размер: 34 (47) Вид размера : Стандартный Модель : Обувь в
793370578,Обувь валяная,подошвы: Резина Вид размера : Стандартный размер 
793370578,Обувь валяная,размер: 33 (46) Модель : Обувь валяная специальная от пони
793370578,Обувь валяная,SALMA: LBL) Китай
793370578,Обувь валяная,Китай
793370578,Обувь валяная,Модель: Туфли женские «Сальма» (SALMA LBL) Китай
793370578,Обувь валяная,Обувь: валяная Цвет изделия : белый с голубым
793370580,Обувь с защитным металлическим подноском,DURA: RETOR Подошва : двухслойная полиуретан +
793370580,Обувь с защитным металлическим подноском,Материал: верха : кожа натуральная и материал ON
793370580,Обувь с защитным металлическим подноском,Мун: 200) Метод крепления : литьевой Вид
793370580,Обувь с защитным металлическим подноском,Обувь: с защитным металлическим подноском
793370580,Обувь с защитным металлическим подноском,Полуботинки: мужские кожаные Неогард-Лайт® Антистат с
793370580,Обувь с защитным металлическим подноском,Проколозащитная: стелька : неметаллические Модель :
793370580,Обувь с защитным металлическим подноском,Россия
793370580,Обувь с защитным металлическим подноском,Цвет: Черный Подкладка : полотно DERMODRY COOL
793370580,Обувь с защитным металлическим подноском,внутренними: защитными носками из композитного
793370580,Обувь с защитным металлическим подноском,Вид: размера : Стандартный Модель :
793370580,Обувь с защитным металлическим подноском,Размер: 43 Модель : Полуботинки мужские кожаные Неогард-Ла
793370580,Обувь с защитным металлическим подноском,Модель: Ботинки кожаные «Билд» утепленные с мета
793370580,Обувь с защитным металлическим подноском,Назначение: Подошва двухслойная (устойчивая к воздействию хими
793370580,Обувь с защитным металлическим подноском,Описание: : Подкладка и вкладная стелька из меха
793370580,Обувь с защитным металлическим подноском,Размер: 41 Вид размера : Стандартный Вид товаров : Обувь В
793370590,Обувь специальная диэлектрическая,2011 М
793370590,Обувь специальная диэлектрическая,Боты: диэлектрические Россия
793370590,Обувь специальная диэлектрическая,Виды: обуви специальной : Обувь специальная
793370590,Обувь специальная диэлектрическая,Обувь: специальная диэлектрическая Половой
793370590,Обувь специальная диэлектрическая,Размер: 42 Вид продукции : Товары Виды обуви : Обувь специ
793370590,Обувь специальная диэлектрическая,Россия
793370590,Обувь специальная диэлектрическая,Стандарты: : ТР ТС 019 2011 Метод крепления :
793370590,Обувь специальная диэлектрическая,диэлектрическая: Вид товара : Боты диэлектрические Модель
793370590,Обувь специальная диэлектрическая,признак: : Универсальные Цвет : кремовый
793370590,Обувь специальная диэлектрическая,Материал: верха обуви : резина Материал подошвы :
793370590,Обувь специальная диэлектрическая,Назначение: : Боты обеспечивают дополнительную
793370590,Обувь специальная диэлектрическая,Размер: 43.00000 размер Модель : Боты диэлектрич
793370590,Обувь специальная диэлектрическая,защита: от электрического тока напряжением 1кВ
793370590,Обувь специальная диэлектрическая,или: мокрого снега. Размер : 43.00000 размер
793370590,Обувь специальная диэлектрическая,работе: в электроустановках закрытого типа а
793370592,Обувь специальная из полимерных материалов для защиты от механических воздействий для работающих в угольных шахтах и разрезах,2011 М
793370592,Обувь специальная из полимерных материалов для защиты от механических воздействий для работающих в угольных шахтах и разрезах,Китай
793370592,Обувь специальная из полимерных материалов для защиты от механических воздействий для работающих в угольных шахтах и разрезах,Модель: Полуботинки «БАЛТО» (BALTO) с внутренним
793370592,Обувь специальная из полимерных материалов для защиты от механических воздействий для работающих в угольных шахтах и разрезах,Обувь: специальная из полимерных материалов для
793370592,Обувь специальная из полимерных материалов для защиты от механических воздействий для работающих в угольных шахтах и разрезах,Подошва: двухслойная этиленвинилацетат (ЭВА) + ни
793370592,Обувь специальная из полимерных материалов для защиты от механических воздействий для работающих в угольных шахтах и разрезах,Размер: 40 Вид размера : Стандартный Вид товаров : Обувь В
793370592,Обувь специальная из полимерных материалов для защиты от механических воздействий для работающих в угольных шахтах и разрезах,Стандартный: Вид товаров : Обувь Виды обуви : Обувь
793370592,Обувь специальная из полимерных материалов для защиты от механических воздействий для работающих в угольных шахтах и разрезах,Цвет: черный Подкладка : нейлоновая сетка Стан
793370592,Обувь специальная из полимерных материалов для защиты от механических воздействий для работающих в угольных шахтах и разрезах,защиты: от механических воздействий для
793370592,Обувь специальная из полимерных материалов для защиты от механических воздействий для работающих в угольных шахтах и разрезах,механических: воздействий для работающих в угольных
793370592,Обувь специальная из полимерных материалов для защиты от механических воздействий для работающих в угольных шахтах и разрезах,Стандарты: ТР ТС 019 2011 Метод крепления : клеевой
793370592,Обувь специальная из полимерных материалов для защиты от механических воздействий для работающих в угольных шахтах и разрезах,обуви: Обувь специальная Виды обуви специальной
793370592,Обувь специальная из полимерных материалов для защиты от механических воздействий для работающих в угольных шахтах и разрезах,1650 г
793370592,Обувь специальная из полимерных материалов для защиты от механических воздействий для работающих в угольных шахтах и разрезах,Материал: 100 ПВХ процент (%) Утеплитель : 100 полиэфир проц
793370592,Обувь специальная из полимерных материалов для защиты от механических воздействий для работающих в угольных шахтах и разрезах,Модель: Сапоги ПВХ мужские «Внедорожник 4x4» с надставкой
793370594,Обувь специальная кожаная для защиты от механических воздействий,Защитные: носки : композитный материал (Мун 200).
793370594,Обувь специальная кожаная для защиты от механических воздействий,Количество: слоев подошвы : 2 Материал верха обуви :
793370594,Обувь специальная кожаная для защиты от механических воздействий,Модель: Ботинки мужские кожаные Юнигард® Россия
793370594,Обувь специальная кожаная для защиты от механических воздействий,Назначение: для работы в нефтегазовой энергетической химическо
793370594,Обувь специальная кожаная для защиты от механических воздействий,Обувь: специальная кожаная для защиты от
793370594,Обувь специальная кожаная для защиты от механических воздействий,Подкладка: : полотно ARTICO полиэфирное полотно.
793370594,Обувь специальная кожаная для защиты от механических воздействий,Полнота: 9 Размер : 40 Вид размера : Стандартный 
793370594,Обувь специальная кожаная для защиты от механических воздействий,Половой: признак : мужской Стандарты : ТР ТС 019
793370594,Обувь специальная кожаная для защиты от механических воздействий,Россия
793370594,Обувь специальная кожаная для защиты от механических воздействий,кожа: натуральная. Материал подошвы :
793370594,Обувь специальная кожаная для защиты от механических воздействий,крепления: подошвы : литьевой. Назначение : для
793370594,Обувь специальная кожаная для защиты от механических воздействий,Заключение: минпромторга рф : 1 Защитные носки :
793370594,Обувь специальная кожаная для защиты от механических воздействий,Размер: 47 Стандарты : ТР ТС 019 2011 Толщина ко
793370594,Обувь специальная кожаная для защиты от механических воздействий,кожи: : 1 8-2 0 мм Цвет : черный Модель :
793370594,Обувь специальная кожаная для защиты от механических воздействий,Вид: размера : Стандартный Модель : Ботинки
793370596,"Обувь специальная кожаная для защиты от нефти, нефтепродуктов, кислот, щелочей, нетоксичной и взрывоопасной пыли",Ботинки: кожаные «Билд» Россия
793370596,"Обувь специальная кожаная для защиты от нефти, нефтепродуктов, кислот, щелочей, нетоксичной и взрывоопасной пыли",Верх: обуви : кожа натуральная Размер : 44 Вид
793370596,"Обувь специальная кожаная для защиты от нефти, нефтепродуктов, кислот, щелочей, нетоксичной и взрывоопасной пыли",Обувь: специальная кожаная для защиты от нефти
793370596,"Обувь специальная кожаная для защиты от нефти, нефтепродуктов, кислот, щелочей, нетоксичной и взрывоопасной пыли",Подошва: двухслойная полиуретан + полиуретан Мето
793370596,"Обувь специальная кожаная для защиты от нефти, нефтепродуктов, кислот, щелочей, нетоксичной и взрывоопасной пыли",Размер: 44 Вид размера : Стандартный Полнота : 10 Модель :
793370596,"Обувь специальная кожаная для защиты от нефти, нефтепродуктов, кислот, щелочей, нетоксичной и взрывоопасной пыли",Россия
793370596,"Обувь специальная кожаная для защиты от нефти, нефтепродуктов, кислот, щелочей, нетоксичной и взрывоопасной пыли",нефтепродуктов: кислот щелочей нетоксичной и
793370596,"Обувь специальная кожаная для защиты от нефти, нефтепродуктов, кислот, щелочей, нетоксичной и взрывоопасной пыли",полиуретан: Метод крепления : литьевой Подкладка :
793370596,"Обувь специальная кожаная для защиты от нефти, нефтепродуктов, кислот, щелочей, нетоксичной и взрывоопасной пыли",полиэстер: + полотно иглопробивное + кожа из спилка
793370596,"Обувь специальная кожаная для защиты от нефти, нефтепродуктов, кислот, щелочей, нетоксичной и взрывоопасной пыли",Полнота: : 10 Верх обуви : кожа натуральная
793370596,"Обувь специальная кожаная для защиты от нефти, нефтепродуктов, кислот, щелочей, нетоксичной и взрывоопасной пыли",Размер: 37 Вид размера : Стандартный Модель : Ботинки кожа
793370596,"Обувь специальная кожаная для защиты от нефти, нефтепродуктов, кислот, щелочей, нетоксичной и взрывоопасной пыли",размера: Стандартный Модель : Ботинки кожаные «Би
793370596,"Обувь специальная кожаная для защиты от нефти, нефтепродуктов, кислот, щелочей, нетоксичной и взрывоопасной пыли",Вид: товаров : Обувь Виды обуви : Обувь
793370596,"Обувь специальная кожаная для защиты от нефти, нефтепродуктов, кислот, щелочей, нетоксичной и взрывоопасной пыли",Модель: Ботинки кожаные «Гулливер» утепленные с 
793370596,"Обувь специальная кожаная для защиты от нефти, нефтепродуктов, кислот, щелочей, нетоксичной и взрывоопасной пыли",Цвет: черный Подошва : однослойный полиуретан 
793370598,Обувь специальная кожаная для защиты от повышенных температур,Обувь: специальная кожаная для защиты от
793370598,Обувь специальная кожаная для защиты от повышенных температур,Подкладка: мех натуральный (овчина) Материал подошв
793370598,Обувь специальная кожаная для защиты от повышенных температур,Россия
793370598,Обувь специальная кожаная для защиты от повышенных температур,Цвет: черный Модель : Сапоги кожаные «Супер Юта» утеплен
793370598,Обувь специальная кожаная для защиты от повышенных температур,литьевой: с последующей вулканизацие Подкладка :
793370598,Обувь специальная кожаная для защиты от повышенных температур,носками: р 42 Россия
793370598,Обувь специальная кожаная для защиты от повышенных температур,обуви: кожа натуральная термоустойчивая Метод к
793370598,Обувь специальная кожаная для защиты от повышенных температур,однослойная: нитрильная резина Размер обуви : 42 Цвет
793370598,Обувь специальная кожаная для защиты от повышенных температур,утепленные: с композитными внутренними защитными
793370598,Обувь специальная кожаная для защиты от повышенных температур,300 М
793370598,Обувь специальная кожаная для защиты от повышенных температур,Ботинки: кожаные «Сварщик» с композитными
793370598,Обувь специальная кожаная для защиты от повышенных температур,Композит: с резиновым уплотнителем с
793370598,Обувь специальная кожаная для защиты от повышенных температур,Материал: подошвы : Однослойная нитрильная резина.
793370598,Обувь специальная кожаная для защиты от повышенных температур,Материал: сохраняет защитные свойства при контакте
793370598,Обувь специальная кожаная для защиты от повышенных температур,Метод: крепления подошвы :
793370600,Обувь специальная кожаная для защиты от скольжения по зажиренным поверхностям,Вид: размера : Стандартный Модель :
793370600,Обувь специальная кожаная для защиты от скольжения по зажиренным поверхностям,Китай
793370600,Обувь специальная кожаная для защиты от скольжения по зажиренным поверхностям,Модель: Полуботинки женские «Камиль» (CAMILLE) К
793370600,Обувь специальная кожаная для защиты от скольжения по зажиренным поверхностям,Обувь: специальная кожаная для защиты от
793370600,Обувь специальная кожаная для защиты от скольжения по зажиренным поверхностям,Подкладка: сетка (mesh) Цвет : белый Верх обуви : и
793370600,Обувь специальная кожаная для защиты от скольжения по зажиренным поверхностям,Подошва: промежуточный слой – ЭВА ходовой – резин
793370600,Обувь специальная кожаная для защиты от скольжения по зажиренным поверхностям,искусственная: кожа Метод крепления : клеевой Размер :
793370600,Обувь специальная кожаная для защиты от скольжения по зажиренным поверхностям,крепления: клеевой Размер : 36 Вид размера : Станда
793370600,Обувь специальная кожаная для защиты от скольжения по зажиренным поверхностям,скольжения: по зажиренным поверхностям Подошва :
793370600,Обувь специальная кожаная для защиты от скольжения по зажиренным поверхностям,Вид: товаров : Обувь Виды обуви : Обувь
793370600,Обувь специальная кожаная для защиты от скольжения по зажиренным поверхностям,Модель: Женские туфли (типа сабо) «Леон медикал»
793370600,Обувь специальная кожаная для защиты от скольжения по зажиренным поверхностям,Стандарты: ТР ТС 019 2011 Цвет : черный Подошва : п
793370600,Обувь специальная кожаная для защиты от скольжения по зажиренным поверхностям,зажиренным: поверхностям Модель : Женские туфли
793370600,Обувь специальная кожаная для защиты от скольжения по зажиренным поверхностям,размера: Стандартный Размер : 37 Вид товаров : Об
793370600,Обувь специальная кожаная для защиты от скольжения по зажиренным поверхностям,Ботинки: кожаные «СКАУТ» (SCOUT) Китай
793370602,Сапоги резиновые формовые,Модель: Сапоги ПВХ-нитрил «Еврофорт» с металличе
793370602,Сапоги резиновые формовые,Подошва: : ПВХ с добавлением нитрильного каучука
793370602,Сапоги резиновые формовые,Полнота: 12 Размер (штихмассовый) : 38 Цвет. : че
793370602,Сапоги резиновые формовые,Россия
793370602,Сапоги резиновые формовые,крепления: подошвы : литьевой Подкладка : трикотаж
793370602,Сапоги резиновые формовые,металлическим: внутренним защитным носком р. 41 Россия
793370602,Сапоги резиновые формовые,носок: : металлический (Мун 200) Метод
793370602,Сапоги резиновые формовые,33.00000 см
793370602,Сапоги резиновые формовые,Высота: 33.00000 см Материал подошвы : ЭВА Разме
793370602,Сапоги резиновые формовые,Материал: подошвы : ЭВА Размер обуви : Стандартный
793370602,Сапоги резиновые формовые,Сапоги: резиновые формовые Защитные свойства
793370602,Сапоги резиновые формовые,ЭВА: с пластиковым подноском «Нордман Актив
793370602,Сапоги резиновые формовые,высококачественного: пластиката допускающего круглогодичную
793370602,Сапоги резиновые формовые,обуви: : Сапоги изготовлены из
793370602,Сапоги резиновые формовые,обуви: Стандартный размер : 46-47 Модель : Сапо
793370606,Кроссовки,Кроссовки: Цвет : темно-синий Размер : 39.00000
793370606,Кроссовки,Нет: Материал подошвы : полиуретан Материал
793370606,Кроссовки,Россия
793370606,Кроссовки,Стандарты: : ГОСТ 21167-2005
793370606,Кроссовки,верха: : велюр кожевенный Метод крепления
793370606,Кроссовки,подошвы: : литьевой Половой признак : N A
793370606,Кроссовки,происхождения: Россия Коллекция : Нет Материал подошвы 
793370608,Галоши резиновые клееные для взрослых,2011 М
793370608,Галоши резиновые клееные для взрослых,Галоши: резиновые клееные для взрослых Метод
793370608,Галоши резиновые клееные для взрослых,Материал: морозостойкая резина 100 процент (%) Вид
793370608,Галоши резиновые клееные для взрослых,Модель: Галоши на валенки НМС Россия
793370608,Галоши резиновые клееные для взрослых,Размер: 28 Стандарты : ТР ТС 019 2011 Материал : морозосто
793370608,Галоши резиновые клееные для взрослых,Россия
793370608,Галоши резиновые клееные для взрослых,крепления: подошвы : Формовой Размер : 28 Стандарты
793370608,Галоши резиновые клееные для взрослых,Стандарты: : ТР ТС 019 2011 Метод крепления :
793370608,Галоши резиновые клееные для взрослых,процент: (%) Вид товара : галоши на валенки Вид
793370612,Туфли на подошве и с верхом из резины или пластмассы повседневная,smart: (ЭВА) Стандарты : ТР ТС 019 2011
793370612,Туфли на подошве и с верхом из резины или пластмассы повседневная,Вид: размера : Стандартный Модель : Туфли
793370612,Туфли на подошве и с верхом из резины или пластмассы повседневная,Описание: : Удобная анатомическая колодка и
793370612,Туфли на подошве и с верхом из резины или пластмассы повседневная,Россия
793370612,Туфли на подошве и с верхом из резины или пластмассы повседневная,Туфли: на подошве и с верхом из резины или
793370612,Туфли на подошве и с верхом из резины или пластмассы повседневная,Цвет: белый Верх обуви : DEC-smart (ЭВА) Станд
793370612,Туфли на подошве и с верхом из резины или пластмассы повседневная,возможность: дискомфорта во время носки. Размер : 41
793370612,Туфли на подошве и с верхом из резины или пластмассы повседневная,летние: (типа сабо) «Нордман Шарк С» (ЭВА) белые
793370612,Туфли на подошве и с верхом из резины или пластмассы повседневная,полуприлегающая: посадка на стопе снижают до минимума
793370612,Туфли на подошве и с верхом из резины или пластмассы повседневная,2011 В
793370612,Туфли на подошве и с верхом из резины или пластмассы повседневная,Размер: 36 Модель : Туфли летние (типа сабо) «Но
793370612,Туфли на подошве и с верхом из резины или пластмассы повседневная,снижают: до минимума возможность дискомфорта во
793370612,Туфли на подошве и с верхом из резины или пластмассы повседневная,дискомфорта: во время носки. Стандарты : ТР ТС 019
793370612,Туфли на подошве и с верхом из резины или пластмассы повседневная,пластмассы: повседневная Описание : Удобная
793370612,Туфли на подошве и с верхом из резины или пластмассы повседневная,Амортизация: : Улучшенные амортизационные
793370618,Обувь зимняя с верхом из кожи,Обувь: зимняя с верхом из кожи Вид застежки :
793370618,Обувь зимняя с верхом из кожи,Подошва: : термопластичный полиуретан Размер
793370618,Обувь зимняя с верхом из кожи,Россия
793370618,Обувь зимняя с верхом из кожи,Стелька: Evanit из ЭВА Утеплитель : Тинсулейт® В-
793370618,Обувь зимняя с верхом из кожи,Цвет: : черный Модель : Ботинки женские
793370618,Обувь зимняя с верхом из кожи,застежки: шнурки Материал верха : натуральная кожа
793370618,Обувь зимняя с верхом из кожи,кожаные: утепленные Oksana S3 CI SRC (Оксана)
793370618,Обувь зимняя с верхом из кожи,крепления: литьевой Подкладка : Windterm материал я
793370618,Обувь зимняя с верхом из кожи,языка: ботинка и внешней подкладки – кожа
793370618,Обувь зимняя с верхом из кожи,Италия
793370618,Обувь зимняя с верхом из кожи,Полар: Фокс» (пр-во M&G Италия) р 42-43 РУМЫНИЯ
793370618,Обувь зимняя с верхом из кожи,Размер: обуви : 42-43 Утеплитель : вкладной
793370618,Обувь зимняя с верхом из кожи,Цвет: черный Модель : Сапоги зимние «Полар Фокс» (пр-во
793370618,Обувь зимняя с верхом из кожи,слоев: которого является металлизированная
793370618,Обувь зимняя с верхом из кожи,чулок: из четырехслойного полотна одним из
793370620,Обувь летняя с верхом из кожи,RETOR: Размер : 47 Вид размера : Стандартный
793370620,Обувь летняя с верхом из кожи,Вид: товаров : Обувь Виды обуви : Обувь с
793370620,Обувь летняя с верхом из кожи,Модель: Полуботинки мужские кожаные Юнигард® Россия
793370620,Обувь летняя с верхом из кожи,Назначение: для работы в нефтегазовой энергетической химическо
793370620,Обувь летняя с верхом из кожи,Обувь: летняя с верхом из кожи Модель :
793370620,Обувь летняя с верхом из кожи,Подкладка: : полотно ARTICO (Артико) PLUTON
793370620,Обувь летняя с верхом из кожи,Подошва: : двухслойная полиуретан +
793370620,Обувь летняя с верхом из кожи,Россия
793370620,Обувь летняя с верхом из кожи,Цвет: черный Подошва : двухслойная полиуретан 
793370620,Обувь летняя с верхом из кожи,0.90000 кг
793370620,Обувь летняя с верхом из кожи,Подошва: однослойный полиуретан Половой признак :
793370620,Обувь летняя с верхом из кожи,Полнота: 9 Цвет : Чёрный Размер : 38 Модель : Пол
793370620,Обувь летняя с верхом из кожи,Половой: признак : мужской Полнота : 9 Цвет :
793370620,Обувь летняя с верхом из кожи,брутто: 0.90000 кг Материал верха : натуральная 
793370620,Обувь летняя с верхом из кожи,кожаные: МБС
793370622,Обувь осенне-весенняя с верхом из кожи,Верх: обуви : кожа натуральная водостойкая
793370622,Обувь осенне-весенняя с верхом из кожи,Германия
793370622,Обувь осенне-весенняя с верхом из кожи,Защитные: носки : металлические (Мун 200) Метод
793370622,Обувь осенне-весенняя с верхом из кожи,Модель: Ботинки «Моушн Лайт» (69862) р. 40 Герма
793370622,Обувь осенне-весенняя с верхом из кожи,Обувь: осенне-весенняя с верхом из кожи
793370622,Обувь осенне-весенняя с верхом из кожи,Подошва: двухслойная полиуретан размер : 40 Цвет 
793370622,Обувь осенне-весенняя с верхом из кожи,Проколозащитные: прокладки : металлические Полнота : 11
793370622,Обувь осенне-весенняя с верхом из кожи,крепления: подошвы : литьевой Подкладка :
793370622,Обувь осенне-весенняя с верхом из кожи,текстильное: полотно Подошва : двухслойная полиуретан
793370622,Обувь осенне-весенняя с верхом из кожи,44.00000 см
793370622,Обувь осенне-весенняя с верхом из кожи,Высота: 44.00000 см Манжета : сверхпрочная водон
793370622,Обувь осенне-весенняя с верхом из кожи,Модель: : Сапоги «НордМан Классик» утепленные с
793370622,Обувь осенне-весенняя с верхом из кожи,Подошва: ЭВА Размер универсальный : 45-46 Темпера
793370622,Обувь осенне-весенняя с верхом из кожи,Россия
793370622,Обувь осенне-весенняя с верхом из кожи,Цвет: : черный Вид товаров : Обувь Виды обуви
793370624,Обувь повседневная с верхом из кожи,Модель: : Туфли мужские «Дима» черные
793370624,Обувь повседневная с верхом из кожи,Обувь: повседневная с верхом из кожи Материал
793370624,Обувь повседневная с верхом из кожи,Подкладка: натуральная подкладочная кожа Подошва : 
793370624,Обувь повседневная с верхом из кожи,признак: : мужской Цвет : черный Размер : 43
793370624,Обувь повседневная с верхом из кожи,Метод: крепления : литьевой Половой признак :
793370624,Обувь повседневная с верхом из кожи,Цвет: белый Модель : Туфли женские «Эмануэла» 
793370624,Обувь повседневная с верхом из кожи,Полуботинки: женские кожаные «Ника» бежевые
793370624,Обувь повседневная с верхом из кожи,Антистатический: : нет Заключение Минпромторга РФ : да
793370624,Обувь повседневная с верхом из кожи,Подносок: : 0 Половой признак : женский Размер :
793370624,Обувь повседневная с верхом из кожи,Размер: 35 Стандарты : ГОСТ Р 12.4.187 ТР ТС 019
793370624,Обувь повседневная с верхом из кожи,Россия
793370624,Обувь повседневная с верхом из кожи,Сабо: женские «Эмануэла» белые р.35 Россия
793370624,Обувь повседневная с верхом из кожи,Стелька: неприменимо Цвет : белый Честный знак : 
793370624,Обувь повседневная с верхом из кожи,"Модель: : Сабо женские ""Алми"" (арт.4202-00101)"
793370624,Обувь повседневная с верхом из кожи,Особенности: : наличие перекидного ремешка с
793370684,"Платки (шали, парео), косынки (банданы)",142 г
793370684,"Платки (шали, парео), косынки (банданы)",40 см
793370684,"Платки (шали, парео), косынки (банданы)",Косынка: Россия
793370684,"Платки (шали, парео), косынки (банданы)",Материал: Бязь» отбеленная (100% хлопок) Длина : 9
793370684,"Платки (шали, парео), косынки (банданы)",Платки: (шали парео) косынки (банданы) Размер :
793370684,"Платки (шали, парео), косынки (банданы)",Размер: 54-62 Цвет : белый Ширина : 40 см Вид пр
793370684,"Платки (шали, парео), косынки (банданы)",Товары: Вид товаров : Одежда Виды одежды
793370684,"Платки (шали, парео), косынки (банданы)",Уборы: головные летние демисезонные Виды уборов
793370684,"Платки (шали, парео), косынки (банданы)",включая: форменную) головных уборов одежды
793370684,"Платки (шали, парео), косынки (банданы)",Материал: «Бязь» отбеленная Плотность материала : 142 гр м2
793370684,"Платки (шали, парео), косынки (банданы)",Форма: 3-х угольная Материал : «Бязь» отбеленна
793370684,"Платки (шали, парео), косынки (банданы)",Цвет: белый Модель : Косынка Россия
793371056,Ограждения металлические барьерные,0.93000 кг
793371056,Ограждения металлические барьерные,05 мм
793371056,Ограждения металлические барьерные,250 м
793371056,Ограждения металлические барьерные,75.00000 мм
793371056,Ограждения металлические барьерные,Длина: : 250 м Вес брутто : 0.93000 кг Ширина :
793371056,Ограждения металлические барьерные,Назначение: сигнальная лента Цвет : бело-красный Тол
793371056,Ограждения металлические барьерные,Ограждения: металлические барьерные Назначение :
793371056,Ограждения металлические барьерные,Россия
793371056,Ограждения металлические барьерные,Тип: Скотч Страна производства : Россия Длина
793371056,Ограждения металлические барьерные,Ширина: 75.00000 мм Модель : Лента
793371056,Ограждения металлические барьерные,Длина: 250 м Назначение : сигнальная лента Страна произво
793371056,Ограждения металлические барьерные,Модель: Лента Россия
793371056,Ограждения металлические барьерные,Тип: Скотч Толщина : 0 05 мм Цвет : бело-красный Ширина
793371954,Фартуки профессиональные,111.00000 см
793371954,Фартуки профессиональные,200 г
793371954,Фартуки профессиональные,Заказчик: Длина фартука : 85.00000 см Назначение
793371954,Фартуки профессиональные,Модель: - Россия
793371954,Фартуки профессиональные,Мужской: Способ поставки товара : По заявке
793371954,Фартуки профессиональные,Нет: Вид защиты : От воды и растворов
793371954,Фартуки профессиональные,Плотность: ткани : 200 гр м2 Половой признак :
793371954,Фартуки профессиональные,При: большом объеме талии пояс удобнее
793371954,Фартуки профессиональные,Россия
793371954,Фартуки профессиональные,Сопутствующие: услуги (изготовление и нанесение
793371954,Фартуки профессиональные,Фартуки: профессиональные В составе комплекта
793371954,Фартуки профессиональные,Цвет: : черный Вид продукции : Товары Вид
793371954,Фартуки профессиональные,0.20000 мм
793371954,Фартуки профессиональные,83 см
793371954,Фартуки профессиональные,Безопасен: для человека и продуктов питания.
793372516,Емкости для инструментов,0.12000 кг
793372516,Емкости для инструментов,00 мм
793372516,Емкости для инструментов,Вес: 0.12000 кг Назначение : Конструкция креп
793372516,Емкости для инструментов,"Модель: Сумка-крепёж для молотка ""Мастер"" Россия"
793372516,Емкости для инструментов,Назначение: : Конструкция крепежа для молотка
793372516,Емкости для инструментов,Россия
793372516,Емкости для инструментов,Цвет: : Черный Вид товаров : Товары для
793372516,Емкости для инструментов,инструмента: Емкости для инструментов Толщина материа
793372516,Емкости для инструментов,инструментального: : Приспособления для хранения и
793372516,Емкости для инструментов,Материал: : кожа 100 % (процент) Размеры : 150х120
793372516,Емкости для инструментов,Назначение: Сумка малая односекционная для саморезов
793372516,Емкости для инструментов,Описание: : Конструктивные элементы сумки
793372516,Емкости для инструментов,Размеры: 150х120 мм Модель : Сумка односекционная
793372516,Емкости для инструментов,Толщина: материала : 2 5-3 0 мм Цвет : черный
793372516,Емкости для инструментов,закреплены: заклёпками что защищает от разрыва
793373080,Перчаточные изделия бытового назначения,Виды: одежды (включая форменную) головных
793373080,Перчаточные изделия бытового назначения,Материал: Натуральная кожа Цвет : белый Вид продук
793373080,Перчаточные изделия бытового назначения,Модель: Перчатки кожаные Дакар Россия
793373080,Перчаточные изделия бытового назначения,Назначение: Для защиты рук от механических воздейств
793373080,Перчаточные изделия бытового назначения,Обеспечивают: хороший захват и высокую
793373080,Перчаточные изделия бытового назначения,Перчаточные: изделия бытового назначения Материал :
793373080,Перчаточные изделия бытового назначения,Размер: 8 Описание : Обеспечивают хороший захват
793373080,Перчаточные изделия бытового назначения,Россия
793373080,Перчаточные изделия бытового назначения,бытового: назначения Размер : 8 Описание :
793373080,Перчаточные изделия бытового назначения,дополнительный: комфорт в работе. Назначение : Для
793373080,Перчаточные изделия бытового назначения,100 а
793373080,Перчаточные изделия бытового назначения,Материал: вязаный трикотаж (акрил) Межподкладочный
793373080,Перчаточные изделия бытового назначения,Модель: Перчатки утепленные велюр-трикотаж с утеплителем Т
793373080,Перчаточные изделия бытового назначения,Размер: 9 Цвет : черный Сезон : Зима Материал подкладки :
793373080,Перчаточные изделия бытового назначения,Сезон: Зима Материал подкладки : Флис Половой п
793373234,"Приборы бытовые осветительные с питанием от батарей, аккумуляторов",1500 м
793373234,"Приборы бытовые осветительные с питанием от батарей, аккумуляторов",Китай
793373234,"Приборы бытовые осветительные с питанием от батарей, аккумуляторов",Модель: Фонарь налобный аккумуляторный «Яркий Луч» LH-160A
793373234,"Приборы бытовые осветительные с питанием от батарей, аккумуляторов",Основной: - CREE XP-G2 Дополнительные - Cob (для
793373234,"Приборы бытовые осветительные с питанием от батарей, аккумуляторов",Приборы: бытовые осветительные с питанием от
793373234,"Приборы бытовые осветительные с питанием от батарей, аккумуляторов",аккумулятора: 1500 мАч Комплектация : USB-кабель Режим
793373234,"Приборы бытовые осветительные с питанием от батарей, аккумуляторов",аккумулятора: встроенный литий-полимерный Время непрер
793373234,"Приборы бытовые осветительные с питанием от батарей, аккумуляторов",батарей: аккумуляторов Емкость аккумулятора :
793373234,"Приборы бытовые осветительные с питанием от батарей, аккумуляторов",освещения: : дальний и ближний свет Светодиод :
793373234,"Приборы бытовые осветительные с питанием от батарей, аккумуляторов",работы: 3–4 час (ч) Модель : Фонарь налобный акк
793375024,Ремни поясные,130.00000 см
793375024,Ремни поясные,5.00000 см
793375024,Ремни поясные,Длина: 130.00000 см Вид : Ремень поясной Описан
793375024,Ремни поясные,"Модель: : Ремень поясной ""Мастер"" Россия"
793375024,Ремни поясные,Ремень: поясной Описание : Возможна регулировка
793375024,Ремни поясные,Россия
793375024,Ремни поясные,"Ширина: 5.00000 см Цвет : черный Модель : Ремень поясной """
793375024,Ремни поясные,Вид: Ремень поясной со шлёвками для полуколец
793375024,Ремни поясные,Материал: кожа Описание : Подтяжки с плечевыми нак
793375024,Ремни поясные,Подтяжки: с плечевыми накладками подтяжки по росту
793375044,Обувь специальная из полимерных материалов для защиты от механических воздействий,Модель: Сапоги ПВХ «Форест» Россия
793375044,Обувь специальная из полимерных материалов для защиты от механических воздействий,Обувь: специальная из полимерных материалов для
793375044,Обувь специальная из полимерных материалов для защиты от механических воздействий,ПВХ: + нитрильный каучук. Метод крепления :
793375044,Обувь специальная из полимерных материалов для защиты от механических воздействий,Половой: признак : мужской Размер : 41 Размер
793375044,Обувь специальная из полимерных материалов для защиты от механических воздействий,Россия
793375044,Обувь специальная из полимерных материалов для защиты от механических воздействий,защиты: от механических воздействий Верх обуви :
793375044,Обувь специальная из полимерных материалов для защиты от механических воздействий,литьевой: Особенности модели : Сапоги Подошва :
793375044,Обувь специальная из полимерных материалов для защиты от механических воздействий,обуви: : Стандартный Цвет. : оливковый
793375044,Обувь специальная из полимерных материалов для защиты от механических воздействий,Размер: 42 Размер обуви : Стандартный Цвет. : ол
793375044,Обувь специальная из полимерных материалов для защиты от механических воздействий,полиэстер: Подошва : промежуточный слой :
793375044,Обувь специальная из полимерных материалов для защиты от механических воздействий,200 м
793375044,Обувь специальная из полимерных материалов для защиты от механических воздействий,Описание: Сапоги являются водонепроницаемыми. Цвет
793375044,Обувь специальная из полимерных материалов для защиты от механических воздействий,Подкладка: полиэстер процент (%) Верх обуви : ПВХ +
793375044,Обувь специальная из полимерных материалов для защиты от механических воздействий,Размер: 36 Вид размера : Стандартный Вид товаров : Обувь В
793375044,Обувь специальная из полимерных материалов для защиты от механических воздействий,Цвет: синий Метод крепления : литьевой Проколозащитная с
793375102,Детали и аксессуары для одежды форменной,45.00000 мм
793375102,Детали и аксессуары для одежды форменной,Высота: 45.00000 мм Материал ниток : шелк Место 
793375102,Детали и аксессуары для одежды форменной,Детали: и аксессуары для одежды форменной Высота
793375102,Детали и аксессуары для одежды форменной,Модель: вышивка Россия
793375102,Детали и аксессуары для одежды форменной,Россия
793375102,Детали и аксессуары для одежды форменной,Цвет: вышивки : фиолетовый Цвет материала :
793375102,Детали и аксессуары для одежды форменной,Ширина: 45.00000 мм Модель : вышивка Россия
793375102,Детали и аксессуары для одежды форменной,нашивки: : грудь Метод изготовления : вышивка
793375102,Детали и аксессуары для одежды форменной,83 мм
793375102,Детали и аксессуары для одежды форменной,Размер: 70*83 мм Стабилизатор : двойной флизелин
793375102,Детали и аксессуары для одежды форменной,Стабилизатор: : двойной флизелин Плотность застила :
793375102,Детали и аксессуары для одежды форменной,"Шевроны: ""Герб Москвы"" Россия"
793375102,Детали и аксессуары для одежды форменной,аксессуара: : шеврон Материал шеврона : сукно
793375102,Детали и аксессуары для одежды форменной,застила: 0.40000 мм Тип застила : татами сатин Мо
793375102,Детали и аксессуары для одежды форменной,"Модель: Шеврон ""Строительный комплекс Москвы"" мал. Россия"
793376396,Фильтры для общебольничного оборудования,200 м
793376396,Фильтры для общебольничного оборудования,Plum: Eyewash 200 мл для промывания глаз при
793376396,Фильтры для общебольничного оборудования,Модель: Средство увлажняющее офтальмологическое 
793376396,Фильтры для общебольничного оборудования,Состав: : содержит стерильный раствор хлорида
793376396,Фильтры для общебольничного оборудования,Фильтры: для общебольничного оборудования Область
793376396,Фильтры для общебольничного оборудования,вскрыта: то препарат хранится 3 5 года Модель :
793376396,Фильтры для общебольничного оборудования,годности: Если упаковка не вскрыта то препарат хра
793376396,Фильтры для общебольничного оборудования,инородных: тел (металлической или древесной стружки
793376396,Фильтры для общебольничного оборудования,использование: 1 Предназначен : для промывания глаз Сос
793376396,Фильтры для общебольничного оборудования,натрия: Способ применения : : струя жидкости для
793376396,Фильтры для общебольничного оборудования,5 кВт
793376396,Фильтры для общебольничного оборудования,ГОСТ: Р 53264-2009 п. 5.3 табл. 4 п. 7.14)
793376396,Фильтры для общебольничного оборудования,Габаритные: размеры : 110 х 87 5 см Комплектация :
793376396,Фильтры для общебольничного оборудования,Модель: Специальная огнезащитная накидка «Шанс» Россия
793376396,Фильтры для общебольничного оборудования,Назначение: : : Устойчивость к воздействию открытого
793382390,Перчатки смотровые/процедурные и хирургические,0.12000 мм
793382390,Перчатки смотровые/процедурные и хирургические,240 мм
793382390,Перчатки смотровые/процедурные и хирургические,Ansell: TouchNTuff® 92-500 (Тач-н-таф) (50 пар)
793382390,Перчатки смотровые/процедурные и хирургические,Вид: размера : Стандартный Модель : Перчатки
793382390,Перчатки смотровые/процедурные и хирургические,Длина: 240 мм Особенности : Используются в лабо
793382390,Перчатки смотровые/процедурные и хирургические,Обработаны: крахмалом. Поверхность области захвата :
793382390,Перчатки смотровые/процедурные и хирургические,Перчатки: смотровые процедурные и хирургические
793382390,Перчатки смотровые/процедурные и хирургические,Толщина: 0.12000 мм Размер : 9 5-10 Вид размера :
793382390,Перчатки смотровые/процедурные и хирургические,захвата: текстурированные кончики пальцев Покрыти
793382390,Перчатки смотровые/процедурные и хирургические,использоваться: для работ с продуктами питания.
793382390,Перчатки смотровые/процедурные и хирургические,Материал: нитрил Размер : 7 (S) Вид размера : Стан
793382390,Перчатки смотровые/процедурные и хирургические,Модель: Перчатки одноразовые нитриловые химическ
793382390,Перчатки смотровые/процедурные и хирургические,товара: : перчатки Материал : нитрил Размер : 9
793382390,Перчатки смотровые/процедурные и хирургические,Длина: 240 миллиметр (мм) Ширина : 0.15000 (миллиметр) Цв
793382390,Перчатки смотровые/процедурные и хирургические,Количество: в упаковке : 100 шт Длина : 240
793382485,Шапочки медицинские,170 г
793382485,Шапочки медицинские,62 см
793382485,Шапочки медицинские,"Модель: Шапочка ""Кротик"" Техноавиа цв. белый с принтом Рос"
793382485,Шапочки медицинские,Назначение: для персонала медицинских учреждений осо
793382485,Шапочки медицинские,Обхват: головы (горизонтальный обхват по
793382485,Шапочки медицинские,Россия
793382485,Шапочки медицинские,Техноавиа: цв. белый с принтом Россия
793382485,Шапочки медицинские,Цвет: : принт «Кротики» на белом фоне. Вид
793382485,Шапочки медицинские,материалы: Текстиль и полимерные изделия медицински
793382485,Шапочки медицинские,медицинские: Медицинские расходные материалы Вид това
793382485,Шапочки медицинские,2011 Г
793382485,Шапочки медицинские,ГОСТ: 12.4.280-2014 Цвет : белый Защитные
793382485,Шапочки медицинские,Модель: Шапочка «Медик» Россия
793382485,Шапочки медицинские,Ткань: 65 полиэфир 35 хлопок % Вид медицинские 
793382485,Шапочки медицинские,Цвет: белый Защитные свойства : Зо – защита от общих про
793382486,Салфетки,Вид: Чехол-салфетка для очков Материал : микр
793382486,Салфетки,Китай
793382486,Салфетки,Назначение: внутренняя сторона чехла предназначена д
793382486,Салфетки,Цвет: серый Модель : Чехол-салфетка для открыт
793382492,"Халат изолирующий, процедурный",164 см
793382492,"Халат изолирующий, процедурный",Застежка: кнопки Размер : 42 Рост : 158-164 см Рук
793382492,"Халат изолирующий, процедурный",Модель: : 52570-73 Россия
793382492,"Халат изолирующий, процедурный",Россия
793382492,"Халат изолирующий, процедурный",Ткань: смесовая Цвет : Белый Модель : 52570-73 
793382492,"Халат изолирующий, процедурный",Халат: изолирующий процедурный Застежка :
793382492,"Халат изолирующий, процедурный",Пол: женский Размер рост : 108 158-164 Состав
793382492,"Халат изолирующий, процедурный",Халат: женский «Бьянка-2» р.108 158-164 Россия
793382492,"Халат изолирующий, процедурный",Цвет: белый отделка – бирюзовая тесьма Модель 
793382492,"Халат изолирующий, процедурный",полиэфир: 35 хлопок % Ткань : «Старлайт» Цвет :
793382492,"Халат изолирующий, процедурный",205 г
793382492,"Халат изолирующий, процедурный",Размер: 100 Рост : 158-164 см Состав ткани : 65 полиэфир 3
793382492,"Халат изолирующий, процедурный",Цвет: белый Модель : Брюки женские «Бьянка-2» Россия
793382492,"Халат изолирующий, процедурный",ткани: 205 г кв.м Пол : женский Размер : 100 Ро
793382492,"Халат изолирующий, процедурный",92 см
793382493,Текстиль общего назначения,205 г
793382493,Текстиль общего назначения,Модель: : Брюки женские «Бьянка-2» Россия
793382493,Текстиль общего назначения,Плотность: : 205 грамм на квадраный метр Ткань
793382493,Текстиль общего назначения,Россия
793382493,Текстиль общего назначения,Текстиль: общего назначения Цвет : белый Защитные
793382493,Текстиль общего назначения,загрязнений: Вид размера : Стандартный Размер рост :
793382493,Текстиль общего назначения,основная: 65 полиэфир 35 хлопок процент (%) Модель
793382493,Текстиль общего назначения,размера: Стандартный Размер рост : 96 170-176 Пло
793382493,Текстиль общего назначения,свойства: : З – защита от общих производственных
793382493,Текстиль общего назначения,176 см
793382493,Текстиль общего назначения,Цвет: белый отделка – серо-голубой Модель : Ку
793382493,Текстиль общего назначения,добавления: эластана достигается за счет специальной
793382493,Текстиль общего назначения,Карманы: Накладные карманы сзади и по бокам Плотн
793382493,Текстиль общего назначения,Модель: Брюки мужские медицинские «Лотос» белые р.96 170-1
793382493,Текстиль общего назначения,Содержание: бамбука : 47 % Содержание микрофибры :
793382494,Одежда для пациента и посетителей,Застежка: на кнопки Материал : нетканный полипропи
793382494,Одежда для пациента и посетителей,Материал: нетканный полипропилен Плотность : 20 г м2 Размер
793382494,Одежда для пациента и посетителей,Нестерильный: Цвет : белый Модель : Халат одноразовый
793382494,Одежда для пациента и посетителей,Одежда: для пациента и посетителей Застежка : на
793382494,Одежда для пациента и посетителей,Россия
793382494,Одежда для пациента и посетителей,Воротник: отложной на стойке Застёжка : на липучка
793382494,Одежда для пациента и посетителей,Китай
793382494,Одежда для пациента и посетителей,Материал: первичный воздухопроницаемый нетканый по
793382494,Одежда для пациента и посетителей,Модель: Халат одноразовый «Визитер» (спанбонд) н
793382494,Одежда для пациента и посетителей,вставляются: в нетканое полотно без применения
793382494,Одежда для пациента и посетителей,липучках: белый Китай
793382494,Одежда для пациента и посетителей,термической: сварки и клея Материал : первичный
793382500,"Маска лицевая для защиты дыхательных путей, одноразового использования",Используется: в медицине косметологии пищевой
793382500,"Маска лицевая для защиты дыхательных путей, одноразового использования",Количество: в упаковке : 50 шт Количество слоев :
793382500,"Маска лицевая для защиты дыхательных путей, одноразового использования",Маска: лицевая для защиты дыхательных путей
793382500,"Маска лицевая для защиты дыхательных путей, одноразового использования",Материал: нетканый Назначение : Обеспечивает защиту от разли
793382500,"Маска лицевая для защиты дыхательных путей, одноразового использования",Модель: Маска медицинская (50 шт.) Россия
793382500,"Маска лицевая для защиты дыхательных путей, одноразового использования",Обеспечивает: защиту от различных патогенных микробов
793382500,"Маска лицевая для защиты дыхательных путей, одноразового использования",Россия
793382500,"Маска лицевая для защиты дыхательных путей, одноразового использования",встроенный: Одноразовая : да Регистрационное
793382500,"Маска лицевая для защиты дыхательных путей, одноразового использования",микроорганизмов: бактерий загрязняющих веществ из
793382500,"Маска лицевая для защиты дыхательных путей, одноразового использования",одноразового: использования Вид маски : медицинская
793382500,"Маска лицевая для защиты дыхательных путей, одноразового использования",промышленности: и т.д. Носовой фиксатор : гибкий
793382500,"Маска лицевая для защиты дыхательных путей, одноразового использования",слоев: 3.00000 шт Материал : нетканый Назначени
793382500,"Маска лицевая для защиты дыхательных путей, одноразового использования",спанбонд: СМС спанбонд Модель : Маска медицинская
793382500,"Маска лицевая для защиты дыхательных путей, одноразового использования",удостоверение: : № РЗН 2020 10189 Состав материала :
793382504,Средства индивидуальной защиты для медицинского персонала прочие,Материал: Брезент Назначение : Предназначены для з
793382504,Средства индивидуальной защиты для медицинского персонала прочие,Плотность: г м2 : 480.00000 Размер : 21 5 см Цвет :
793382504,Средства индивидуальной защиты для медицинского персонала прочие,Предназначены: для защиты рук от механических
793382504,Средства индивидуальной защиты для медицинского персонала прочие,Размер: 21 5 см Цвет : бежевый Модель : Рукавицы
793382504,Средства индивидуальной защиты для медицинского персонала прочие,Россия
793382504,Средства индивидуальной защиты для медицинского персонала прочие,Средства: индивидуальной защиты для медицинского
793382504,Средства индивидуальной защиты для медицинского персонала прочие,бежевый: Модель : Рукавицы из парусины
793382504,Средства индивидуальной защиты для медицинского персонала прочие,воздействий: и общих производственных загрязнений от
793382504,Средства индивидуальной защиты для медицинского персонала прочие,искр: брызг расплавленного металла и окалины.
793382504,Средства индивидуальной защиты для медицинского персонала прочие,персонала: прочие Материал : Брезент Назначение :
793382504,Средства индивидуальной защиты для медицинского персонала прочие,полульняной: Россия
793382504,Средства индивидуальной защиты для медицинского персонала прочие,Вес: 39 г Назначение : Обеспечивают хороший з
793382504,Средства индивидуальной защиты для медицинского персонала прочие,Модель: Перчатки трикотажные с латексным покрыти
793382504,Средства индивидуальной защиты для медицинского персонала прочие,Обеспечивают: хороший захват и повышают
793382504,Средства индивидуальной защиты для медицинского персонала прочие,Размер: : 10 Модель : Перчатки трикотажные с
793410076,Патроны и фильтры сменные для средств индивидуальной защиты органов дыхания,Модель: Фильтр противоаэрозольный (предфильтр) M
793410076,Патроны и фильтры сменные для средств индивидуальной защиты органов дыхания,Назначение: для дополнительной защиты и увеличения срока служб
793410076,Патроны и фильтры сменные для средств индивидуальной защиты органов дыхания,Патроны: и фильтры сменные для средств
793410076,Патроны и фильтры сменные для средств индивидуальной защиты органов дыхания,Сменный: фильтр (предфильтр) Назначение : для
793410076,Патроны и фильтры сменные для средств индивидуальной защиты органов дыхания,Стандарты: ТР ТС 019 2011 Температурный режим хране
793410076,Патроны и фильтры сменные для средств индивидуальной защиты органов дыхания,ТУРЦИЯ
793410076,Патроны и фильтры сменные для средств индивидуальной защиты органов дыхания,Температурный: режим хранения : от –10 до +50 °c Модель
793410076,Патроны и фильтры сменные для средств индивидуальной защиты органов дыхания,воздействий: аэрозолей (пыль дым туман) путем
793410076,Патроны и фильтры сменные для средств индивидуальной защиты органов дыхания,индивидуальной: защиты органов дыхания Вид товара :
793410076,Патроны и фильтры сменные для средств индивидуальной защиты органов дыхания,модель: 6101 (класс защиты P1 R) (пара) ТУРЦИЯ
793410076,Патроны и фильтры сменные для средств индивидуальной защиты органов дыхания,основного: сменного противогазового фильтра MFA от
793410076,Патроны и фильтры сменные для средств индивидуальной защиты органов дыхания,присоединения: его держателем FH70. Стандарты : ТР ТС
793410076,Патроны и фильтры сменные для средств индивидуальной защиты органов дыхания,2011 В
793410076,Патроны и фильтры сменные для средств индивидуальной защиты органов дыхания,Назначение: для защиты органов дыхания (в комплекте с лицевой
793410076,Патроны и фильтры сменные для средств индивидуальной защиты органов дыхания,лицевой: частью MFA) Температурный режим хранения
793410700,Поло спортивные для взрослых,188 см
793410700,Поло спортивные для взрослых,2011 В
793410700,Поло спортивные для взрослых,Застежка: пуговицы мм Плотность материала верха г 
793410700,Поло спортивные для взрослых,Модель: Сорочка с воротником «Поло» темно-синяя УЗБЕКИСТАН
793410700,Поло спортивные для взрослых,Нанесение: логотипа : 1 Размер рост : 120 182-188
793410700,Поло спортивные для взрослых,Поло: спортивные для взрослых Цвет :
793410700,Поло спортивные для взрослых,Рукав: короткий Силуэт : прямой Состав : 100 хл
793410700,Поло спортивные для взрослых,Стандарты: ТР ТС 017 2011 Вид размера : Стандартный
793410700,Поло спортивные для взрослых,материала: верха г м2 : 180.00000 Рукав : короткий
793410700,Поло спортивные для взрослых,синяя: Воротник : отложной воротничок укреплен
793410700,Поло спортивные для взрослых,синяя: УЗБЕКИСТАН
793410700,Поло спортивные для взрослых,Застежка: пуговицы мм Нанесение логотипа : 1 Плотн
793410700,Поло спортивные для взрослых,Размер: рост : 92 170-176 см Рукав : короткий
793411714,Медицинские наборы,1 см x 250 см
793411714,Медицинские наборы,100 мм
793411714,Медицинские наборы,14 см
793411714,Медицинские наборы,160x210
793411714,Медицинские наборы,210 см
793411714,Медицинские наборы,255 мм
793411714,Медицинские наборы,38 мм
793411714,Медицинские наборы,4 см x 10 см
793411714,Медицинские наборы,5 x 11
793411714,Медицинские наборы,700 г
793411714,Медицинские наборы,Комплектация: Жгут кровоостанавливающий 1 шт. Размер :
793411714,Медицинские наборы,Медицинские: наборы Комплектация : Жгут
793411714,Медицинские наборы,Модель: Аптечка Автомобильная ФЭСТ Россия
793411714,Медицинские наборы,Размер: 205x205x70 мм Фармакологическое действие : Аптечка
793411714,Медицинские наборы,Россия
793411966,Принадлежности и расходные материалы для хирургического оборудования,300 м
793411966,Принадлежности и расходные материалы для хирургического оборудования,Китай
793411966,Принадлежности и расходные материалы для хирургического оборудования,Модель: Фильтр противоаэрозольный UNIX P3 Китай
793411966,Принадлежности и расходные материалы для хирургического оборудования,Принадлежности: и расходные материалы для хирургического
793411966,Принадлежности и расходные материалы для хирургического оборудования,аэрозолей: : не более 300 мг куб.м Модель : Фильтр
793411966,Принадлежности и расходные материалы для хирургического оборудования,мес: Температурный режим эксплуатации : от
793411966,Принадлежности и расходные материалы для хирургического оборудования,оборудования: Вес в упаковке : 5 г Гарантийный срок :
793411966,Принадлежности и расходные материалы для хирургического оборудования,эксплуатации: от -40 до +40 [0*]С Защита при концентра
793412180,Самоспасатели пожарные изолирующие с химически связанным кислородом,10.00000 г
793412180,Самоспасатели пожарные изолирующие с химически связанным кислородом,118x203x213
793412180,Самоспасатели пожарные изолирующие с химически связанным кислородом,1500 г
793412180,Самоспасатели пожарные изолирующие с химически связанным кислородом,213 мм
793412180,Самоспасатели пожарные изолирующие с химически связанным кислородом,Вес: 1500 г Габаритные размеры : 118x203x213 
793412180,Самоспасатели пожарные изолирующие с химически связанным кислородом,Модель: : СПИ-20 Россия
793412180,Самоспасатели пожарные изолирующие с химически связанным кислородом,Назначение: при эвакуации в условиях пожара из здани
793412180,Самоспасатели пожарные изолирующие с химически связанным кислородом,Россия
793412180,Самоспасатели пожарные изолирующие с химически связанным кислородом,Самоспасатели: пожарные изолирующие с химически
793412180,Самоспасатели пожарные изолирующие с химически связанным кислородом,видах: транспорта и в метро. Срок службы :
793412180,Самоспасатели пожарные изолирующие с химически связанным кислородом,диапазон: эксплуатации : от -10 до +60 градус
793412180,Самоспасатели пожарные изолирующие с химически связанным кислородом,особенности: высотных гостиниц при авариях на всех
793412180,Самоспасатели пожарные изолирующие с химически связанным кислородом,связанным: кислородом Вес : 1500 г Габаритные
793412180,Самоспасатели пожарные изолирующие с химически связанным кислородом,хранения: 5.00000 г Температурный диапазон эксплуа
793412180,Самоспасатели пожарные изолирующие с химически связанным кислородом,Модель: : Универсальный фильтрующий
793413026,Перчатки резиновые общего назначения (кроме медицинских),025 мм
793413026,Перчатки резиновые общего назначения (кроме медицинских),Вид: материала : Полиэтилен Длина перчатки :
793413026,Перчатки резиновые общего назначения (кроме медицинских),Перчатки: резиновые общего назначения (кроме
793413026,Перчатки резиновые общего назначения (кроме медицинских),Размер: M L Стерильность : 0 Тип : перчатки одно
793413026,Перчатки резиновые общего назначения (кроме медицинских),Россия
793413026,Перчатки резиновые общего назначения (кроме медицинских),Толщина: 0 025 мм Цвет : прозрачный Модель : 6301
793413026,Перчатки резиновые общего назначения (кроме медицинских),прозрачный: Модель : 6301 6302 MHDPE003T50 Россия
793413026,Перчатки резиновые общего назначения (кроме медицинских),Вид: упаковки : упаковка-диспенсер Длина
793413026,Перчатки резиновые общего назначения (кроме медицинских),Модель: (50 пар)
793413026,Перчатки резиновые общего назначения (кроме медицинских),Назначение: для использования в косметологии и клининге в дома
793413026,Перчатки резиновые общего назначения (кроме медицинских),Размер: 7-8 5 Состав : полиэтилен низкого давлен
793413026,Перчатки резиновые общего назначения (кроме медицинских),Состав: : полиэтилен низкого давления (ПНД) Тип
793413026,Перчатки резиновые общего назначения (кроме медицинских),защиты: рук от грязи и влаги Размер : 7-8 5
793413026,Перчатки резиновые общего назначения (кроме медицинских),перчатки: : 300.00000 мм Количество пар в упаковке
793413026,Перчатки резиновые общего назначения (кроме медицинских),рабочей: поверхности : гладкие Толщина : 0.03000
793413032,Перчатки хозяйственные трикотажные,Материал: покрытия : ПВХ Назначение : для защиты
793413032,Перчатки хозяйственные трикотажные,Назначение: для защиты рук от механических воздейств
793413032,Перчатки хозяйственные трикотажные,Перчатки: хозяйственные трикотажные Класс вязки :
793413032,Перчатки хозяйственные трикотажные,Размер: 8 Модель : Перчатки трикотажные «Волна» 
793413032,Перчатки хозяйственные трикотажные,Россия
793413032,Перчатки хозяйственные трикотажные,Цвет: : основной-бежевый отделка-голубой
793413032,Перчатки хозяйственные трикотажные,желтый: Материал основы : 90 хлопок 10 полиэфир
793413032,Перчатки хозяйственные трикотажные,Материал: Основа – прочная х б ткань наладонник – 
793413032,Перчатки хозяйственные трикотажные,Размер: 2 Стандарт : ГОСТ 12.4.010-75 Модель : Р
793413032,Перчатки хозяйственные трикотажные,воздействий: при грубой и тяжелой работе Размер : 2
793413032,Перчатки хозяйственные трикотажные,комбинированные: с наладонником Россия
793413032,Перчатки хозяйственные трикотажные,0.07000 г
793413032,Перчатки хозяйственные трикотажные,243.00000 мм
793413032,Перчатки хозяйственные трикотажные,Материал: 80% хлопок 20% полиэфир Область применен
793413032,Перчатки хозяйственные трикотажные,Размер: L Рисунок нанесения : Точка Цвет : Белый
793413034,"Рукавицы хозяйственные брезентовые, трикотажные",Вес: 31 г Материал : Утеплитель – натуральная
793413034,"Рукавицы хозяйственные брезентовые, трикотажные",Модель: Рукавицы меховые с кожаным наладонником
793413034,"Рукавицы хозяйственные брезентовые, трикотажные",Назначение: : для защиты рук от механических
793413034,"Рукавицы хозяйственные брезентовые, трикотажные",Размер: 2 (27) Сезон : Зима Утеплитель : 1 Цвет 
793413034,"Рукавицы хозяйственные брезентовые, трикотажные",воздействий: (истирания) и общих производственных
793413034,"Рукавицы хозяйственные брезентовые, трикотажные",загрязнений: в условиях воздействия пониженных
793413034,"Рукавицы хозяйственные брезентовые, трикотажные",кожаным: наладонником
793413034,"Рукавицы хозяйственные брезентовые, трикотажные",натуральная: овчина наладонник – натуральная кожа
793413034,"Рукавицы хозяйственные брезентовые, трикотажные",235.00000 М
793413034,"Рукавицы хозяйственные брезентовые, трикотажные",Вид: товара : рукавицы Материал основания :
793413034,"Рукавицы хозяйственные брезентовые, трикотажные",Модель: Рукавицы х б с двойным наладонником (2)
793413034,"Рукавицы хозяйственные брезентовые, трикотажные",воздействий: при работах в различных отраслях
793413034,"Рукавицы хозяйственные брезентовые, трикотажные",промышленности: и с х. Плотность материала г м2 :
793413034,"Рукавицы хозяйственные брезентовые, трикотажные",прочная: х б ткань (диагональ суровая Назначение
793413404,Стропы,2.00000 м
793413404,Стропы,2008 Г
793413404,Стропы,86 кг
793413404,Стропы,Вид: строп Длина : 2.00000 м Масса : 0 86 кг Наименован
793413404,Стропы,ГОСТ: Р ЕН 355-2008 ГОСТ Р ЕН 354-2010 EN 355
793413404,Стропы,Модель: Строп с амортизатором ALN101
793413404,Стропы,Назначение: для безопасной остановки падения и являе
793413404,Стропы,Наименование: материала изготовления : полиамид
793413404,Стропы,Стропы: Статическая прочность : 15 кн Вид :
793413404,Стропы,изготовления: полиамид карабины – гальванизированная с
793413404,Стропы,использования: от –60 до +50 [0*]С Модель : Строп с амо
793413404,Стропы,Модель: : Строп регулируемый для удерживания
793413404,Стропы,Назначение: предназначен для работы в системе удержа
793413404,Стропы,Стропы: Вид прочего инвентаря : Строп Длина :
793413404,Стропы,18 мм
793413924,Бахилы медицинские,41 см
793413924,Бахилы медицинские,Бахилы: медицинские Глубина : 41 см Количество в
793413924,Бахилы медицинские,Глубина: 41 см Количество в упаковке. : 50.00000 
793413924,Бахилы медицинские,Китай
793413924,Бахилы медицинские,одноразовые: Размер универсальный Текстурированные
793413924,Бахилы медицинские,производитель: : Китай Цвет : Голубой Модель : Бахилы
793413924,Бахилы медицинские,прочные: 30-40 мкм Китай
793413924,Бахилы медицинские,шт Страна
