category_id,category_name,attribute_name,type,unit,min,max,top_values,total_items
793284715,"Шины пневматические для строительных, дорожных, подъемно-транспортных машин",Вид,categorical,,,,"Шины, Колеса, Шины пневматические для строительных, Мототранспортные средства, Автотранспортные средства, шина для мини-погрузчика, Шина для мини-погрузчика, Строительно-дорожная техника, Шина, Шина для погрузчика",344
793284715,"Шины пневматические для строительных, дорожных, подъемно-транспортных машин",Диаметр посадочный,numeric,дюйм,7.0,38.0,"16.50000 дюйм, 20.00000 дюйм, 25.00000 дюйм, 10.00000 дюйм, 24.00000 дюйм, 8.00000 дюйм, 18.00000 дюйм, 28.00000 дюйм, 15.00000 дюйм, 16.00000 дюйм",344
793284715,"Шины пневматические для строительных, дорожных, подъемно-транспортных машин",Индекс скорости,categorical,,,,"A8, A2, A5, A3, A6, M, А2, А5, B, А8",344
793284715,"Шины пневматические для строительных, дорожных, подъемно-транспортных машин",Категория использования,categorical,,,,"Повышенной проходимости, Дорожная, Универсальная, Дорожные, Карьерная, Специальная, Универсальные, Индустриальная шина, Всесезонная, Запасная временного пользования",344
793284715,"Шины пневматические для строительных, дорожных, подъемно-транспортных машин",Назначение,categorical,,,,"Строительно-дорожная техника, Трактор, для электросамоката, Спецтехника (экскаватор, Спецтехника (погрузчик), вилочный погрузчик, Для вилочных погрузчиков, Легковой автомобиль",344
793284715,"Шины пневматические для строительных, дорожных, подъемно-транспортных машин",Отношение профиля,numeric,%,12.0,100.0,"80.00000 %, 75.00000 %, 70.00000 %, 60 мм, 85.00000 %, 65.00000 %, 100.00000 %, 55.00000 %, 12.00000 %, 50 мм",344
793284715,"Шины пневматические для строительных, дорожных, подъемно-транспортных машин",Символ скорости,categorical,,,,"A8, A2, A5, A6, A3, B, A4, А1, D, G",344
793284715,"Шины пневматические для строительных, дорожных, подъемно-транспортных машин",Способ герметизации шины,categorical,,,,"Бескамерная, Камерный, Бескамерные, Бескамерный, Камерные, Камерная",344
793284715,"Шины пневматические для строительных, дорожных, подъемно-транспортных машин",Способ поставки товара,categorical,,,,"По заявке, Единовременно, По графику",344
793284715,"Шины пневматические для строительных, дорожных, подъемно-транспортных машин",Тип конструкции,categorical,,,,"Диагональная, Радиальная, Цельнолитая (Гусматик), радиальный",344
793284715,"Шины пневматические для строительных, дорожных, подъемно-транспортных машин",Ширина профиля,numeric,дюйм,3.15,520.0,"12.00000 дюйм, 10.00000 дюйм, 16.90000 дюйм, 12.50000 дюйм, 17.50000 дюйм, 6.50000 дюйм, 305.00000, 5.00000 дюйм, 16.00000 дюйм, 440.00000",344
793285271,Шины пневматические для сельскохозяйственных машин,Вид,categorical,,,,"Шины, Колеса, Шины пневматические для трактора, Автотранспортные средства, Трактор, IMP, Мототранспортные средства, Шина",130
793285271,Шины пневматические для сельскохозяйственных машин,Диаметр посадочный,numeric,дюйм,6.0,38.0,"15.30000 дюйм, 20.00000 дюйм, 38.00000 дюйм, 16.00000 дюйм, 24.00000 дюйм, 10.00000 дюйм, 6 дюйм, 38 дюйм, 20 дюйм, 8.00000 дюйм",130
793285271,Шины пневматические для сельскохозяйственных машин,Индекс скорости,categorical,,,,"А6, А8, В, 30 (A6), A6/A8, А4, А5, E4, G, D",130
793285271,Шины пневматические для сельскохозяйственных машин,Категория использования,categorical,,,,"Ведущего колеса, Несущего колеса, Направляющего колеса, Опорное, Дорожные",130
793285271,Шины пневматические для сельскохозяйственных машин,Назначение,categorical,,,,"Трактор, Сельхохтехника, Сельскохозяйственная",130
793285271,Шины пневматические для сельскохозяйственных машин,Норма слойности,numeric,PR,2.0,20.0,"8PR, 14PR, 12PR, 10PR, 4PR, 6PR, 16PR, 18PR, 2PR, 8",130
793285271,Шины пневматические для сельскохозяйственных машин,Отношение профиля,numeric,%,18.0,400.0,"80.00000 %, 70.00000 %, 75.00000 %, 80 мм, 400.00000 %, 80 %, 18.00000 %, 65.00000 %, 85.00000 %, 60.00000 %",130
793285271,Шины пневматические для сельскохозяйственных машин,Способ герметизации,categorical,,,,"Камерный, Камерные, Бескамерный, Бескамерные",130
793285271,Шины пневматические для сельскохозяйственных машин,Способ поставки товара,categorical,,,,"По заявке, По графику, Единовременно",130
793285271,Шины пневматические для сельскохозяйственных машин,Тип,categorical,,,,"R1, Повышенной проходимости, TL, 16.9-30 дюйм, TT, Бескамерная TL, Бескамерная, R4, 16*6.50-8, 18X8",130
793285271,Шины пневматические для сельскохозяйственных машин,Тип конструкции,categorical,,,,"Диагональная, Радиальная",130
793285271,Шины пневматические для сельскохозяйственных машин,Ширина профиля,numeric,дюйм,4.0,720.0,"15.50000 дюйм, 11.20000 дюйм, 11.50000 дюйм, 360.00000 мм, 10.00000 дюйм, 12.50000 дюйм, 12.50000, 320.00000 мм, 290.00000 мм, 4.00000 дюйм",130
793286151,Шины пневматические для легкового автомобиля,Вид,categorical,,,,"Колеса, Шины, Шины пневматические для легкового автомобиля, Автошина, Шина, Легковые автомобили, автопокрышка, Автотранспортные средства, Легкогрузовые автомобили, Легкая грузовая",2926
793286151,Шины пневматические для легкового автомобиля,Диаметр посадочный,numeric,дюйм,8.0,580.0,"16.00000 дюйм, 15.00000 дюйм, 17.00000 дюйм, 18.00000 дюйм, 19.00000 дюйм, 14.00000 дюйм, 20.00000 дюйм, 13.00000 дюйм, 12.00000 дюйм, 22.00000 дюйм",2926
793286151,Шины пневматические для легкового автомобиля,Индекс скорости,categorical,,,,"T, H, V, R, Y, Т, W, Q, r, T (до 190 км/ч)",2926
793286151,Шины пневматические для легкового автомобиля,Категория использования,categorical,,,,"Зимняя, Летняя, Зимние, Зима, Летние, зимняя, летняя, лето, зима, Лето",2926
793286151,Шины пневматические для легкового автомобиля,Назначение,categorical,,,,"Легковой автомобиль, Легкогрузовой, Внедорожники и SUV, Легкогрузовые автомобили, Внедорожники, Легковые автомобили, Для внедорожников, Легкогрузовая, Для легких грузовиков и микроавтобусов, Легковой / Внедорожник",2926
793286151,Шины пневматические для легкового автомобиля,Отношение профиля,numeric,%,0.0,800.0,"65.00000 %, 55.00000 %, 60.00000 %, 75.00000 %, 45.00000 %, 70.00000 %, 50.00000 %, 40.00000 %, 80.00000 %, 35.00000 %",2926
793286151,Шины пневматические для легкового автомобиля,Способ герметизации шины,categorical,,,,"Бескамерная, Бескамерные, Безкамерная, Камерная, Камерные, Бескaмерные, Бесскамерный, бескамерка, бескамерные",2926
793286151,Шины пневматические для легкового автомобиля,Тип,categorical,,,,"Шипованная, Симметричный, Асимметричный, Фрикционная, легковая, Бескамерная, Направленный, Направленный симметричный, XL, Легкогрузовая",2926
793286151,Шины пневматические для легкового автомобиля,Тип конструкции,categorical,,,,"радиальная, Радиальная, xl, Диагональная, Xl, РАДИАЛЬНЫЙ, РАДИАЛЬНЫЙ (R), R, радиальные, C",2926
793286151,Шины пневматические для легкового автомобиля,Ширина профиля,numeric,мм,12.5,7239.0,"215.00000 мм, 205.00000 мм, 185.00000 мм, 225.00000 мм, 195.00000 мм, 235.00000 мм, 245.00000 мм, 175.00000 мм, 255.00000 мм, 275.00000 мм",2926
793360561,Шины пневматические для грузовых автомобилей,Вид,categorical,,,,"Шины пневматические для грузовых автомобилей, Шины, Колеса, Грузовая, Легкая грузовая, Автотранспортные средства, Мототранспортные средства, Автошина, Модули транспортные самоходные, Товары для автотехники",696
793360561,Шины пневматические для грузовых автомобилей,Диаметр посадочный,numeric,дюйм,3.0,850.0,"22.50000 дюйм, 16.00000 дюйм, 20.00000 дюйм, 15.00000 дюйм, 17.50000 дюйм, 19.50000 дюйм, 22 дюйм, 18.00000 дюйм, 20 дюйм, 24.00000 дюйм",696
793360561,Шины пневматические для грузовых автомобилей,Индекс скорости,categorical,,,,"L, K, M, J, R, А8, М, К, r, Q",696
793360561,Шины пневматические для грузовых автомобилей,Категория использования,categorical,,,,"Всесезонная, Всесезонные, Дорожная, Зимняя, Универсальная, Летние, Дорожные, Повышенной проходимости, Зимние, Ведущие оси",696
793360561,Шины пневматические для грузовых автомобилей,Назначение шины,categorical,,,,"Грузовой автомобиль, Грузовая, Легкая грузовая, Легкий грузовой автомобиль, Легкогрузовой, Легковой автомобиль, для грузового транспорта, экскаватор, для тракторов",696
793360561,Шины пневматические для грузовых автомобилей,Отношение профиля,numeric,%,6.0,800.0,"80.00000 %, 75.00000 %, 70.00000 %, 65.00000 %, 75 %, 80 %, 70 %, 85 %, 60.00000 %, 80.00000 мм",696
793360561,Шины пневматические для грузовых автомобилей,Радиус,numeric,дюйм,11.2,494.0,"22.50000 дюйм, 20.00000 дюйм, 16.00000 дюйм, 17.50000 дюйм, 19.50000 дюйм, 15.00000 дюйм, 12.00000 дюйм, 28.00000 дюйм, 14.00000 дюйм, R22.5",696
793360561,Шины пневматические для грузовых автомобилей,Способ герметизации шины,categorical,,,,"Бескамерная, Бескамерные, Камерная, Камерные, Бескамерный",696
793360561,Шины пневматические для грузовых автомобилей,Тип,categorical,,,,"Дорожный, Универсальные, Ведущей оси, Рулевой оси, Повышенной проходимости, Симметричный, Для прицепов, Бескамерная, Диагональная, 315/80R22.5",696
793360561,Шины пневматические для грузовых автомобилей,Тип конструкции,categorical,,,,"радиальная, Радиальная цельнометаллокордная, Радиальная, Диагональная, диагональная, ЦМК, Радиальная комбинированная, камерная, Шина пневматическая камерная, TL - бескамерная",696
793410132,Шины пневматические для мотоциклов,Tt,categorical,,,,TT,50
793410132,Шины пневматические для мотоциклов,Вид,categorical,,,,"Шины пневматические для мотоциклов, Колеса, Шины, покрышка, Мототранспортные средства",50
793410132,Шины пневматические для мотоциклов,Высота,numeric,мм,60.0,100.0,"90 мм, 100 мм, 60 %",50
793410132,Шины пневматические для мотоциклов,Диагональная,categorical,,,,D,50
793410132,Шины пневматические для мотоциклов,Диаметр,numeric,дюйм,12.0,180.0,"19 мм, 19 дюйм, 12 дюйм, 17 дюйм, 16 дюйм, 14 дюйм, 17 мм, 21 мм, 18 мм, 14 мм",50
793410132,Шины пневматические для мотоциклов,Индекс скорости,categorical,,,,"М, 100 км/ч, 240, 240 км/ч, H, W, V, 52P, до 270 км/ч",50
793410132,Шины пневматические для мотоциклов,Модель,categorical,,,,"Battlax A41, Tourance Next, K671 Cruiser, P350, Scooter M365/M365 Pro/Mini Robot 365, Mitas XT-454 / XT-434, 2.50-10 (60/100-10) 33J KENDA K771 TT, SM-PARTS 10"" 2.50/3.00-10 TR4 Бутил, Kenda K701 Winter 120/70 R12 58P, Metzeler MCE 6 Days Extreme R21 90/90 54 передняя",50
793410132,Шины пневматические для мотоциклов,Ось,categorical,,,,"Задняя, Передняя ось, Универсальная, Front/Rear",50
793410132,Шины пневматические для мотоциклов,Сезон,categorical,,,,"Летний, Лето",50
793410132,Шины пневматические для мотоциклов,Тип,categorical,,,,"Эндуро, бескамерная (TL), Камеры для колес, Безкамерная, Повышенной проходимости, Кросс, Покрышки, Шина пневматическая, 2.50-16, 2.00-19",50
793410132,Шины пневматические для мотоциклов,Ширина профиля,numeric,мм,26.0,170.0,"120 мм, 170 мм, 26 мм",50
793284937,Шины сплошные и полупневматические,Вид,categorical,,,,"Шины, Колеса, Шины сплошные и полупневматические, Сплошная (Цельнолитая), Шина для вилочного погрузчика",10
793284937,Шины сплошные и полупневматические,Диаметр посадочный,numeric,дюйм,8.0,10.0,"9.00000 дюйм, 10.00000 дюйм, 8.00000 дюйм",10
793284937,Шины сплошные и полупневматические,Индекс нагрузки,numeric,,105.0,2120.0,"2120.00000, 1090, 105.00000, 130.00000",10
793284937,Шины сплошные и полупневматические,Исполнение цельнолитой шины,categorical,,,,Без бурта,10
793284937,Шины сплошные и полупневматические,Максимальная нагрузка,numeric,кг,1415.0,2755.0,"2755.00000 кг, 1415 кг, 1885.00000 кг, 1950.00000 кг, 1645.00000 кг, 2190.00000 кг",10
793284937,Шины сплошные и полупневматические,Модель,categorical,,,,"Optima 2LAYER STD / TR, Шина цельнолитая 5, 275/40R19 105V XL Winter SottoZero 3 Run Flat, Gold, 21X8-9 (200/75-9) BKT MAGLIFT 6.00E STD, 21X8-9 (200/75-9) BKT MAGLIFT 6.00E STD Шина, Шина BKT 15771090, JAC, 39912-2",10
793284937,Шины сплошные и полупневматические,Радиус,numeric,дюйм,8.0,21.0,"21.00000 дюйм, 8 дюйм, 19.00000 дюйм, 9.00000 дюйм",10
793284937,Шины сплошные и полупневматические,Сезонность,categorical,,,,"Всесезонная, Зимняя, всесезонная",10
793284937,Шины сплошные и полупневматические,Способ герметизации шины,categorical,,,,Бескамерные,10
793284937,Шины сплошные и полупневматические,Тип конструкции,categorical,,,,Диагональные,10
793360559,Шины пневматические для автобусов,Вид,categorical,,,,"Шины, Колеса, Шины пневматические для грузовых автомобилей, Шины пневматические для автобусов, Автотранспортные средства, Автобусы, Легковые автомобили, Мототранспортные средства",44
793360559,Шины пневматические для автобусов,Диаметр посадочный,numeric,дюйм,13.0,22.5,"16.00000 дюйм, 15.00000 дюйм, 22.50000 дюйм, 19.50000 дюйм, 20.00000 дюйм, 19.00000 дюйм, 13.00000 дюйм, 14.00000 дюйм",44
793360559,Шины пневматические для автобусов,Индекс нагрузки,numeric,,92.0,109107.0,"104.00000, 113.00000, 107.00000, 152.00000, 109107.00000, 136.00000, 105.00000, 121.00000, 109.00000, 150.00000",44
793360559,Шины пневматические для автобусов,Индекс скорости,categorical,,,,"R, M, J, T, K, V",44
793360559,Шины пневматические для автобусов,Категория использования,categorical,,,,"Зимняя, Всесезонная, Дорожная, Универсальная, Повышенной проходимости, Лето",44
793360559,Шины пневматические для автобусов,Назначение шины,categorical,,,,"Легкая грузовая, Грузовая",44
793360559,Шины пневматические для автобусов,Отношение профиля,numeric,%,55.0,80.0,"75.00000 %, 70.00000 %, 65.00000 %, 80.00000 %, 55.00000 %",44
793360559,Шины пневматические для автобусов,Способ герметизации шины,categorical,,,,"Бескамерная, Камерная",44
793360559,Шины пневматические для автобусов,Тип конструкции,categorical,,,,Радиальная,44
793360559,Шины пневматические для автобусов,Ширина профиля,numeric,мм,5.7,295.0,"215.00000 мм, 195.00000 мм, 185.00000 мм, 7.50000, 245.00000 мм, 225.00000 мм, 275.00000 мм, 16.00000, 5.70000, 295.00000 мм",44
793410130,Шины пневматические для картов,Вес (кг),numeric,кг,1.59,1.59,1.59000 кг,15
793410130,Шины пневматические для картов,Вид,categorical,,,,"Шины, Колеса, Шины пневматические для картов",15
793410130,Шины пневматические для картов,Высота,numeric,мм,450.0,450.0,450 мм,15
793410130,Шины пневматические для картов,Диаметр колеса,numeric,дюйм,10.0,27.0,"10.00000 дюйм, 27.00000 дюйм",15
793410130,Шины пневматические для картов,Допускаемая нагрузка,numeric,кгс,40.0,60.0,"60 кгс, 40 кгс",15
793410130,Шины пневматические для картов,Максимальная скорость,numeric,км/час,150.0,150.0,150 км/час,15
793410130,Шины пневматические для картов,Модель,categorical,,,,"P319, AT225, EKKA 18*8.50-8NHS, SW, Покрышка для Ninebot GoKart Pro (задняя), WKT 4.0х11-5 ""снег"" твёрдая, Шина МЕГА 3.6х10-5 (Слик), МЕГА, Шина МЕГА 3.6х10-5 дождь передняя, Шина МЕГА 6.0х11-5 дождь задняя",15
793410130,Шины пневматические для картов,Размер шины,numeric,/70-6,145.0,145.0,145/70-6,15
793410130,Шины пневматические для картов,Сезонность,categorical,,,,Летняя,15
793410130,Шины пневматические для картов,Слойность (pr),numeric,,2.0,2.0,2,15
793410130,Шины пневматические для картов,Твёрдость,numeric,шора,62.0,62.0,62 шора,15
793410130,Шины пневматические для картов,Тип,categorical,,,,"TL, С глубоким протектором, зима",15
793410130,Шины пневматические для картов,Ширина беговой дорожки,numeric,дюйм,4.5,4.5,4.50000 дюйм,15
793410128,Шины (покрышки) и камеры для кресел-колясок,Вес,numeric,г,530.0,700.0,"700 г, 530 г",10
793410128,Шины (покрышки) и камеры для кресел-колясок,Вид,categorical,,,,"Шины, Колеса, Шины (покрышки) и камеры для кресел-колясок",10
793410128,Шины (покрышки) и камеры для кресел-колясок,Внутренний диаметр,numeric,мм,230.0,540.0,"540 мм, 230.00000 мм",10
793410128,Шины (покрышки) и камеры для кресел-колясок,Высота,numeric,мм,610.0,610.0,610 мм,10
793410128,Шины (покрышки) и камеры для кресел-колясок,Максимальная нагрузка (на одно колесо),numeric,кг,60.0,60.0,60 кг,10
793410128,Шины (покрышки) и камеры для кресел-колясок,Материал,categorical,,,,"резина, НЕЙЛОН, бутил, Резина",10
793410128,Шины (покрышки) и камеры для кресел-колясок,Модель,categorical,,,,"540х37-п, 24 х1 -3/8 U 37-540, Perfomance, LY-8A-250, 57-203, Камера для инвалидной коляски, 12 2/2*2, 12 (12 1/2 x 2 1/4), Шинокомплект 24""",10
793410128,Шины (покрышки) и камеры для кресел-колясок,Назначение,categorical,,,,"ДЛЯ ЗАДНИХ КОЛЕС ИНВАЛИДНОЙ КОЛЯСКИ, Инвалидная коляска, Заднее колесо инвалидной коляски, для веломобиля, для пневматических задних колес инвалидной коляски",10
793410128,Шины (покрышки) и камеры для кресел-колясок,Протектор,categorical,,,,HS440,10
793410128,Шины (покрышки) и камеры для кресел-колясок,Размер,numeric,дюйм,12.0,24.0,"24 дюйм, 12",10
793410128,Шины (покрышки) и камеры для кресел-колясок,Рекомендуемое давление,numeric,атмосфер (атм),2.8,6.0,"2.80000 атмосфер (атм), 6.0-10.0 бар, 6.0-11.0 бар",10
793410128,Шины (покрышки) и камеры для кресел-колясок,Цвет,categorical,,,,"Серый, Черный, черный",10
72095359,Одежда для взрослых форменная,Вид,categorical,,,,"Одежда для взрослых форменная, короткий, длинный, смесовая, Брюки, на пуговицах, Форменная, Короткий, на пуговицы, Длинный",345
72095359,Одежда для взрослых форменная,Воротник,categorical,,,,"отложной со стойкой, Отложной со стойкой, отложной на стойке, отложной со стойкой., английский",345
72095359,Одежда для взрослых форменная,Карман,categorical,,,,"Нагрудные, накладные карманы с клапаном на пуговице, нагрудный, нагрудные с клапанами темно-синего цвета с застежкой на пуговицу, Карманы спереди и сзади, Накладные и отлетные карманы, Многофункциональные карманы и специальный карман для инструментов, 2 накладных кармана, 2 накладных",345
72095359,Одежда для взрослых форменная,Модель,categorical,,,,"Сорочка мужская «Аэро» белая, Сорочка мужская белая, Сорочка мужская «Охранник» с длинным рукавом, Джемпер мужской форменный с накладками черный, Классическая, Блузка женская «Флекс» белая, Свитер полушерстяной, Куртка мужская «Оскар-2», Блузка женская «Флекс» голубая, Блуза женская «Инга»",345
72095359,Одежда для взрослых форменная,Плотность ткани,numeric,г/кв.м,105.0,250.0,"105 г/кв.м, 116 г/кв.м, 205 г/кв.м, 180 г/кв.м, 200 г/кв.м, 165 г/кв.м, 130 г/кв.м, 220 г/кв.м, 250 г/кв.м, 245 г/кв.м",345
72095359,Одежда для взрослых форменная,Половая принадлежность,categorical,,,,"мужской, Женский, Мужской, женский, мужской/женский, Мужская, мужская",345
72095359,Одежда для взрослых форменная,Силуэт,categorical,,,,"приталенный с вытачками на спинке, прилегающий, прямой, Прилегающий",345
72095359,Одежда для взрослых форменная,Состав,numeric,% хлопок,40.0,65.0,"60% хлопок, 65 - полиэфир, 60 - хлопок, 65- полиэфир, 40% хлопок",345
72095359,Одежда для взрослых форменная,Состав ткани,numeric,полиэфир,30.0,1103.0,"65 полиэфир, 30 шерсть, 63 хлопок, 47 бамбук, 49 хлопок, 50 хлопок, 50% шерсть мериносов, 44 шерсть, «Старлайт», 100 хлопок",345
72095359,Одежда для взрослых форменная,Цвет,categorical,,,,"белый, голубой, черный, Белый, темно-синий, Светлый хаки, темно-синий., светлый хаки, темно-серый, Темно-синий",345
72095359,Одежда для взрослых форменная,Цвет отделки,categorical,,,,"синий, темно-синий",345
72095360,Юбки женские,Вид,categorical,,,,Юбка,4
72095360,Юбки женские,Застежка,categorical,,,,потайная молния,4
72095360,Юбки женские,Модель,categorical,,,,"Юбка женская р.108/170, Юбка женская, Юбка женская «Одри», темно-синяя",4
72095360,Юбки женские,Назначение,categorical,,,,Защита от общепроизводственных загрязнений,4
72095360,Юбки женские,Плотность,numeric,гр/м2,200.0,220.0,"220 гр/м2, 200 г/кв.м",4
72095360,Юбки женские,Подкладка,categorical,,,,"С механическим стретч-эффектом, 100 полиэфир с механическим стретч-эффектом",4
72095360,Юбки женские,Пол,categorical,,,,женский,4
72095360,Юбки женские,Пояс,categorical,,,,Пояс-кокетка,4
72095360,Юбки женские,Размер,numeric,/170,108.0,108.0,108/170,4
72095360,Юбки женские,Рост,numeric,/170,88.0,92.0,"92/170, 88/158-164, 88/170",4
72095360,Юбки женские,Состав ткани,numeric,хлопок,49.0,49.0,49 хлопок,4
72095360,Юбки женские,Состав ткани верха,numeric,шерсть,44.0,44.0,44 шерсть,4
72095360,Юбки женские,Ткань верха,categorical,,,,полушерстяная костюмная,4
72095360,Юбки женские,Цвет,categorical,,,,"темно-синий, Темно-синий, белый",4
72095366,Жилеты для взрослых,В составе комплекта (костюма),categorical,,,,:0,25
72095366,Жилеты для взрослых,Вид,categorical,,,,"Жилет, Защита от механических воздействий истирания, Пуговицы, Водоотталкивающая, сигнальный, Защита от общих производственных загрязнений, Притачная",25
72095366,Жилеты для взрослых,Воротник,categorical,,,,стойка,25
72095366,Жилеты для взрослых,Модель,categorical,,,,"Жилет флисовый «Снегирь», Жилет мужской летний «Крит», Жилет мужской летний «Крит» р.48-50/170-176, Жилет мужской летний «Крит» р.64-66/182-188, Жилет мужской летний «Крит» р.48-50/182-188, Жилет мужской летний «Крит» р.64-66/170-176, Жилет мужской летний «Крит» р.60-62/170-176, Жилет мужской летний «Крит» р.60-62/182-188, Жилет женский утепленный «Лондон», Жилет мужской утепленный «Лондон»",25
72095366,Жилеты для взрослых,Наименование изделия,categorical,,,,"Жилет., Жилет",25
72095366,Жилеты для взрослых,Особенности,categorical,,,,Удлиненная спинка и кулиска по низу – дополнительная защита от ветра.,25
72095366,Жилеты для взрослых,Отделка,categorical,,,,терракотовый,25
72095366,Жилеты для взрослых,Половой признак,categorical,,,,"Мужской, Мужской., мужской, Женская",25
72095366,Жилеты для взрослых,Сигнальные элементы,categorical,,,,"кант из световозвращающего материала, световозвращающего материала",25
72095366,Жилеты для взрослых,Состав ткани,numeric,полиэфир,65.0,100.0,"65 полиэфир, 65% полиэфир, 100 полиамид %, 100% полиэфир %, полиэфир",25
72095366,Жилеты для взрослых,Тип,categorical,,,,"«Супербандмастер» смесовая, «Супербандмастер», красный цвет – трикотажный материал «Флис», 100 полиэфир, лента-липучка, 100% полиамид",25
72095366,Жилеты для взрослых,Цвет,categorical,,,,"сочетание бежевого и коричневого, Красный/черный, черный, флуоресцентный оранжевый, черный/красный, Красный, васильковый",25
72095367,Жакеты женские,Вид,categorical,,,,"Жакет, жакет, масловодоотталкивающая",35
72095367,Жакеты женские,Застежка,categorical,,,,На кнопки,35
72095367,Жакеты женские,Карманы,categorical,,,,прорезные боковые карманы с клапаном,35
72095367,Жакеты женские,Модель,categorical,,,,"Жакет женский «Бьянка-2», Жакет женский «Медик» белый с бирюзовой отделкой, Жакет женский, Жакет женский ""Медик"" /цв.белый, 1.123, Жакет женский р. 92/164, Жакет женский р. 92/170, Жакет женский р. 96/170, Жакет женский р. 108/170, Жакет женский «Одри»",35
72095367,Жакеты женские,Назначение,categorical,,,,"Защита об общепроизводственных загрязнений, Защита от общепроизводственных загрязнений",35
72095367,Жакеты женские,Описание,categorical,,,,Элегантный жакет полуприлегающего силуэта. Мягкие конструктивные линии и правильные пропорции придают изделию элегантность.,35
72095367,Жакеты женские,Отделка,categorical,,,,масловодоотталкивающая,35
72095367,Жакеты женские,Плотность,numeric,г/кв.м,115.0,220.0,"115 г/кв.м, 205 гр/м2, 220 г/кв.м, 220 гр/м2, 200 г/кв.м",35
72095367,Жакеты женские,Подкладка,numeric,полиэфир с механическим стретч-эффектом,100.0,100.0,100 полиэфир с механическим стретч-эффектом,35
72095367,Жакеты женские,Пол,categorical,,,,женский,35
72095367,Жакеты женские,Рукав,categorical,,,,"короткий, длинный",35
72095367,Жакеты женские,Состав ткани,numeric,полиэфир,44.0,65.0,"65 полиэфир, 44 шерсть, смесовая (65% полиэфир, 49 хлопок",35
72095367,Жакеты женские,Состав ткани верха,numeric,шерсть,44.0,44.0,44 шерсть,35
72095367,Жакеты женские,Ткань верха,categorical,,,,полушерстяная костюмная,35
72095367,Жакеты женские,Цвет,categorical,,,,"белый, темно-синий",35
72095368,Халаты для взрослых,Вид,categorical,,,,"Халат, Халат полуприлегающего силуэта с рельефами",56
72095368,Халаты для взрослых,Модель,categorical,,,,"Халат женский белый из ткани бязь, ТС, Халат мужской «Оскар-2», Халат женский «Кристалл» бирюзовый, Халат женский из ткани бязь, Халат мужской из ткани бязь, Халат мужской белый из ткани бязь, Халат женский бирюзовый (длинный рукав), Халат мужской из смесовой ткани, Халат женский белый из ткани бязь р. 44-46/170-176",56
72095368,Халаты для взрослых,Назначение,categorical,,,,"Для защиты от общих производственных загрязнений, для защиты от общих производственных загрязнений, для защиты от общих производственных загрязнений и механических воздействий, Не является медицинским изделием. Защита от ОПЗ",56
72095368,Халаты для взрослых,Отделка ткани,categorical,,,,с водоотталкивающей отделкой,56
72095368,Халаты для взрослых,Плотность,numeric,гр/м2,115.0,205.0,"142 гр/м2, 205 гр/м2, 115 гр/м2, 200 гр/м2",56
72095368,Халаты для взрослых,Плотность ткани,numeric,г/кв.м,115.0,200.0,"115 грамм на квадратный метр (г/м.кв.), 160 г/кв.м, 142 г/кв.м, 150 г/кв.м, 115 г/кв.м, 200 г/кв.м, 115 гр/м2",56
72095368,Халаты для взрослых,Пол,categorical,,,,"женский, мужской, Мужской",56
72095368,Халаты для взрослых,Состав ткани,numeric,хлопок %,65.0,100.0,"100 хлопок %, 65 полиэфир, бязь (100 хлопок) %, 65% полиэфир, смесовая (65% поли­эстер",56
72095368,Халаты для взрослых,Ткань,categorical,,,,"отбеленная бязь, смесовая, Бязь, бязь, смесовая с водоотталкивающей отделкой",56
72095368,Халаты для взрослых,Трикотажного полотна,categorical,,,,"Смесовая, «К-Флекс 200»",56
72095368,Халаты для взрослых,Цвет,categorical,,,,"белый, Белый, синий, бирюзовый, Синий, сиреневый, бежевый",56
72095369,Пиджаки мужские,Вид,categorical,,,,Пиджак,9
72095369,Пиджаки мужские,Застежка,categorical,,,,на три пуговицы,9
72095369,Пиджаки мужские,Карманы,categorical,,,,Два боковых кармана и один нагрудный,9
72095369,Пиджаки мужские,Модель,categorical,,,,"Куртка-пиджак мужской ""Лагонда"", Пиджак форменный мужской однобортный р 96/170, Пиджак форменный мужской однобортный р.100/176, Пиджак форменный мужской однобортный р.108/170, Пиджак форменный мужской однобортный р.108/176, Пиджак форменный мужской однобортный р.116/176, Пиджак форменный мужской однобортный р.124/182, темно-синий",9
72095369,Пиджаки мужские,Назначение,categorical,,,,защита от общих производственных загрязнений,9
72095369,Пиджаки мужские,Отделка,categorical,,,,масловодоотталкивающая,9
72095369,Пиджаки мужские,Плотность,numeric,г/кв.м,213.0,213.0,213 г/кв.м,9
72095369,Пиджаки мужские,Подкладка,categorical,,,,полиэфир с антистатической отделкой,9
72095369,Пиджаки мужские,Рост,numeric,/170,96.0,128.0,"96/170, 100/176, 108/170, 108/176, 116/176, 124/182, 120/170-176, 128/182-188, 104/170",9
72095369,Пиджаки мужские,Состав ткани,numeric,% хлопок,40.0,40.0,40% хлопок,9
72095369,Пиджаки мужские,Состав ткани верха,numeric,шерсть,51.0,51.0,51 шерсть,9
72095369,Пиджаки мужские,Ткань,categorical,,,,«Лагонда-Е»,9
72095369,Пиджаки мужские,Ткань верха,categorical,,,,полушерстяная,9
72095369,Пиджаки мужские,Цвет,categorical,,,,темно-синий,9
72095370,Футболки трикотажные для взрослых,Вид,categorical,,,,"Футболка, Футболка прямого силуэта, Поло прямого силуэта., Футболка с коротким рукавом., 100% хлопок, Спецзаказной, стандатртный, стандардный",433
72095370,Футболки трикотажные для взрослых,Воротник,categorical,,,,"отложной воротничок укреплен тесьмой, отложной, отложной воротничок укреплен тесьмо, вырез горловины круглый",433
72095370,Футболки трикотажные для взрослых,Вырез горловины,categorical,,,,"круглый, Круглый",433
72095370,Футболки трикотажные для взрослых,Длина рукава,categorical,,,,короткий,433
72095370,Футболки трикотажные для взрослых,Застежка,categorical,,,,"пуговицы, на 3 пуговицы, Застежка на 3 пуговицы",433
72095370,Футболки трикотажные для взрослых,Модель,categorical,,,,"Сорочка с воротником «Поло» длинный рукав, Футболка х/б черная, Сорочка с воротником «Поло» васильковая, Футболка х/б васильковая, Футболка х/б синяя, Сорочка с воротником «Поло» серая, Футболка х/б серая, Сорочка с воротником «Поло» синяя, Блузка с воротником женская «Поло» бирюзовая, Футболка «Челси-М» фисташковая",433
72095370,Футболки трикотажные для взрослых,Назначение,categorical,,,,Подходит как для работы,433
72095370,Футболки трикотажные для взрослых,Плотность,numeric,гр/м2,150.0,180.0,"180 гр/м2, 160 гр/м2, 160 г/кв.м, 180 г/кв.м, 150 гр/м2, 160 г/м 2",433
72095370,Футболки трикотажные для взрослых,Рукав,categorical,,,,"короткий, длинный, Рукав короткий, короткие, длинные",433
72095370,Футболки трикотажные для взрослых,Силуэт,categorical,,,,"прямой, полуприлегающий, Прямой, олуприлегающий, Полуприлегающий",433
72095370,Футболки трикотажные для взрослых,Состав,numeric,хлопок %,50.0,100.0,"100 хлопок %, 95 хлопок, 100 хлопок, 100 % хлопок %, 50 хлопок, 95 хлопок 5 эластан %, 100% х/б %, 100% хб %, 100% хлопок %, хлопок %",433
72095370,Футболки трикотажные для взрослых,Цвет,categorical,,,,"синий, серый, васильковый, черный, белый, темно-синий, фисташковый, красный, флуоресцентный желтый, зеленый",433
72095373,Плащи для взрослых,Вид,categorical,,,,Плащ,8
72095373,Плащи для взрослых,Застежка,categorical,,,,застежкой на двухзамковую молнию с клапаном против ветра,8
72095373,Плащи для взрослых,Капюшон,categorical,,,,наличие,8
72095373,Плащи для взрослых,Назначение,categorical,,,,для защиты от воды,8
72095373,Плащи для взрослых,Особенности,categorical,,,,швы проклеены специальной лентой,8
72095373,Плащи для взрослых,Плотность,numeric,гр/м2,225.0,225.0,225 гр/м2,8
72095373,Плащи для взрослых,Покрытие,categorical,,,,ПВХ-покрытие с изнаночной стороны,8
72095373,Плащи для взрослых,Рост,numeric,-124/170-176,52.0,120.0,"120-124/170-176, 88-92/182-188, 96-100/182-188, 88-92/170-176, 96-100/158-164, 112-116/170-176, 120-124/182-188, 52-54/170-176",8
72095373,Плащи для взрослых,Ткань,numeric,полиэфир с ПВХ-покрытием с изнаночной стороны %,100.0,100.0,100 полиэфир с ПВХ-покрытием с изнаночной стороны %,8
72095373,Плащи для взрослых,Цвет,categorical,,,,темно-синий,8
72105483,"Перчатки смотровые/процедурные из латекса гевеи, неопудренные, нестерильные",Вид,categorical,,,,Смотровые,8
72105483,"Перчатки смотровые/процедурные из латекса гевеи, неопудренные, нестерильные",Длина,numeric,мм,290.0,290.0,290 мм,8
72105483,"Перчатки смотровые/процедурные из латекса гевеи, неопудренные, нестерильные",Манжета перчатки,categorical,,,,прямая,8
72105483,"Перчатки смотровые/процедурные из латекса гевеи, неопудренные, нестерильные",Материал,categorical,,,,"хлопковое напыление, Латекс, латесные",8
72105483,"Перчатки смотровые/процедурные из латекса гевеи, неопудренные, нестерильные",Модель,categorical,,,,"Перчатки Ansell AlphaTec® 87-190 (Альфатек/Эконохэндс), Перчатки медицинские смотровые «Supermax» (Супермакс) латексные",8
72105483,"Перчатки смотровые/процедурные из латекса гевеи, неопудренные, нестерильные",Область применения,categorical,,,,хозяйственные работы с моющими средствами,8
72105483,"Перчатки смотровые/процедурные из латекса гевеи, неопудренные, нестерильные",Особенности модели,categorical,,,,Универсальные перчатки. Имеют специальную обработку для уменьшения риска аллергических реакций. Благодаря небольшой толщине обеспечивают превосходную чувствительность.,8
72105483,"Перчатки смотровые/процедурные из латекса гевеи, неопудренные, нестерильные",Поверхность,categorical,,,,чешуйчатая,8
72105483,"Перчатки смотровые/процедурные из латекса гевеи, неопудренные, нестерильные",Покрытие,categorical,,,,натуральный каучук,8
72105483,"Перчатки смотровые/процедурные из латекса гевеи, неопудренные, нестерильные",Размер,categorical,,,,"8, L (8, M (7, S (6, 9, 7, 6",8
72105483,"Перчатки смотровые/процедурные из латекса гевеи, неопудренные, нестерильные",Цвет,categorical,,,,желтый,8
137004434,Фартуки кухонные,Вид,categorical,,,,"Фартуки кухонные, фартук",3
137004434,Фартуки кухонные,Длина,numeric,см,85.0,85.0,85 см,3
137004434,Фартуки кухонные,Защитные свойства,categorical,,,,"от общих производственных загрязнений, :защита от общих производственных загрязнений",3
137004434,Фартуки кухонные,Модель,categorical,,,,"Фартук поварской «Класс» белый, Фартук мужской тип Б, белый р.92-104/170-176",3
137004434,Фартуки кухонные,Половая принадлежность,categorical,,,,Мужской,3
137004434,Фартуки кухонные,Рост,numeric,-104/170-176,92.0,92.0,92-104/170-176,3
137004434,Фартуки кухонные,Состав ткани,numeric,полиэфир,65.0,100.0,"65 полиэфир, 100 хлопок %",3
137004434,Фартуки кухонные,Ткань,numeric,хлопок %,100.0,100.0,100 хлопок %,3
137004434,Фартуки кухонные,Цвет,categorical,,,,"белый, синий, Белый",3
137004434,Фартуки кухонные,Ширина (без завязок),numeric,см,111.0,111.0,111 см,3
137004762,Шорты для взрослых,Боковые карманы,numeric,шт,2.0,2.0,2 шт,3
137004762,Шорты для взрослых,Вид,categorical,,,,Шорты для взрослых,3
137004762,Шорты для взрослых,Задние карманы с клапаном,numeric,шт,2.0,2.0,2 шт,3
137004762,Шорты для взрослых,Материал,numeric,% хлопок,98.0,98.0,98% хлопок,3
137004762,Шорты для взрослых,Модель,categorical,,,,Шорты-бриджи,3
137004762,Шорты для взрослых,Петля для крепления пропуска,numeric,шт,1.0,1.0,1 шт,3
137004762,Шорты для взрослых,Петля для ручного инструмента,numeric,шт,1.0,1.0,1 шт,3
137004762,Шорты для взрослых,Половой признак,categorical,,,,Мужские,3
137004762,Шорты для взрослых,Российский размер,numeric,-92,88.0,96.0,"88-92, 96-100",3
137004762,Шорты для взрослых,Рост,numeric,-188,158.0,182.0,"182-188, 158-164",3
137004762,Шорты для взрослых,Тип,categorical,,,,Смесовая,3
137004762,Шорты для взрослых,Цвет,categorical,,,,Черный,3
137008502,Гели для ухода за кожей лица,Артикул,numeric,,10100.0,10100.0,10100,1
137008502,Гели для ухода за кожей лица,Вид,categorical,,,,бутыль с помпой-дозатором,1
137008502,Гели для ухода за кожей лица,Действие,categorical,,,,Придает коже ощущение чистоты,1
137008502,Гели для ухода за кожей лица,Модель,categorical,,,,«Гарда Премиум Профи Клин» очищающий гель для тела и шампунь для волос 2в1,1
137008502,Гели для ухода за кожей лица,Объем,numeric,см[3*],0.0,0.0,0.00000 см[3*],1
137009272,Кремы для рук,Активные ингредиенты,categorical,,,,кора черной ивы,5
137009272,Кремы для рук,Вид,categorical,,,,"Косметика, Средства косметические, Средства для ухода за кожей, Средства для ухода за кожей рук, Кремы для рук",5
137009272,Кремы для рук,Модель,categorical,,,,"«Триада Скраб клин» паста для кожи очищающая от устойчивых загрязнений с натуральным абразивом (200 мл), «Триада Софт» крем регенерирующий восстанавливающий для кожи рук и лица (100 мл), «Триада Профи защита» крем защитный гидрофильного действия для кожи рук и лица (100 мл)",5
137009272,Кремы для рук,Назначение,categorical,,,,"Крем защищает кожу от неблагоприятных погодных условий, Крем предназначен для защиты кожи от водонерастворимых вредных производственных факторов и веществ (нефтепродуктов",5
137009272,Кремы для рук,Объем,numeric,миллилитр,100.0,200.0,"100 миллилитр, 100.00000 см[3*], 200 миллилитр",5
137009272,Кремы для рук,Основные ингредиенты,categorical,,,,Очищающая паста с комбинированными натуральными абразивными гранулами,5
137009272,Кремы для рук,Особенности,categorical,,,,Время действия не менее 4 часов.,5
137009272,Кремы для рук,Применение,categorical,,,,За 15 минут до выхода на улицу нанести на сухую чистую кожу 0,5
137009272,Кремы для рук,Способ применения,categorical,,,,"Не добавляя воды, После окончания работ нанести 0, Перед работой на сухую чистую кожу равномерно нанести 0",5
137009272,Кремы для рук,Срок хранения,numeric,мес,30.0,36.0,"36 мес, 30 мес",5
137009272,Кремы для рук,Тип,categorical,,,,"Регенерирующий, Гидрофильного действия (гидрофильный)",5
137009272,Кремы для рук,Торговая марка,categorical,,,,Гарда,5
137009272,Кремы для рук,Условия хранения,categorical,,,,Температура хранения: -20…+25 °С. Допускается заморозка более шести раз.,5
793142263,Одежда специальная для защиты от воды,Вид,categorical,,,,"Одежда специальная для защиты от воды, Куртка, Застежка молния, Плащ, Пуговицы, Плащ сигнальный повышенной видимости для защиты от воды., плащ, Водоотталкивающая, ПВХ-покрытие на полиэфирной основе, Транспортное предприятие",148
793142263,Одежда специальная для защиты от воды,Водонепроницаемость,numeric,мм,6000.0,6000.0,6000 мм,148
793142263,Одежда специальная для защиты от воды,Класс защиты одежды,numeric,(водоупорная),2.0,3.0,"2 (водоупорная), 3 (водонепроницаемая)",148
793142263,Одежда специальная для защиты от воды,М2,numeric,,240.0,300.0,"300.00000, 240.00000",148
793142263,Одежда специальная для защиты от воды,Материал,categorical,,,,"плащевая ткань, поливинилхлорид, ПВХ-покрытие на полиэфирной основе, нейлон с внутренним поливинилхлоридным покрытием, 100% полиэфир с ПВХ-покрытием с изнаночной стороны, ПВХ",148
793142263,Одежда специальная для защиты от воды,Модель,categorical,,,,"Сигнальная куртка- ветровка, Плащ влагозащитный ПВХ Extra Vision WPL флуоресцентный оранжевый, Плащ мужской «Циклон» для защиты от химических факторов и воды, Плащ сигнальный «Циклон ХАЙ-ВИЗ» для защиты от нефти, Костюм (полиэфир с ПВХ-покрытием) «Посейдон» темно-синий, ПВХ, Куртка демисезонная ""Фалькон"", Плащ «Скат» темно-синий, Плащ (полиэфир с ПВХ-покрытием) «Посейдон» темно-синий, Костюм мужской «Циклон» для защиты от нефти",148
793142263,Одежда специальная для защиты от воды,Плотность,numeric,гр/м2,150.0,250.0,"225 гр/м2, 250 гр/м2, 150 гр/м2, 180 гр/м2",148
793142263,Одежда специальная для защиты от воды,Половая принадлежность,categorical,,,,"Мужской, мужской, Мужская",148
793142263,Одежда специальная для защиты от воды,Светоотражающий элемент,categorical,,,,"Световозвращающая лента, термоактивные полосы шириной 50",148
793142263,Одежда специальная для защиты от воды,Состав ткани,categorical,,,,"полиамид 100 %, полиэфир, 100 полиэфир с ПВХ-покрытием %, 100 полиэстер с ПВХ-покрытием с изнаночной стороны %, 100 полиэфир %, 100 полиэфир % %, 100% полиэфир %, 100 полиэфир с ПВХ-покрытием с изнаночной стороны %",148
793142263,Одежда специальная для защиты от воды,Цвет,categorical,,,,"темно-синий, лимонный с васильковым, синий, флуоресцентный оранжевый, флуоресцентный желтый, Флуоресцентный оранжевый, Флуоресцентный желтый с серым, флуоресцентный желтый с серым, Оранжевый флуоресцентный, черный",148
793142372,Одежда специальная для защиты от растворов кислот,В составе комплекта (костюма),categorical,,,,"Куртка + брюки + берет, Куртка и полукомбинезон, полукомбинезон с притачными осоюзками",34
793142372,Одежда специальная для защиты от растворов кислот,Вид,categorical,,,,"Одежда специальная для защиты от растворов кислот, Фартук, Брюки, Пуговицы",34
793142372,Одежда специальная для защиты от растворов кислот,Застежка,categorical,,,,"Куртка с потайной застежкой на пуговицы и липучку на воротнике-стойке, 6 пластмассовых шпеньков (типа «пукля») для застежки, на кнопки, Куртка с потайной застежкой на пуговицы, на пуговицы",34
793142372,Одежда специальная для защиты от растворов кислот,Защита от кислот,categorical,,,,"от 50 до 80 (по серной кислоте) – К80 %, 80 %, К80 для защиты от кислот концентрации от 50 до 80. %",34
793142372,Одежда специальная для защиты от растворов кислот,Карманы,categorical,,,,"Боковые накладные карманы, боковые прорезные карманы с клапаном",34
793142372,Одежда специальная для защиты от растворов кислот,М2,numeric,,500.0,500.0,500,34
793142372,Одежда специальная для защиты от растворов кислот,Материал,categorical,,,,"полиэфир 100% с ПВХ-покрытием, ПВХ-покрытие на полиэфирной основе, неопрен/поливинилхлорид",34
793142372,Одежда специальная для защиты от растворов кислот,Модель,categorical,,,,"Костюм муж. ""Ликвидатор"", Костюм женский летний «Химик», Костюм мужской летний «Химик», Костюм муж. ""Ликвидатор"" Техноавиа, Плащ мужской «Циклон» для защиты от нефти, Костюм женский летний «Химик» для защиты от кислот и щелочей р.96-100/170-176, Костюм мужской летний кислотостойкий, Костюм женский летний «Химик» для защиты от кислот и щелочей, Костюм мужской летний «Химик» для защиты от кислот и щелочей р.112-116/182-188, ЛИДЕР",34
793142372,Одежда специальная для защиты от растворов кислот,Половая принадлежность,categorical,,,,"Мужской, мужской, Женский, женский, Мужские",34
793142372,Одежда специальная для защиты от растворов кислот,Рукава,categorical,,,,Рукава с локтевым швом для свободы движений и манжетами на пуговицах,34
793142372,Одежда специальная для защиты от растворов кислот,Световозвращающий материал,categorical,,,,лента шириной 5,34
793142372,Одежда специальная для защиты от растворов кислот,Состав ткани,numeric,полиэфир,100.0,100.0,"100 полиэфир, 100 полиэфир %",34
793142372,Одежда специальная для защиты от растворов кислот,Цвет,categorical,,,,"темно-синий, оранжевый, синий, серый, Голубой, зеленый, Темно-синий",34
793142482,"Костюмы защитные легкие для защиты от радиационной пыли, химических и бактериологических воздействий",Вид,categorical,,,,"Костюмы защитные легкие для защиты от радиационной пыли, Изолирующий",24
793142482,"Костюмы защитные легкие для защиты от радиационной пыли, химических и бактериологических воздействий",Защита от воздействия водных растворов кислот и щелочей при концентрации,categorical,,,,до 30–40 %,24
793142482,"Костюмы защитные легкие для защиты от радиационной пыли, химических и бактериологических воздействий",Материал,categorical,,,,"полипропилен, 100 полипропилен, Нетканный полиэтилн, 100% полипропилен",24
793142482,"Костюмы защитные легкие для защиты от радиационной пыли, химических и бактериологических воздействий",Модель,categorical,,,,"Комбинезон защитный INVICTA модель Rumax (арт. 701), Комбинезон одноразовый «Унис-1», Комбинезон «Тайвек® 500 Эксперт» белый (Тайвек® Классик Эксперт) р. XXL (116-124/186-194), Комбинезон «Тайвек® 500 Эксперт» белый (Тайвек® Классик Эксперт), Комбинезон «Тайвек® 600 Плюс» с носками (Тайвек® Классик Плюс), Комбинезон одноразовый «Унис-1» р.2XL, Комбинезон одноразовый «Унис-1» р.3XL, Комбинезон одноразовый «Унис-1» р.4XL, Комбинезон «Тайвек® 500 Эксперт» зеленый (Тайвек® Классик Эксперт) р.XXl (116-124/186-194), Комбинезон «Тайвек® 500 Эксперт» зеленый (Тайвек® Классик Эксперт) р.Xl (108-116/180-188)",24
793142482,"Костюмы защитные легкие для защиты от радиационной пыли, химических и бактериологических воздействий",Назначение,categorical,,,,"Комбинезон универсальный одноразового использования для защиты от общих производственных загрязнений, для защиты от общих производственных загрязнений, Защита при работе с токсическими сухими частицами пыли в условиях",24
793142482,"Костюмы защитные легкие для защиты от радиационной пыли, химических и бактериологических воздействий",Плотность материала,numeric,гр/м2,65.0,65.0,65.00000 гр/м2,24
793142482,"Костюмы защитные легкие для защиты от радиационной пыли, химических и бактериологических воздействий",Размер,numeric,XL,2.0,4.0,"2XL, XL, 3XL, 4XL",24
793142482,"Костюмы защитные легкие для защиты от радиационной пыли, химических и бактериологических воздействий",Размер изделия,categorical,,,,"XXXL (124-132/194-200), XXL (116-124/188-194), XL (108-116/182-188), L (100-108/176-182), M (92-100/170-176)",24
793142482,"Костюмы защитные легкие для защиты от радиационной пыли, химических и бактериологических воздействий",Рост,categorical,,,,"XXL (116-124/186-194), 108-116/180-188, S (84-92/164-170), L (96-100/176), M (88-92/176), 100-108/174-182, 116-124/186-194",24
793142482,"Костюмы защитные легкие для защиты от радиационной пыли, химических и бактериологических воздействий",Цвет,categorical,,,,"белый, зеленый",24
793142592,Одежда специальная для защиты от искр и брызг расплавленного металла,Вид,categorical,,,,"Одежда специальная для защиты от искр и брызг расплавленного металла, обеспечивают высокую защиту от прожигания и повышенных температур при выполнении сварочных работ, обеспечивают высокую защиту от прожигания при выполнении сварочных работ, Костюм (куртка и полукомбинезон), Огнестойкая, Нл – защиты от нефтепродуктов легких фракций, Флайтекс ФР, Обеспечивает защиту при работе, Костюм, От искр и брызг расплавленного металла",157
793142592,Одежда специальная для защиты от искр и брызг расплавленного металла,Застежка,categorical,,,,"Куртка: с потайной застежкой на пуговицах, Куртка с потайной застежкой на петли и пуговицы, на пуговицы, Куртка с потайной застежкой на пуговицы",157
793142592,Одежда специальная для защиты от искр и брызг расплавленного металла,Карманы,categorical,,,,"Конструкция карманов на куртке и брюках исключает попадание в них искр и брызг расплавленного металла, Куртка: боковые карманы в швах, боковые, Нагрудные карманы под отлетными кокетками – удобно хранить документы., Внутренний карман с застежкой на пуговицу",157
793142592,Одежда специальная для защиты от искр и брызг расплавленного металла,Комплектность,categorical,,,,"Куртка + брюки, куртка, Куртка, Брюки, куртка/брюки, ремкомплектом из огнестойких ниток и основной ткани",157
793142592,Одежда специальная для защиты от искр и брызг расплавленного металла,Конструктивные особенности,categorical,,,,"Куртка: Воротник-стойка анатомической формы – не натирает шею, Куртка: Воротник-стойка с хлястиком для застегивания на пуговицу обеспечивает защиту от ветра и от попадания искр в пододежное пространство, Куртка с потайной застежкой на пуговицы",157
793142592,Одежда специальная для защиты от искр и брызг расплавленного металла,Материал ткани,categorical,,,,"100% хлопок, спилок, «Мегатек-250Н» антистатическая смесовая с повышенным содержанием хлопка (75% хлопок, брезент с огнезащитной отделкой, «Цезарь FR» 100 хлопок, 100 хлопок, Приор",157
793142592,Одежда специальная для защиты от искр и брызг расплавленного металла,Модель,categorical,,,,"Костюм сварщика мужской летний «Цезарь», Костюм сварщика комбинированный со спилком (зимний) со съемным утеплителем, Костюм сварщика мужской зимний «Цезарь», Костюм сварщика цельноспилковый, Костюм сварщика цельноспилковый КС30 (куртка + брюки), Костюм (куртка и полукомбинезон) мужской для защиты от искр и брызг расплавленного металла, Костюм сварщика комбинированный со спилком (КС 21), Костюм муж. летний ""СТАРК"" защита от повышенных температур, Костюм сварщика брезентовый (КС 01), Костюм сварщика утеплён. с накладками из кожев. спилка",157
793142592,Одежда специальная для защиты от искр и брызг расплавленного металла,Плотность материала,numeric,гр/м2,350.0,550.0,"485 гр/м2, 550 гр/м2, 410 гр/м2, 350 гр/м2",157
793142592,Одежда специальная для защиты от искр и брызг расплавленного металла,Светоотражающий элемент,categorical,,,,огнестойкая лента шириной 5 см,157
793142592,Одежда специальная для защиты от искр и брызг расплавленного металла,Состав утеплителя,categorical,,,,"огнестойкий синтетический, Ватин (п/ш) – в куртке 3 слоя по 210 г/м2",157
793142592,Одежда специальная для защиты от искр и брызг расплавленного металла,Ткань,categorical,,,,"брезент с огнезащитной отделкой, cпилок",157
793142592,Одежда специальная для защиты от искр и брызг расплавленного металла,Удобно хранить документы брюки,categorical,,,,По боковому шву расположен накладной карман с клапаном на липучку для маркера или разводного ключа,157
793142592,Одежда специальная для защиты от искр и брызг расплавленного металла,Утеплитель,categorical,,,,:ватин,157
793142593,Одежда специальная повышенной видимости,Вид,categorical,,,,"Одежда специальная повышенной видимости, Водоотталкивающая, Костюм, водоотталкивающая, Транспортное предприятие, Застежка-молния, масловодоотталкивающая, Притачная, сигнальный, Полукомбинезон",523
793142593,Одежда специальная повышенной видимости,Застежка,categorical,,,,"Центральная застежка на прочную двухзамковую молнию и ветрозащитный клапан., на молнию, на ленту-липучку, центральная на двухзамковую молнию, центральная бортовая застежка на молнию и ветрозащитным клапаном с левой стороны, прочная двухзамковая молния и ветрозащитный клапан на липучке, Центральная з на ленту-липучку, Центральная на молнию и потайную кнопку внизу исключает контакт фурнитуры с оборудованием, Прочная двухзамковая молния и ветрозащитный клапан на липучке. Внутренний ветрозащитный клапан с флисом в верхней части., брюки-на молнию и 2 пуговицы на поясе.",523
793142593,Одежда специальная повышенной видимости,Капюшон,categorical,,,,"съемный, Капюшон с кулиской по лицевому вырезу, с кулиской по лицевому вырезу, съемный на кнопках, Съемный, съемный на молнии, Капюшон",523
793142593,Одежда специальная повышенной видимости,Класс одежды в зависимости от площади сигнальных элементов,numeric,,2.0,3.0,"2, 3",523
793142593,Одежда специальная повышенной видимости,Модель,categorical,,,,"Костюм мужской летний сигнальный «Люмос», Костюм мужской летний сигнальный «Магистраль», Куртка-ветровка мужская утепленная сигнальная «Шторм контроль» флуоресцентно-желтая с темно-синим, Костюм сигнальный повышенной видимости для защиты от механических воздействий и ОПЗ, Жилет сигнальный повышенной видимости «Габарит-4» флуоресцентный желтый, Плащ мужской сигнальный «Абсолют» флуоресцентный желтый с темно-синим, Куртка сигнальная, Куртка-ветровка утепленная сигнальная «Шторм контроль» флуоресцентная желтая с темно-синим, Костюм сигнальный повышенной видимости для защиты от механических воздействий и ОПЗ (С), Жилет сигнальный «Эконом» флуоресцентный желтый",523
793142593,Одежда специальная повышенной видимости,Наличие дополнительных элементов на одежду,categorical,,,,"Сигнальные элементы, Защитные накладки, Световозвращающая лента, Светоотражающая полоса, Внутренний карман",523
793142593,Одежда специальная повышенной видимости,Плотность материала,numeric,гр/м2,110.0,350.0,"150 гр/м2, 120 гр/м2, 225 гр/м2, 245 гр/м2, 250 гр/м2, 245 г/м2, 120 г/кв.м, 350 гр/м2, 110 гр/м2, 200 гр/м2",523
793142593,Одежда специальная повышенной видимости,Плотность утеплителя,numeric,гр/м2,100.0,250.0,"250 гр/м2, 150 гр/м2, 100 гр/м2",523
793142593,Одежда специальная повышенной видимости,Половая принадлежность,categorical,,,,"мужской, Мужской, мужская, Унисекс, Женский",523
793142593,Одежда специальная повышенной видимости,Световозвращающий материал,categorical,,,,"лента см, лента шириной 5 см, лента, лента 5 см, 5 лента см, 5 см, лента шириной 5 см см, термоактивная сегментированная лента шириной 6 см, лента шириной 5 с см, Лента",523
793142593,Одежда специальная повышенной видимости,Состав отделочной ткани,numeric,полиэфир,50.0,100.0,"65 полиэфир, 50 хлопок, 50% хлопок, 85 полиэфир, хлопок - 50, 100 полиэфир %, 60 хлопок",523
793142593,Одежда специальная повышенной видимости,Состав ткани,numeric,полиамид %,51.0,250.0,"100 полиамид %, 65 полиэфир, 60 хлопок, 100 полиэфир %, мембранная, прочная плащевая %, смесовая %, 51 хлопок, SHANNON (100% ПЭ) с мембранным покрытием %, полиэфир - 65",523
793142593,Одежда специальная повышенной видимости,Утеплитель,categorical,,,,"флис, «Филгуд», Филгуд, :флис Polar 250 с двухсторонней антипиллинговой обработкой, синтепон, съемный флисовый в виде жилета, Съемный, :съемный флисовый в виде жилета",523
793142593,Одежда специальная повышенной видимости,Цвет,categorical,,,,"темно-синий с флуоресцентным желтым, флуоресцентный желтый, флуоресцентный желтый с темно-синим, темно-синий с флуоресцентным оранжевым, Васильковый, флуоресцентный оранжевый, флуоресцентный оранжевый с темно-синим, Оранжевый флуоресцентный с черным, Темно серый, флуоресцентный оранжевый с серым",523
793142702,Одежда специальная для защиты от насекомых и паукообразных,) благодаря совокупности методов защиты,categorical,,,,механического (конструкция изделия и ткань,29
793142702,Одежда специальная для защиты от насекомых и паукообразных,Вид,categorical,,,,"Защита от паукообразных (клещей), Одежда специальная для защиты от насекомых и паукообразных, Куртка, Брюки, Костюм",29
793142702,Одежда специальная для защиты от насекомых и паукообразных,Защитные свойства,categorical,,,,Костюм обеспечивает постоянную эффективную защиту от клещей и гнуса – комплекса летающих кровососущих насекомых (комары,29
793142702,Одежда специальная для защиты от насекомых и паукообразных,Капюшон,categorical,,,,"несъемный (втачной) комбинированный с расширенной передней частью, Капюшон несъемный с козырьком",29
793142702,Одежда специальная для защиты от насекомых и паукообразных,Комплектация костюма,categorical,,,,Куртка,29
793142702,Одежда специальная для защиты от насекомых и паукообразных,Материал,categorical,,,,«Премьер Cotton 250» с Инсектоакарицидной отделкой,29
793142702,Одежда специальная для защиты от насекомых и паукообразных,Материал подкладки,categorical,,,,поливискоза с водоотталкивающей отделкой – для внутренней юбки куртки и внутренних напульсников брюк. Сетка трикотажная для подкладки ткани с инсектоакарицидной пропиткой,29
793142702,Одежда специальная для защиты от насекомых и паукообразных,Модель,categorical,,,,"Костюм мужской противоэнцефалитный «Лес» васильковый, Костюм мужской противоэнцефалитный «Биогард», Лес, «Лес»",29
793142702,Одежда специальная для защиты от насекомых и паукообразных,Плотность ткани,numeric,гр/м2,250.0,250.0,250 гр/м2,29
793142702,Одежда специальная для защиты от насекомых и паукообразных,Половая принадлежность,categorical,,,,Мужской,29
793142702,Одежда специальная для защиты от насекомых и паукообразных,Цвет,categorical,,,,васильковый,29
793142812,Одежда специальная для защиты от неблагоприятных погодных условий,Вид,categorical,,,,"Одежда специальная для защиты от неблагоприятных погодных условий, Куртка, Застежка-молния, Костюм, Водоотталкивающая, Костюм количество циклов, Масловодоотталкивающая, Бортовая потайная, Двухзамковая молния с двойным клапаном",24
793142812,Одежда специальная для защиты от неблагоприятных погодных условий,Защитные свойства,categorical,,,,"От нетоксичной пыли (Пн), Для защиты от пониженных температур воздуха, для защиты от ветра и воды",24
793142812,Одежда специальная для защиты от неблагоприятных погодных условий,Модель,categorical,,,,"Куртка мужская утепленная «Аэро», Комбинезон мужской для работы с пескоструйными аппаратами, Костюм мужской летний «Билд», Костюм (полиэфир с ПВХ-покрытием) «Посейдон» темно-синий, Куртка-ветровка мужская «Реал» 112–116/170-176, Куртка-ветровка мужская «Реал» 120-124/182-188, Куртка-ветровка мужская «Реал» 128-132 / 182-188 арт.3.030, Куртка-ветровка мужская «Реал» 96 – 100 / 170-176 арт.3.030, Куртка-ветровка мужская «Реал» 104-108 /170-176 арт.3.030, Куртка-ветровка мужская «Реал» 112 – 116 / 182-188 арт.3.030",24
793142812,Одежда специальная для защиты от неблагоприятных погодных условий,Назначение,categorical,,,,"для защиты от общих производственных загрязнений и механических воздействий, Защита оператора от прямого попадания или рикошета абразивного материала",24
793142812,Одежда специальная для защиты от неблагоприятных погодных условий,Подкладка,numeric,% полиэфир,100.0,100.0,100% полиэфир,24
793142812,Одежда специальная для защиты от неблагоприятных погодных условий,Половая принадлежность,categorical,,,,"Мужской, мужская, мужской",24
793142812,Одежда специальная для защиты от неблагоприятных погодных условий,Рост,numeric,-176 см,50.0,182.0,"170-176 см, 182-188 см, 104-108/188, 96-100/176, 104-108/170-176, 104-108/182-188, 120-124/182-188, 50/175, 50/176, 50/170",24
793142812,Одежда специальная для защиты от неблагоприятных погодных условий,Сигнальные элементы,categorical,,,,отделка из световозвращающего материала,24
793142812,Одежда специальная для защиты от неблагоприятных погодных условий,Характеристики спилка,categorical,,,,Шлифованный,24
793142812,Одежда специальная для защиты от неблагоприятных погодных условий,Цвет,categorical,,,,"серый, черно-синий, темно-серый, светлый хаки, Красный/светло-серый, синий, камуфлированный",24
793142813,Одежда специальная для защиты от пониженных температур,Вид,categorical,,,,"Одежда специальная для защиты от пониженных температур, водоотталкивающая, масловодоотталкивающая, Водоотталкивающая, масловодоотталкивающая отделка Teflon® (DuPont), Куртка, Застежка-молния, Нефтемасловодоотталкивающая, Костюм, Полукомбинезон",2242
793142813,Одежда специальная для защиты от пониженных температур,Класс защиты одежды,numeric,класс защиты от пониженных температур воздуха и ветра,1.0,4.0,"3(4) класс защиты от пониженных температур воздуха и ветра, 4 класс защиты от пониженных температур воздуха и ветра, 2 класс защиты от пониженных температур воздуха и ветра, 3 класс защиты от пониженных температур воздуха, 3(4) класс защиты от пониженных температур воздуха, 4 (Особый климатический пояс), 3 (IV климатический пояс), 1 класс защиты от пониженных температур воздуха и ветра, 3(4) от пониженных температур воздуха и ветра, 2 класс защиты от пониженных температур воздуха",2242
793142813,Одежда специальная для защиты от пониженных температур,Климатический пояс,categorical,,,,"для эксплуатации в I, I, Для эксплуатации в I, Для эксплуатации в III, для эксплуатации в II, 2 класс защиты от пониженных температур воздуха и ветра",2242
793142813,Одежда специальная для защиты от пониженных температур,Количество слоев утеплителя,numeric,шт,0.0,3.0,"3 шт, 2 шт, 3 штук, куртка – 3, 2 штук, 1 штук, 1 шт, 0 штук, куртка – 2 слоя, куртка – 3 слоя",2242
793142813,Одежда специальная для защиты от пониженных температур,Материал подкладки,numeric,полиэфир,75.0,100.0,"100 полиэфир, 100 полиэфир + ветрозащитная ткань, 100 полиэфир., 100 полиэфир + ветрозащитная ткань (100 полиэфир), полиэфир, 100 полиамид, 100 хлопок, 100% полиэфир, бязь + ветрозащитная ткань, натуральная овчина и фланель",2242
793142813,Одежда специальная для защиты от пониженных температур,Плотность,numeric,гр/м2,55.0,250.0,"200 гр/м2, 126 гр/м2, 180 гр/м2, 240 гр/м2, 135 гр/м2, 150 гр/м2, 110 гр/м2, 210 гр/м2, 195 гр/м2, 250 гр/м2",2242
793142813,Одежда специальная для защиты от пониженных температур,Плотность утеплителя,numeric,гр/м2,0.0,400.0,"150.00000 гр/м2, 120.00000 гр/м2, 100.00000 гр/м2, 250.00000 гр/м2, 80.00000 гр/м2, 400.00000 гр/м2, 117.00000 гр/м2, 150 г/м2 + Филгуд 100 г/м2, 0.00000 гр/м2, 245.00000 гр/м2",2242
793142813,Одежда специальная для защиты от пониженных температур,Половая принадлежность,categorical,,,,"мужской, Мужской, женский, Мужская, мужская, Женская, женское, женская, мужские, Женский",2242
793142813,Одежда специальная для защиты от пониженных температур,Световозвращающие полосы,categorical,,,,"лента, Сигнальные элементы: отделка из световозвращающего материала, лента шириной 5 см, 50 мм, Световозвращающие принты – элементы повышенной видимости, отделка из световозвращающего материала, световозвращающие принты, вставки и кант из световозвращающего материала, высококачественная световозвращающая лента шириной 5 см, лента 5 см",2242
793142813,Одежда специальная для защиты от пониженных температур,Состав,numeric,полиамид %,30.0,100.0,"100 полиамид %, 65 полиэфир, 100 хлопок %, 65% полиэфир, 74 полиамид, 100 полиэфир %, 84 полиэфир, 80 полиэфир, 70 хлопок, 70 полиэфир",2242
793142813,Одежда специальная для защиты от пониженных температур,Утеплитель,categorical,,,,"«Филгуд», Шелтер® Микро, синтепон, «Филгуд Микро», Филгуд МИКРО, Филгуд, Синтетический, 100 полипропилен гр/м2, Шелтер Микро, «Филгуд",2242
793142813,Одежда специальная для защиты от пониженных температур,Цвет,categorical,,,,"темно-синий, темно-серый, синий, черный, серый, зеленый, бежевый, сине-фиолетовый, флуоресцентный желтый с темно-синим, темно-синий с флуоресцентным оранжевым",2242
793143032,Одежда специальная для защиты от общих производственных загрязнений и механических воздействий,В составе комплекта (костюма),categorical,,,,"Куртка + брюки, Куртка + полукомбинезон, Куртка, куртка, Блузка + брюки, Куртка+брюки, блуза, Брюки + куртка, Блуза и брюки, куртка + брюки",5098
793143032,Одежда специальная для защиты от общих производственных загрязнений и механических воздействий,Вид,categorical,,,,"Одежда специальная для защиты от общих производственных загрязнений и механических воздействий, Водоотталкивающая, Куртка, Костюм, Спецзаказной, Защита от общих производственных загрязнений, Брюки, Полиэфир, Полукомбинезон, Пуговицы",5098
793143032,Одежда специальная для защиты от общих производственных загрязнений и механических воздействий,Карманы,categorical,,,,"накладные, Многофункциональные карманы, боковые, Множество функциональных карманов, Куртка: Накладные нагрудные карманы, Накладные, накладные сзади и по бокам, нагрудные и боковые карманы, Накладные карманы спереди и сзади, боковые прорезные с клапаном",5098
793143032,Одежда специальная для защиты от общих производственных загрязнений и механических воздействий,Описание,categorical,,,,"Не является медицинским изделием, Рекомендуется для персонала медицинских учреждений, Силуэт прямой, не стесняет движений, Костюм с защитными накладками из антистатической ткани: на куртке – спереди, Не является медицинским изделием. Рекомендуется для применения в учреждениях терапевтического и специализированного профилей, Модель унисекс – подходит для мужчин и женщин. Силуэт прямой. Пояс стянут эластичной тесьмой и фиксируется завязками спереди, В области подмышечных впадин вентиляция с сеткой., Брюки с поясом, Брюки с эластичной лентой по линии талии",5098
793143032,Одежда специальная для защиты от общих производственных загрязнений и механических воздействий,Отделка,categorical,,,,"малосминаемая, водоотталкивающая, масловодоотталкивающая, васильковый, «Комфорт+» (замшевое ворсование изнанки), Малосминаемая, малосминаемоя, «Софт», Масловодоотталкивающая, Полотно трикотажное влагоотводящее Montblanc Dryness",5098
793143032,Одежда специальная для защиты от общих производственных загрязнений и механических воздействий,Плотность,numeric,гр/м2,12.0,350.0,"250 гр/м2, 200 гр/м2, 245 гр/м2, 210 гр/м2, 165 гр/м2, 115 гр/м2, 180 гр/м2, 240 гр/м2, 160 гр/м2, 205 гр/м2",5098
793143032,Одежда специальная для защиты от общих производственных загрязнений и механических воздействий,Пол,categorical,,,,"мужской, женский, Мужской, Женский, женские, мжской, мужской/женский",5098
793143032,Одежда специальная для защиты от общих производственных загрязнений и механических воздействий,Световозвращающий материал,categorical,,,,"лента см, вставки и кант из световозвращающего материала см, 2, лента шириной 5 см, лента световозвращающая термоактивная сегментированная шириной 6, лента шириной 5, 5 см, лента шириной 5 сантиметров см, нет см, имеется см",5098
793143032,Одежда специальная для защиты от общих производственных загрязнений и механических воздействий,Силуэт,categorical,,,,"полуприлегающий, прямой, трапеция, полуприлегающий со шлицей, прилегающий, прятой, полуприлегающий с вертикальными рельефами",5098
793143032,Одежда специальная для защиты от общих производственных загрязнений и механических воздействий,Состав ткани,numeric,полиэфир,40.0,100.0,"65 полиэфир, 60 хлопок, 100 хлопок %, 47 бамбук, 65% полиэфир, 80 полиэфир, 55 полиэфир, 65 полиэфир 35 хлопок %, 49 хлопок, 40 хлопок",5098
793143032,Одежда специальная для защиты от общих производственных загрязнений и механических воздействий,Ткань,categorical,,,,"смесовая, «Индестрактбл», 65 полиэфир, «Супербандмастер», «Бамбук», 60 хлопок, 55 полиэфир, 70 хлопок, Индестрактбл, «Старлайт»",5098
793143032,Одежда специальная для защиты от общих производственных загрязнений и механических воздействий,Цвет,categorical,,,,"темно-синий, белый, синий, темно-серый, васильковый, серый, морская волна, бирюзовый, черный, Белый",5098
793143142,Одежда специальная для защиты от повышенных температур,В составе комплекта (костюма),categorical,,,,Куртка + брюки,9
793143142,Одежда специальная для защиты от повышенных температур,Вид,categorical,,,,"Одежда специальная для защиты от повышенных температур, С подворотом",9
793143142,Одежда специальная для защиты от повышенных температур,Материал,numeric,ПАН %,100.0,100.0,100 ПАН %,9
793143142,Одежда специальная для защиты от повышенных температур,Модель,categorical,,,,"Костюм мужской для защиты от повышенных температур, Шапка вязаная двойная на Тинсулейте® темно-синяя, Шапка трикотажная двойная с утеплителем Тинсулейт®, Костюм мужской «Горн» для защиты от повышенных температур, Шапка вязаная двойная, Плащ влагозащитный ПВХ Extra Vision WPL флуоресцентный лимонный",9
793143142,Одежда специальная для защиты от повышенных температур,Отделка,categorical,,,,"огнестойкая, огнестойкая Proban",9
793143142,Одежда специальная для защиты от повышенных температур,Плотность материала,numeric,гр/м2,225.0,335.0,"280 гр/м2, 335 гр/м2, 225 гр/м2",9
793143142,Одежда специальная для защиты от повышенных температур,Размер,numeric,-100/170-176,54.0,112.0,"55, 96-100/170-176, 104-108/170-176, 112-116/170-176, 55-62, 54-62 см",9
793143142,Одежда специальная для защиты от повышенных температур,Состав материала подкладки,categorical,,,,полиэфир,9
793143142,Одежда специальная для защиты от повышенных температур,Состав ткани,numeric,хлопок %,100.0,100.0,"100 хлопок %, 100 полиэфир %",9
793143142,Одежда специальная для защиты от повышенных температур,Ткань,categorical,,,,"«Молескин», трикотажное полотно, прочная плащевая",9
793143142,Одежда специальная для защиты от повышенных температур,Трикотажного полотна основного материала,categorical,,,,трикотажное полотно,9
793143142,Одежда специальная для защиты от повышенных температур,Утеплитель,categorical,,,,"Тинсулейт, Тинсулейт®.",9
793143252,Элементы специальной одежды и средств защиты,Вес,numeric,кг,0.18,0.18,0.18000 кг,2
793143252,Элементы специальной одежды и средств защиты,Вид,categorical,,,,Специальная экипировка,2
793143252,Элементы специальной одежды и средств защиты,Высота,numeric,мм,130.0,130.0,130.00000 мм,2
793143252,Элементы специальной одежды и средств защиты,Группа по назначению,categorical,,,,Для защиты от искр и брызг расплавленного металла,2
793143252,Элементы специальной одежды и средств защиты,Длина,numeric,мм,210.0,210.0,210.00000 мм,2
793143252,Элементы специальной одежды и средств защиты,Материал,categorical,,,,поликарбонат,2
793143252,Элементы специальной одежды и средств защиты,Материал изделия,categorical,,,,ударопрочный нейлон,2
793143252,Элементы специальной одежды и средств защиты,Модель,categorical,,,,e684,2
793143252,Элементы специальной одежды и средств защиты,Назначение,categorical,,,,для сварочных процессов MMA – TIG – MIG/MAG,2
793143252,Элементы специальной одежды и средств защиты,Совместимость,categorical,,,,к щитку сварщика модели e684,2
793143252,Элементы специальной одежды и средств защиты,Температура эксплуатации,categorical,,,,от –10 до +55 [0*]С,2
793143252,Элементы специальной одежды и средств защиты,Тип,categorical,,,,Внешнее,2
793143252,Элементы специальной одежды и средств защиты,Цвет,categorical,,,,"черный, прозрачный",2
793299344,Средства индивидуальной защиты от падения с высоты (страховочная привязь),Вид,categorical,,,,"Средства индивидуальной защиты от падения с высоты (страховочная привязь), Строп, Базовая страховочная привязь, Канат страховочный, Строп из мешковой ленты желтого цвета с резинкой внутри, Строп эластичный двойной с петлей для крепления инструментов с карабином, Строп для страховки тяжелого инструмента, Строп для страховки инструмента, Спиралевидный шнур для страховки инструмента, Набор ремней с полукольцом для страховки инструмента на изоленту",47
793299344,Средства индивидуальной защиты от падения с высоты (страховочная привязь),Длина,numeric,м,1.99,103.0,"2.00000 м, 10.00000 м, максимальная 738, 1.99000 м, 103 см, 100 см, 20.00000 м, 90 см, 20 м, 5 м",47
793299344,Средства индивидуальной защиты от падения с высоты (страховочная привязь),Масса,numeric,г,4.17,2780.0,"1350 г, 1640 г, 1170 г, 970 г, 100 г, 130 г, 210 г, 90 г, 135 г, 20 г",47
793299344,Средства индивидуальной защиты от падения с высоты (страховочная привязь),Материал,categorical,,,,"полиамид, полиэфир, Полиамид, Оцинкованная сталь, оцинкованная сталь., полиэфирный канат, пластик, винилэстеровая труба, из стального троса в ПВХ-трубке, Сталь",47
793299344,Средства индивидуальной защиты от падения с высоты (страховочная привязь),Модель,categorical,,,,"Страховочная привязь ТА20, Привязь «Высота 035» (vst 035), Строп с амортизатором регулируемый ALN111, Привязь «Высота 041» (vst 041) размер 1, Строп ленточный одинарный нерегулируемый с амортизатором «aA12» (vnt аA12), Строп двойной с амортизатором ALN202, Строп для страховки инструмента ТА113, Строп для страховки инструмента ТА205, Строп для страховки инструмента ТА125, Строп для страховки инструмента ТА105",47
793299344,Средства индивидуальной защиты от падения с высоты (страховочная привязь),Область применения,categorical,,,,"строительство, работа на высоте в условиях пониженной видимости, индустриальные высотные работы",47
793299344,Средства индивидуальной защиты от падения с высоты (страховочная привязь),Обхват груди,numeric,–140 см,75.0,80.0,"80–140 см, 75–120 см, 80–140 сантиметр (см)",47
793299344,Средства индивидуальной защиты от падения с высоты (страховочная привязь),Применение,categorical,,,,"для безопасной остановки падения и является компонентом страховочной системы, в составе страховочной системы для безопасной остановки падения совместно со страховочными привязями. Предназначен для безопасного перемещения по металлоконструкциям, для защиты от падения с высоты. Применяется при работе в опорном пространстве., при проведении работ в опорном пространстве при возможном кратковременном термическом воздействии., для безопасного перемещения по монтажным горизонтам, Регулируемая привязь, универсальное",47
793299344,Средства индивидуальной защиты от падения с высоты (страховочная привязь),Производитель,categorical,,,,ПВ ООО ФИРМА ТЕХНОАВИА,47
793299344,Средства индивидуальной защиты от падения с высоты (страховочная привязь),Рост,numeric,–200 см,160.0,170.0,"170–200 см, 160–190 см, 160-190 см",47
793299344,Средства индивидуальной защиты от падения с высоты (страховочная привязь),Статическая прочность,categorical,,,,"15 килоньютон (kn), мин. 15 килоньютон (kn), минимум 12 кН, мин 15 килоньютон (kn), мин. 15 кН., 15 килоньютон",47
793299344,Средства индивидуальной защиты от падения с высоты (страховочная привязь),Температура использования,categorical,,,,"от –60 до +50 [0*]С, от –50 до +50 [0*]С, от –60 до +50 градус цельсия (°с), -50 до +50 [0*]С, :-60 до +50 [0*]С",47
793300443,"Белье для спецодежды нательное, для взрослых",Вид,categorical,,,,"Белье для спецодежды нательное, 1 уровень, Комплект белья нательного, Термобелье, ЗЭТВ 9 кал/кв.см – защита от термического воздействия электрической дуги",62
793300443,"Белье для спецодежды нательное, для взрослых",Модель,categorical,,,,"Кальсоны трикотажные «Тироль», Фуфайка трикотажная «Тироль», Термобелье мужское «Беринг», Белье термостойкое «ВОЛЬТ л», Термобелье мужское «Беринг Фрост» (кальсоны + фуфайка), Белье термостойкое «ВОЛЬТ з», 13, Комплект белья мужского «Тайга» (трикотажное хлопчатобумажное полотно), Беринг Фрост",62
793300443,"Белье для спецодежды нательное, для взрослых",Область применения,categorical,,,,"Термобелье предназначено для действий средней активности при ношении в прохладную и холодную погоду., для холодной и очень холодной погоды, в комплекте со специальной одеждой",62
793300443,"Белье для спецодежды нательное, для взрослых",Особенности,categorical,,,,"Изготовлены из трикотажного полотна с эластичным переплетением, Фуфайка с удлиненной спинкой. Изготовлена из трикотажного полотна с эластичным переплетением, Термобелье «Беринг» выполнено из эластичного трикотажного полотна переплетения «джерси». Соединительные швы выполнены плоским швом (флэтлок), изготовлен из двухслойного трикотажного полотна с уникальной технологией вязки Raschel, Белье выполнено из трикотажного полотна с термоогнестойкими и антистатическими свойствами. Все строчки выполнены огнестойкими нитками в цвет трикотажа., Предназначено для холодной и очень холодной погоды. Температурный режим: от –20 до – 40 °C, выполнено из эластичного трикотажного полотна переплетения «джерси»",62
793300443,"Белье для спецодежды нательное, для взрослых",Плотность ткани,numeric,гр/м2,180.0,320.0,"210 гр/м2, 200 гр/м2, 250 гр/м2, 320 гр/м2, 180 гр/м2",62
793300443,"Белье для спецодежды нательное, для взрослых",Производитель,categorical,,,,Россия,62
793300443,"Белье для спецодежды нательное, для взрослых",Состав,numeric,% хлопок %,25.0,100.0,"100% хлопок %, 50 хлопок, 100% %, 50 полиэфир, 59 модакрил, хлопок 100 %, 100 хлопок %, 25 хлопок",62
793300443,"Белье для спецодежды нательное, для взрослых",Тип,categorical,,,,"хлопок, 59 % модакрил",62
793300662,Одежда специальная для защиты от термических рисков электрической дуги,Вид,categorical,,,,"Одежда специальная для защиты от термических рисков электрической дуги, из световозвращающего материала позволяют сделать человека заметным в условиях недостаточной видимости, маска сварщика, маска сварочная, ЩИТОК сварщика, ЩИТОК",49
793300662,Одежда специальная для защиты от термических рисков электрической дуги,Воротник,categorical,,,,"стойка, отложной со стойкой.",49
793300662,Одежда специальная для защиты от термических рисков электрической дуги,Застежка,categorical,,,,"Центральная потайная на пуговицы по борту и липучку на воротнике., Центральная потайная на пуговицы по борту и липучку на воротнике, Центральная на молнию",49
793300662,Одежда специальная для защиты от термических рисков электрической дуги,Защита,categorical,,,,":2 уровень защиты, :ЗЭТВ 9 кал/кв.см – защита от термического воздействия электрической дуги, :ЗЭТВ 36 кал/кв.см – защита от термического воздействия электрической дуги, 2 уровень защиты",49
793300662,Одежда специальная для защиты от термических рисков электрической дуги,Защитные свойства,categorical,,,,"ащита от термического воздействия электрической дуги, ЗЭТВ 39 кал/кв.см – защита от термического воздействия электрической дуги, ЗЭТВ 18 кал/кв.см – защита от термического воздействия электрической дуги, надежная защита глаз и лица сварщика от прямых излучений сварочной дуги, Защита от термического воздействия электрической дуги, ударопрочность, Надежная защита глаз и лица сварщика от прямых излучений сварочной дуги",49
793300662,Одежда специальная для защиты от термических рисков электрической дуги,Конструкция,categorical,,,,обеспечивает хорошую посадку на фигуре,49
793300662,Одежда специальная для защиты от термических рисков электрической дуги,Манжета,categorical,,,,рукавов застегиваются на петлю и пуговицы,49
793300662,Одежда специальная для защиты от термических рисков электрической дуги,Модель,categorical,,,,"Куртка-рубашка «ВОЛЬТ л 160-6», Куртка-накидка «ВОЛЬТ л 220/2-33», Костюм сварщика огнестойкий ткань «Молескин», Фуфайка-свитер термостойкий «ВОЛЬТ л», Костюм летний «ВОЛЬТ л 220-14», Белье термостойкое «ВОЛЬТ з», Костюм летний «ВОЛЬТ л 190/2-23», МС-2, Защитный лицевой щиток сварщика НН10-С-3 (9) Premier Favori®T (51363), Костюм летний противоэнцефалитный «ВОЛЬТ б 220/2-33»",49
793300662,Одежда специальная для защиты от термических рисков электрической дуги,Особенности модели,categorical,,,,"Куртка-рубашка комплектуется набором для мелкого ремонта: огнестойкие нитки, Костюм обеспечивает постоянную эффективную защиту от клещей (паукообразных) и гнуса – комплекса летающих кровососущих насекомых (комары",49
793300662,Одежда специальная для защиты от термических рисков электрической дуги,Плотность ткaни,numeric,гр/м2,160.0,320.0,"160 гр/м2, 280 гр/м2, 320 гр/м2, 220 гр/м2",49
793300662,Одежда специальная для защиты от термических рисков электрической дуги,Пуфта,categorical,,,,в виде треугольника внизу локтевых швов закрывает разрез рукава – для защиты возможной зоны поражения.,49
793300662,Одежда специальная для защиты от термических рисков электрической дуги,Рукава,categorical,,,,"с фигурным локтевым швом соответствуют основному положению рук при работе, Низ регулируется по ширине патами с фиксацией на текстильную контактную ленту (липучку).",49
793300662,Одежда специальная для защиты от термических рисков электрической дуги,Ткань основная,categorical,,,,"арамидная термоогнестойкая, 93 мета-арамид, 98 мета-арамид, 59 модакрил",49
793300772,"Средства защиты ног, кроме обуви специальной",Вид,categorical,,,,"Средства защиты ног, наколенники, Чулок вкладной, Ботинки, Наколенники",8
793300772,"Средства защиты ног, кроме обуви специальной",Внутренний слой,categorical,,,,Металлизированная пленка,8
793300772,"Средства защиты ног, кроме обуви специальной",Материал,categorical,,,,трехслойное нетканое полотно «Полизон»,8
793300772,"Средства защиты ног, кроме обуви специальной",Материал корпуса,categorical,,,,ЭВА,8
793300772,"Средства защиты ног, кроме обуви специальной",Метод крепления подошвы,categorical,,,,клеепрошивной,8
793300772,"Средства защиты ног, кроме обуви специальной",Модель,categorical,,,,"Чулки вкладные «Полизон», Наколенники «Универсал», Омон, «Спринг», Наколенники Gelenk-Top (Геленк-Топ) № 23 для шахтеров",8
793300772,"Средства защиты ног, кроме обуви специальной",Подкладка,categorical,,,,нетканое полотно повышенной плотности устойчивое к истиранию,8
793300772,"Средства защиты ног, кроме обуви специальной",Подносок,categorical,,,,термопластичный,8
793300772,"Средства защиты ног, кроме обуви специальной",Размер,numeric,(247),39.0,47.0,"39 (247), 45 (292), 44 (285), 42 (270), 47",8
793300772,"Средства защиты ног, кроме обуви специальной",Температурный режим,categorical,,,,до -30 [0*]С,8
793300772,"Средства защиты ног, кроме обуви специальной",Цвет,categorical,,,,"черный, Серый с черным, серый с черным",8
793302093,Средства дезинсекционные,Вид,categorical,,,,"Бытовая химия, Средства дезинсекционные",1
793302093,Средства дезинсекционные,Время защитного действия при нанесении на кожу,categorical,,,,более 4 часов,1
793302093,Средства дезинсекционные,Время защитного действия при нанесении на одежду о,categorical,,,,до 30 сут,1
793302093,Средства дезинсекционные,Модель,categorical,,,,Аэрозоль-репеллент «Рефтамид Максимум» 147 мл,1
793302093,Средства дезинсекционные,Объем,numeric,см[3*],147.0,147.0,147.00000 см[3*],1
793302093,Средства дезинсекционные,Состав,categorical,,,,N,1
793302093,Средства дезинсекционные,Способ применения,categorical,,,,Перед применением баллон встряхнуть. Распылить средство на ладонь и нанести,1
793302204,Мыло туалетное жидкое,Вес,numeric,кг,0.25,0.5,"0.25000 кг, 0.50000 кг",2
793302204,Мыло туалетное жидкое,Вид,categorical,,,,"крем жидкое, бутыль с помпой-дозатором",2
793302204,Мыло туалетное жидкое,Назначение,categorical,,,,Применяется для удаления легких производственных загрязнений и защитных кремов с кожи рук и лица.,2
793302204,Мыло туалетное жидкое,Объем,numeric,Л,0.025,0.5,"0.02500 Л, 0.50000 Л",2
793303632,Средства для индивидуальной защиты кожи,Вид,categorical,,,,"Восстанавливающий регенерирующий крем, Крем защитный гидрофобного действия, Косметика, Средства косметические, Средства для индивидуальной защиты кожи, Очищающая паста с натуральными абразивными гранулами",7
793303632,Средства для индивидуальной защиты кожи,Время действия,categorical,,,,не менее 4 часов.,7
793303632,Средства для индивидуальной защиты кожи,Масса,numeric,г,100.0,200.0,"100 г, 200 г",7
793303632,Средства для индивидуальной защиты кожи,Назначение,categorical,,,,"Эффективно восстанавливает кожу рук, предназначен для защиты кожи от водорастворимых вредных производственных факторов и веществ (растворов щелочей, После окончания работ нанести 0, предназначен для защиты кожи от пониженных температур, Предназначена для быстрой ежедневной очистки открытых участков кожи от широкого спектра устойчивых загрязнений (графит",7
793303632,Средства для индивидуальной защиты кожи,Объем,numeric,см[3*],100.0,200.0,"100 см[3*], 100.00000 см[3*], 100 миллилитр, 200 см[3*]",7
793303632,Средства для индивидуальной защиты кожи,Содержит,categorical,,,,"провитамины и специальные увлажняющие и питающие компоненты, увлажняющие и питающие компоненты, Содержит натуральные",7
793303632,Средства для индивидуальной защиты кожи,Срок хранения,numeric,мес,30.0,30.0,30 мес,7
793303632,Средства для индивидуальной защиты кожи,Температурный режим использования,categorical,,,,от 0 и выше [0*]С,7
793303632,Средства для индивидуальной защиты кожи,Тип,categorical,,,,"Флип-Топ с пластиковым контролем первого вскрытия, экструзионная туба, Гидрофильного действия (гидрофильный), Защита от пониженных температур",7
793303632,Средства для индивидуальной защиты кожи,Торговая марка,categorical,,,,Garda,7
793306602,Принадлежности для ухода за одеждой и обувью,Вид,categorical,,,,"Принадлежности и инвентарь бытовые, Принадлежности для ухода за одеждой и обувью",1
793306602,Принадлежности для ухода за одеждой и обувью,Материал,categorical,,,,прочная высококачественная сталь с эмалевым покрытием,1
793306602,Принадлежности для ухода за одеждой и обувью,Модель,categorical,,,,Ложка для обуви SALTON металлическая,1
793306602,Принадлежности для ухода за одеждой и обувью,Назначение,categorical,,,,Для быстрого и комфортного надевания обуви,1
793306602,Принадлежности для ухода за одеждой и обувью,Цвет,categorical,,,,желтый,1
793315402,Пижамы для взрослых,Комплектность,categorical,,,,"фуфайка и кальсоны, Кальсоны+фуфайка, Кальсоны + фуфайка, Лосины + фуфайка",37
793315402,Пижамы для взрослых,Модель,categorical,,,,"Белье мужское утепленное «Камыш» (трикотажное полотно х/б с начесом), Белье мужское «Тайга» (трикотажное полотно х/б), Белье мужское «Тайга» (трикотажное полотно х/б) р.96/182-188, Белье мужское утепленное «Камыш» (трикотажное полотно х/б с начесом) р 96/182-188, Белье мужское «Тайга» (трикотажное полотно х/б) р 104/182-188, Термобелье мужское Island Cup р.108-112, Термобелье мужское Island Cup р.92-96, Термобелье мужское Island Cup р.100-104, Термобелье мужское «Беринг» р.48/170, Термобелье женское «Беринг» р. 48/170",37
793315402,Пижамы для взрослых,Назначение,categorical,,,,для действий средней активности при ношении в прохладную и холодную погоду,37
793315402,Пижамы для взрослых,Плотность,numeric,гр/м2,180.0,230.0,"230 гр/м2, 180 гр/м2, 200 г/кв.м, 200 гр/м2",37
793315402,Пижамы для взрослых,Пол,categorical,,,,"мужской, женский",37
793315402,Пижамы для взрослых,Рост,numeric,/182-188,48.0,176.0,"96/182-188, 116/170-176, 108/182-188, 100/170-176, 100/182-188, 116/182-188, 176 см, 120/194-200, 124/182-188, 108/170-176",37
793315402,Пижамы для взрослых,Состав,numeric,хлопок %,30.0,100.0,"100 хлопок %, 30 шерсть, 50 хлопок",37
793315402,Пижамы для взрослых,Цвет,categorical,,,,"зеленый, черный, Зеленый",37
793315842,Ветровки для взрослых,Модель,categorical,,,,"Куртка-ветровка мужская «Реал», Куртка-ветровка мужская «Реал» р.128-132/170-176",5
793315842,Ветровки для взрослых,Отделка ткани,categorical,,,,водоотталкивающая,5
793315842,Ветровки для взрослых,Пол,categorical,,,,мужской,5
793315842,Ветровки для взрослых,Рост,numeric,-176,88.0,170.0,"170-176, 88-92/170-176, 96-100/170-176",5
793315842,Ветровки для взрослых,Состав ткани верха,numeric,% полиамид,100.0,100.0,100% полиамид,5
793315842,Ветровки для взрослых,Ткань верха,categorical,,,,мембранная,5
793315842,Ветровки для взрослых,Цвет,categorical,,,,серый,5
793315844,Куртки для взрослых из текстильных материалов демисезонные,Вид,categorical,,,,"Куртки для взрослых из текстильных материалов демисезонные, Куртки для взрослых из текстильных материалов, Куртки для взрослых",29
793315844,Куртки для взрослых из текстильных материалов демисезонные,Воротник,categorical,,,,:стойка,29
793315844,Куртки для взрослых из текстильных материалов демисезонные,Застёжка,categorical,,,,двухзамковая металлическая молния и потайные кнопки,29
793315844,Куртки для взрослых из текстильных материалов демисезонные,Карманы,categorical,,,,:с клапанами на кнопках и прорезные карманы,29
793315844,Куртки для взрослых из текстильных материалов демисезонные,Модель,categorical,,,,"Куртка мужская утепленная «Аэро», Куртка мужская демисезонная лётная",29
793315844,Куртки для взрослых из текстильных материалов демисезонные,Плотность ткани,numeric,г/кв.м,110.0,110.0,110 г/кв.м,29
793315844,Куртки для взрослых из текстильных материалов демисезонные,Плотность утеплителя,numeric,гр/м2,150.0,150.0,150 гр/м2,29
793315844,Куртки для взрослых из текстильных материалов демисезонные,Рост,numeric,/188,92.0,132.0,"120/188, 128/188, 128/182, 124/182, 100/188, 104/176, 132/188, 132/182, 132/176, 128/176",29
793315844,Куртки для взрослых из текстильных материалов демисезонные,Ткань,numeric,полиэфир %,100.0,100.0,100 полиэфир %,29
793315844,Куртки для взрослых из текстильных материалов демисезонные,Утеплитель,categorical,,,,:Шелтер® Микро,29
793315844,Куртки для взрослых из текстильных материалов демисезонные,Цвет,categorical,,,,"черно-синий, Темно - синий",29
793315955,Пальто для взрослых из текстильных материалов зимние,Вид,categorical,,,,"Пальто для взрослых, Пальто для взрослых из текстильных материалов, Пальто для взрослых из текстильных материалов зимние",1
793315955,Пальто для взрослых из текстильных материалов зимние,Застёжка,categorical,,,,двухзамковая молния,1
793315955,Пальто для взрослых из текстильных материалов зимние,Капюшон,categorical,,,,Мягкий теплый несъемный капюшон с подкладкой из искусственного меха,1
793315955,Пальто для взрослых из текстильных материалов зимние,Карманы,categorical,,,,В рельефах – боковые карманы на потайной молнии,1
793315955,Пальто для взрослых из текстильных материалов зимние,Модель,categorical,,,,Пальто женское зимнее «Герда»,1
793315955,Пальто для взрослых из текстильных материалов зимние,Отделка,categorical,,,,водоотталкивающая,1
793315955,Пальто для взрослых из текстильных материалов зимние,Подкладка,numeric,полиэфир с антистатической отделкой %,100.0,100.0,100 полиэфир с антистатической отделкой %,1
793315955,Пальто для взрослых из текстильных материалов зимние,Рукава,categorical,,,,с трикотажными напульсниками внутри.,1
793315955,Пальто для взрослых из текстильных материалов зимние,Ткань верха,numeric,полиэфир %,100.0,100.0,100 полиэфир %,1
793315955,Пальто для взрослых из текстильных материалов зимние,Цвет,categorical,,,,:темно-синий,1
793316172,Куртки для взрослых из текстильных материалов зимние,Вид,categorical,,,,"Куртки для взрослых из текстильных материалов, Куртки для взрослых, Куртки для взрослых из текстильных материалов зимние",56
793316172,Куртки для взрослых из текстильных материалов зимние,Застежка,categorical,,,,"на двухзамковую молнию и внешний ветрозащитный клапан на кнопках, двухзамковая молния и ветрозащитный клапан, двухзамковая молния",56
793316172,Куртки для взрослых из текстильных материалов зимние,Количество слоев утеплителя,numeric,шт,3.0,3.0,"3, 3 шт",56
793316172,Куртки для взрослых из текстильных материалов зимние,Модель,categorical,,,,"Куртка мужская зимняя «Айсберг», Куртка женская зимняя «Исландия», Куртка женская зимняя «Ладога», Куртка мужская утепленная «Аэро», Куртка мужская зимняя «Буран», Куртка мужская ""МТ 2"" для защиты от пониженных температур, Куртка мужская зимняя «Байкал-2» (3(4) класс защиты), Куртка мужская зимняя «Прайм», Куртка мужская зимняя «Аляска», Куртка мужская зимняя «Прайм» р.112-116/170-176",56
793316172,Куртки для взрослых из текстильных материалов зимние,Назначение,categorical,,,,"для защиты от пониженных температур, защита от пониженных температур, для защиты от пониженных температур воздуха и ветра",56
793316172,Куртки для взрослых из текстильных материалов зимние,Отделка ткани,categorical,,,,"водоотталкивающая, масловодоотталкивающая, ветрозащитная",56
793316172,Куртки для взрослых из текстильных материалов зимние,Подкладка,numeric,полиэфир %,100.0,100.0,"100 полиэфир %, 100 полиэфир и флис %, 100 полиэфир + ветрозащитная ткань (100 полиэфир) %",56
793316172,Куртки для взрослых из текстильных материалов зимние,Пол,categorical,,,,"мужской, Мужской, женский",56
793316172,Куртки для взрослых из текстильных материалов зимние,Сезон,categorical,,,,"зима, Зима",56
793316172,Куртки для взрослых из текстильных материалов зимние,Сигнальные элементы,categorical,,,,световозвращающие принты,56
793316172,Куртки для взрослых из текстильных материалов зимние,Состав ткани верха,numeric,полиамид %,67.0,100.0,"100 полиамид %, 100% полиамид, 67 полиэфир",56
793316172,Куртки для взрослых из текстильных материалов зимние,Ткань верха,categorical,,,,"мембранная «Полириб Н», мембранная, «Полириб Н» мембранная (LT-membrane™, Полиамид, «Фореман», Мембранная, мембрана",56
793316172,Куртки для взрослых из текстильных материалов зимние,Утеплитель,categorical,,,,"Шелтер® Микро, «Филгуд», Филгуд, синтепон, :Шелтер® Микро",56
793316172,Куртки для взрослых из текстильных материалов зимние,Цвет,categorical,,,,"основной – темно-серый, серый, темно-синий, синий, черно-синий, сочетание светло-коричневого и темно-коричневого, сочетание темно-синего и зеленого, черный, сине-фиолетовый",56
793316282,Куртки для взрослых с верхом из меха зимние,Вид,categorical,,,,"Куртки для взрослых с верхом из меха, Куртки для взрослых с верхом из меха зимние, Куртки для взрослых",9
793316282,Куртки для взрослых с верхом из меха зимние,Застежка,categorical,,,,"двухзамковая молния и ветрозащитный клапан, двухзамковая молния и внешний ветрозащитный клапан на кнопках",9
793316282,Куртки для взрослых с верхом из меха зимние,Количество слоев утеплителя,numeric,шт,3.0,3.0,3 шт,9
793316282,Куртки для взрослых с верхом из меха зимние,Материал опушки капюшона,categorical,,,,с опушкой из натурального меха (енот),9
793316282,Куртки для взрослых с верхом из меха зимние,Модель,categorical,,,,"Куртка мужская зимняя «Аляска», Куртка мужская зимняя «Тироль»",9
793316282,Куртки для взрослых с верхом из меха зимние,Назначение,categorical,,,,для защиты от пониженных температур воздуха и ветра,9
793316282,Куртки для взрослых с верхом из меха зимние,Отделка ткани,categorical,,,,"ветрозащитная, масловодоотталкивающая Teflon® (DuPont)",9
793316282,Куртки для взрослых с верхом из меха зимние,Плотность ткани,numeric,г/кв.м,180.0,195.0,"180 г/кв.м, 195 г/кв.м",9
793316282,Куртки для взрослых с верхом из меха зимние,Подкладка,numeric,полиэфир %,100.0,100.0,100 полиэфир %,9
793316282,Куртки для взрослых с верхом из меха зимние,Пол,categorical,,,,"мужской, Мужской",9
793316282,Куртки для взрослых с верхом из меха зимние,Сигнальные элементы,categorical,,,,световозвращающие принты,9
793316282,Куртки для взрослых с верхом из меха зимние,Состав ткани верха,categorical,,,,"«Полириб Н» 100 полиамид %, 74 полиамид",9
793316282,Куртки для взрослых с верхом из меха зимние,Утеплитель,categorical,,,,«Филгуд»,9
793316282,Куртки для взрослых с верхом из меха зимние,Цвет,categorical,,,,"черный, темно-серый",9
793316613,Шапки зимние для взрослых,Вид,categorical,,,,"Шапки, Шапки зимние для взрослых, шапка-ушанка, шапка",46
793316613,Шапки зимние для взрослых,Материал утеплителя,categorical,,,,Шелтер® Микро,46
793316613,Шапки зимние для взрослых,Модель,categorical,,,,"Шапка-ушанка «Енисей» с креплениями под каску, Шапка-ушанка «Норд», «Капитан», Шапка трикотажная двойная с утеплителем Тинсулейт®, Шапка вязаная Skydd (Скидд) с мембраной eVent темно-синяя, Шапка трикотажная двойная с утеплителем Тинсулейт® флуоресцентная лимонная, Шапка-ушанка «Капитан» р 57, Шапка-ушанка «Капитан» р 58, Шапка вязаная двойная на Тинсулейте® темно-синяя, Шапка вязаная двойная на Тинсулейте",46
793316613,Шапки зимние для взрослых,Описание,categorical,,,,"Ушки со шнурком с фиксатором могут застегиваться под подбородком, Шапка-ушанка предназначена для использования в условиях умеренных",46
793316613,Шапки зимние для взрослых,Особенности,categorical,,,,"Имеются слуховые отверстия, Середина – ПТФЕ-мембрана прямой вентиляции eVent",46
793316613,Шапки зимние для взрослых,Подкладка,categorical,,,,"овчина меховая и фланель, флис, вискоза, 100% вискоза, флис (полиэфир), 100 вискоза %, Флис",46
793316613,Шапки зимние для взрослых,Размер,numeric,-62,54.0,64.0,"55-62, 59, 57, 58, 60, 61, 56, 62, 64, 54",46
793316613,Шапки зимние для взрослых,Состав,numeric,полиамид %,50.0,100.0,"100 полиамид %, 65 полиэфир, 100 ПАН %, 50 шерсть, 100 полиэфир %",46
793316613,Шапки зимние для взрослых,Ткань,categorical,,,,"«Полириб Н», трикотажное полотно",46
793316613,Шапки зимние для взрослых,Утеплитель (подкладка),categorical,,,,"Шелтер® Микро и натуральный мех, Шелтер® Микро 150 г/кв.м, Тинсулейт, Тинсулейт®., Искусственный мех, Шелтер® Микро, Тинсулейт®",46
793316613,Шапки зимние для взрослых,Цвет,categorical,,,,"синий, темно-синий, черный, синяя, Серый, флуоресцентный лимонный., черно-белый, оливковый, флуоресцентный оранжевый, Темно-синий",46
793334322,Бельевые изделия нательные спортивные для взрослых,В составе комплекта (костюма),categorical,,,,лосины+фуфайка,12
793334322,Бельевые изделия нательные спортивные для взрослых,Вид,categorical,,,,"Термобелье, Спортивная одежда для взрослых, Белье спортивное для взрослых",12
793334322,Бельевые изделия нательные спортивные для взрослых,Комплект,categorical,,,,кальсоны + фуфайка/,12
793334322,Бельевые изделия нательные спортивные для взрослых,Модель,categorical,,,,"Беринг, Термобелье женское Island Cup, Термобелье мужское Island Cup р.112-116",12
793334322,Бельевые изделия нательные спортивные для взрослых,Назначение,categorical,,,,Специальное двухслойное термобелье разработано для использования в суровых климатических условиях.,12
793334322,Бельевые изделия нательные спортивные для взрослых,Плотность,numeric,гр/м2,200.0,200.0,200 гр/м2,12
793334322,Бельевые изделия нательные спортивные для взрослых,Половой признак,categorical,,,,Мужской,12
793334322,Бельевые изделия нательные спортивные для взрослых,Размер,numeric,-92 (S),88.0,112.0,"88-92 (S), 112-116, 104-108 (XL), 96-100 (L)",12
793334322,Бельевые изделия нательные спортивные для взрослых,Размер российский,numeric,/182,88.0,116.0,"92/176, 100/182, 104/182, 108/188 см, 112/188, 116/188 см, 88/170",12
793334322,Бельевые изделия нательные спортивные для взрослых,Рост,numeric,/176 см,96.0,176.0,"96/176 см, 176 см",12
793334322,Бельевые изделия нательные спортивные для взрослых,Состав,numeric,% хлопок,30.0,50.0,"50% хлопок, 30 шерсть, 50 хлопок",12
793334322,Бельевые изделия нательные спортивные для взрослых,Цвет,categorical,,,,"черный, Черный",12
793341142,Джемперы для взрослых,Вид,categorical,,,,"Джемперы для взрослых, Джемперы",10
793341142,Джемперы для взрослых,Модель,categorical,,,,Джемпер полушерстяной (без рукавов),10
793341142,Джемперы для взрослых,Пол,categorical,,,,мужской,10
793341142,Джемперы для взрослых,Рост,numeric,/182-188,96.0,112.0,"96/182-188, 112/170-176, 112/182-188, 100/182-188, 104/182-188, 96/170-176, 108/182-188, 104/170-176, 108/170-176, 100/170-176",10
793341142,Джемперы для взрослых,Состав,numeric,полиакрил,50.0,50.0,50 полиакрил,10
793341252,Свитеры для взрослых,Вид,categorical,,,,"Джемперы, Свитеры для взрослых",1
793341252,Свитеры для взрослых,Вырез,categorical,,,,круглый,1
793341252,Свитеры для взрослых,Материал,numeric,шерсть,30.0,30.0,30 шерсть,1
793341252,Свитеры для взрослых,Модель,categorical,,,,Свитер полушерстяной,1
793341252,Свитеры для взрослых,Размер,numeric,/170-176,96.0,96.0,96/170-176,1
793347084,Перчатки из полимерных материалов для защиты от внешних воздействий,Вид,categorical,,,,"Перчатки из полимерных материалов для защиты от внешних воздействий, Средства защиты рук, перчатки, Хлопковое напыление с антибактериальной обработкой, Поливинилхлоридное, От механических воздействий, нитрил, Перчатки, От органических растворителей, резинка",136
793347084,Перчатки из полимерных материалов для защиты от внешних воздействий,Защитные свойства,categorical,,,,"Предназначены для защиты рук от растворов кислот и щелочей концентрации до 20%, для защиты от механических воздействий (истирание) и общих производственных загрязнений, Обладают отличной эластичностью, для защиты от механических воздействий (истирание) и общих производственных загрязнений., Обладают высокой устойчивостью ко многим кислотам и щелочам (концентрация до 40%) и к неорганическим растворителям, кожаный усилитель на большом и указательном пальцах",136
793347084,Перчатки из полимерных материалов для защиты от внешних воздействий,Класс вязки,numeric,класс,7.5,18.0,"15, 15.00000 класс, 13, 10, 13.00000 класс, 7.50000 петаль на дюйм, 18",136
793347084,Перчатки из полимерных материалов для защиты от внешних воздействий,Материал основы,categorical,,,,"полиэфир, :хлопок, бамбук, нитрил, :полиэфир, хлопчатобумажное полотно, :хлопковое джерси, хлопковое джерси, трикотажное х/б полотно джерси, полиэстер",136
793347084,Перчатки из полимерных материалов для защиты от внешних воздействий,Материал перчаток,categorical,,,,"Хлопчатобумажная ткань, 100 натуральный латекс, Хлопок, латекс 100, Полиамид 97%, Полиамид 97, Полиэфир, Кожа, 98 % мета-арамид, Нитрил",136
793347084,Перчатки из полимерных материалов для защиты от внешних воздействий,Материал покрытия,categorical,,,,"нитрильный латекс, нитрил, :нитрил, нитрильный латекс (нитрил), полиуретан, ПВХ, :нитрильный латекс, бутадиен-нитрильный латекс (нитрил), прочная и мягкая свиная кожа особой выделки, натуральный каучук",136
793347084,Перчатки из полимерных материалов для защиты от внешних воздействий,Назначение,categorical,,,,"работы с замасленными и мелкими деталями, Применяются для выполнения точных работ, для защиты рук от механических воздействий и пониженных температур при эксплуатации в I, ремонтные, для защиты от поражения электрическим током, для защиты от механических воздействий (истирания, Дышащие защитные перчатки, строительные работы, обращение с химическими средствами при низких температурах, для работы в тяжелых условиях с химическими растворами большой концентрации. Пригодны для технического обслуживания оборудования на предприятиях химической",136
793347084,Перчатки из полимерных материалов для защиты от внешних воздействий,Размер,numeric,(9),2.0,27.0,"10, 9, 11, 8, 7, XL (10), 24 (9), 27-29 (10-11), L (9), 4",136
793347084,Перчатки из полимерных материалов для защиты от внешних воздействий,Размер перчаток,numeric,,7.0,10.0,"9.00000, 8.00000, :10, 10.00000, 7.00000",136
793347084,Перчатки из полимерных материалов для защиты от внешних воздействий,Толщина,numeric,мм,0.02,1.3,"0.40000 мм, 0.30000 мм, 1.30000 мм, 0.67000 мм, 0.75000 мм, 0.70000 мм, 0.68000 мм, 0.02000 мм",136
793347963,Перчатки трикотажные для защиты от внешних воздействий,Вид,categorical,,,,"Перчатки трикотажные для защиты от внешних воздействий, Средства защиты рук, перчатки, Хлопковое напыление внутри перчатки с антибактериальной обработкой, Гладкое ПВХ-покрытие, нитрил, двухслойное, Защита рук от механических воздействий и истиранию, Латекс, Перчатки с полным нитрильным покрытием",79
793347963,Перчатки трикотажные для защиты от внешних воздействий,Защитные свойства,categorical,,,,"Перчатки имеют защиту против истирания на уровне 3, защита от термического воздействия электрической дуги, Обладают высокой прочностью, Обладают высокой устойчивостью к воздействию кислот (до 80%) и щелочей (40%), Защита от механических воздействий, Обладают высокой устойчивостью к воздействию кислот (до 80%) и щелочей (50%), От механических травм рук работника, часть перчатки между большим и указательным пальцем усилена дополнительной защитной накладкой, Ми Нс Нм",79
793347963,Перчатки трикотажные для защиты от внешних воздействий,Класс вязки,numeric,класс,7.0,15.0,"10, 10.00000, 13.00000, 13, 15, 15.00000, 7.00000, 10 класс, 7, 13 петель на дюйм",79
793347963,Перчатки трикотажные для защиты от внешних воздействий,Модель,categorical,,,,"Перчатки термостойкие «ВОЛЬТ л», Перчатки трикотажные «Гриф» с точечным ПВХ-покрытием ладони (10 класс), Перчатки полушерстяные двухслойные, Перчатки Antistatic («Антистатик»), Перчатки Sigma («Сигма»), Перчатки BUILD (Билд), Перчатки HyFlex® 48-101 (Хайфлекс) (Сенсилайт), Перчатки FREJUS (Фреджус), Перчатки трикотажные с латексным покрытием ладони, Перчатки трикотажные «Зима» утепленные с точечным ПВХ-покрытием ладони",79
793347963,Перчатки трикотажные для защиты от внешних воздействий,Назначение,categorical,,,,"для защиты рук от механических воздействий и истирания, для защиты рук от механических воздействий (истирания)., для работы с сухими предметами, строительные работы, для строительных работ, для защиты рук от механических воздействий и общепроизводственных загрязнений в холодную погоду, автомобильная и электронная промышленность, для защиты от нефти, для защиты рук от механических воздействий (истирания), электронная промышленность",79
793347963,Перчатки трикотажные для защиты от внешних воздействий,Описание,categorical,,,,"Перчатки бесшовные, Уникальное двухслойное нитрильное покрытие сохраняет эластичность при пониженных температурах, комфортные",79
793347963,Перчатки трикотажные для защиты от внешних воздействий,Особенности,categorical,,,,"трикотажные перчатки изготовлены из комбинированного сырья (полиэфирной нити и хлопчатобумажной пряжи). Имеют точечное ПВХ-покрытие ладони, Комфортные и теплые, рельефное латексное покрытие идеально подходит для надежного захвата мокрых скользких предметов. Бесшовная основа из 100% акрила с начесом обеспечивает тепло и комфорт рукам, высококачественные трикотажные бесшовные перчатки с протектором из поливинилхлорида на ладонной части, применение высококачественного комбинированного сырья (полиэфирной нити и хлопчатобумажной пряжи) создает дополнительную прочность трикотажа на разрыв и истирание, прочные морозостойкие перчатки для защиты от механических воздействий и нефтепродуктов., Особое плюшевое переплетение основы и сам материал перчатки обеспечивают комфорт и тепло в условиях пониженных температур. Точечное покрытие облегчает захват скользких предметов., двойное латексное покрытие ладони и кончиков пальцев обеспечивает хороший захват и значительно повышает износостойкость, плотные износостойкие трикотажные перчатки изготовлены из хлопкополиэфирной пряжи с высоким содержанием хлопка, отсутствие швов предотвращает натирание кожи рук",79
793347963,Перчатки трикотажные для защиты от внешних воздействий,Плотность материала,numeric,гр/м2,440.0,440.0,440 гр/м2,79
793347963,Перчатки трикотажные для защиты от внешних воздействий,Размeр,numeric,(22),8.0,11.0,"9, 8, 10, 11 (22), 10 (20), L",79
793347963,Перчатки трикотажные для защиты от внешних воздействий,Размер,numeric,(18),7.0,12.0,"10.00000, 9.00000, 9, 8.00000, 11.00000, 10, 8, 7.00000, 7, 9 (18)",79
793347963,Перчатки трикотажные для защиты от внешних воздействий,Состав ткани,numeric,хлопок,50.0,100.0,"98 мета-арамид, 50 хлопок, 75 хлопок, 100 ПАН (акрил) %, 65 HPPE (высокомодульное полиэтиленовое волокно), 85 нейлон",79
793347964,Рукавицы для защиты от внешних воздействий,Вес,numeric,г,400.0,400.0,400 г,22
793347964,Рукавицы для защиты от внешних воздействий,Вид,categorical,,,,"Рукавицы, Средства защиты рук, натуральная овчина, Тинсулейт® 3М™, Перчатки для сварочных работ, Шерстяной мех на трикотажной основе (состав: 50% натуральная шерсть, Для защиты от механических воздействий от истирания, Защита от общих загрязнений (З), Натуральная овчина, натуральная кожа козленка",22
793347964,Рукавицы для защиты от внешних воздействий,Защита,categorical,,,,"Нс Нм К80 Щ50 Ми Мп Тн, от контакта с нагретыми поверхностями",22
793347964,Рукавицы для защиты от внешних воздействий,Защитные свойства,categorical,,,,"устойчивость к жирам, Предназначены для защиты рук от искр, Отличная защита от пониженных температур, Ми",22
793347964,Рукавицы для защиты от внешних воздействий,Материал верха,categorical,,,,отборный шлифованный однородный кожевенный спилок высшего сорта толщиной 1,22
793347964,Рукавицы для защиты от внешних воздействий,Материал подкладки,categorical,,,,"х/б полотно, флис, натуральная овчина, полушерстяной ватин",22
793347964,Рукавицы для защиты от внешних воздействий,Модель,categorical,,,,"Рукавицы меховые, Рукавицы меховые с кожаным наладонником, Рукавицы утепленные «Йока Терм R101», Рукавицы зимние «Маламут», Перчатки Jamboo 7.422 («Джамбо») из спилка КРС с крагами, Перчатки ARGO (Арго) кожаные с крагами из спилка КРС, Рукавицы утепленные, Рукавицы комбинированные с наладонником, Перчатки-краги спилковые утепленные «Полар Гард», Перчатки JAMBOO POLUS (Джамбо Полюс) из спилка КРС с крагами",22
793347964,Рукавицы для защиты от внешних воздействий,Назначение,categorical,,,,"для сварочных работ всех видов, предназначены для защиты рук от механических воздействий (истирания) и общих производственных загрязнений в условиях воздействия пониженных температур., для защиты рук от механических воздействий и пониженных температур при эксплуатации в I, Рукавицы предназначены для защиты рук от механических воздействий (истирания) и общих производственных загрязнений в условиях воздействия пониженных температур., Используются в зимнее время для различных видов работ, Предназначены для работы в условиях пониженных температур, для сварочных работ, для защиты рук от общепроизводственных загрязнений, защиты рук от механических воздействий и общих производственных загрязнений",22
793347964,Рукавицы для защиты от внешних воздействий,Особенности,categorical,,,,вкладками из искусственного меха,22
793347964,Рукавицы для защиты от внешних воздействий,Особенности модели,categorical,,,,"увеличенный раструб манжеты, откидывающийся клапан превращает рукавицы в перчатки с открытыми пальцами, Изготовлены из высококачественной овечьей кожи толщиной 1, Для эксплуатации в I, отлично подходят для любых работ",22
793347964,Рукавицы для защиты от внешних воздействий,Размер,numeric,(27),2.0,35.0,"2 (27), 10.00000, 11.00000, 25-27 (9, 23-24 (8, 2, 2 см, 27.00000, 10, 35",22
793348072,Брюки для взрослых,Вид,categorical,,,,"Брюки, Брюки для взрослых, на молнию и пуговицу, Застежка на молнию и кнопки., на две пуговицы и гульфиком в среднем шве на молнию",286
793348072,Брюки для взрослых,Карманы,categorical,,,,"4 кармана – по 2 спереди и сзади, Множество карманов, джинсовые боковые, спереди и сзади, боковые, Карманы прорезные на молнии, накладные, Боковые, 4 кармана – по 2 спереди и сзади., передние боковые",286
793348072,Брюки для взрослых,Модель,categorical,,,,"Брюки женские «Стелла» светло-серые, Брюки женские «Афина» розовые, Брюки мужские летние «Мегаполис», Брюки мужские зимние «Айсберг», Брюки женские «Медик» бирюзовые, Брюки женские летние «Универсал» черные, Брюки женские «Бьянка-2», Брюки мужские летние «Дублин», Брюки женские летние «Сити» темно-серые, Брюки женские летние «Дунай»",286
793348072,Брюки для взрослых,Назначение,categorical,,,,"для защиты от общих производственных загрязнений и механических воздействий, Защита от общепроизводственных загрязнений, Не является медицинским изделием, для защиты от пониженных температур, Для защиты от механических воздействий и общих производственных загрязнений, для работ, защита от общих производственных загрязнений, 01.19.01.03.01 БРЮКИ ДЛЯ ВЗРОСЛЫХ""",286
793348072,Брюки для взрослых,Плотность,numeric,г/кв.м,115.0,250.0,"245 г/кв.м, 210 г/кв.м, 165 гр/м2, 160 гр/м2, 205 г/кв.м, 165 г/кв.м, 200 г/кв.м, 115 гр/м2, 180 г/кв.м, 220 г/кв.м",286
793348072,Брюки для взрослых,Половая принадлежность,categorical,,,,"женский, мужской, женские, Мужской, Женский, мужские",286
793348072,Брюки для взрослых,Пояс,categorical,,,,"стянут эластичной тесьмой и фиксируется шнурком спереди, Хлястики на талии для регулировки объема, по бокам регулируется эластичной тесьмой, со шлевками, с эластичной тесьмой и шлевками для ремня, со шлевками и хлястиками для регулирования объема., Пояс регулируется по объему патами. Брюки комплектуются съемным поясом из стропы с пластмассовой пряжкой., наличие",286
793348072,Брюки для взрослых,Состав,numeric,полиэфир,47.0,65.0,"65 полиэфир, 47 бамбук, 65% полиэфир, полиамид, 47% бамбук",286
793348072,Брюки для взрослых,Состав ткани,numeric,полиэфир,40.0,100.0,"65 полиэфир, 65% полиэфир, 49 хлопок, 100 полиамид %, 47 бамбук, шерсть 45, 65 полиэфир 35 хлопок %, 40% хлопок, 44 шерсть, 60% хлопок",286
793348072,Брюки для взрослых,Ткань,categorical,,,,"малосминаемая, «Индестрактбл», малоусадочная, «Супербандмастер», смесовая, Индестрактбл, «Спотлайт Эпик» смесовая, «Супербандмастер» смесовая, «Шоустар», «Полириб Н»",286
793348072,Брюки для взрослых,Цвет,categorical,,,,"черный, светло-серый, серый, розовый, темно-синий, белый, темно-серый, морская волна, бирюзовый, васильковый",286
793348073,Перчатки швейные для защиты от внешних воздействий,Вид,categorical,,,,"Средства защиты рук, Перчатки швейные для защиты от внешних воздействий",5
793348073,Перчатки швейные для защиты от внешних воздействий,Длина,numeric,–260 сантиметр (см),23.0,230.0,"230–260 сантиметр (см), 23-24 сантиметр (см)",5
793348073,Перчатки швейные для защиты от внешних воздействий,Количество,numeric,пара (2 шт),1.0,1.0,1 пара (2 шт),5
793348073,Перчатки швейные для защиты от внешних воздействий,Коллекция,categorical,,,,перчатки для ювелиров,5
793348073,Перчатки швейные для защиты от внешних воздействий,Материал основы,categorical,,,,:нейлон,5
793348073,Перчатки швейные для защиты от внешних воздействий,Материал перчаток,categorical,,,,"лицевая коровья кожа толщиной 0, смесь хлопка",5
793348073,Перчатки швейные для защиты от внешних воздействий,Модель,categorical,,,,"Перчатки кожаные DEFENDER (Дефендер), Перчатки белые, Перчатки виброзащитные Vibe (Вайб) комбинированные",5
793348073,Перчатки швейные для защиты от внешних воздействий,Особенности модели,categorical,,,,"универсальные перчатки широкого спектра применения. Обеспечивают хороший захват и высокую чувствительность. Благодаря особому крою повторяют анатомическую форму руки, Виброзащитные элементы: силиконовая прокладка.",5
793348073,Перчатки швейные для защиты от внешних воздействий,Половая принадлежность,categorical,,,,Муж/Жен,5
793348073,Перчатки швейные для защиты от внешних воздействий,Размер,numeric,,9.0,11.0,"9.00000, 10.00000, L (9), 11.00000",5
793348073,Перчатки швейные для защиты от внешних воздействий,Тип,categorical,,,,велькро (Velcro),5
793348403,"Нарукавники, наплечники для защиты рук",Вид,categorical,,,,"Нарукавники, Средства защиты рук, Защита от химических воздействий",4
793348403,"Нарукавники, наплечники для защиты рук",Защитные свойства,categorical,,,,"от общих производственных загрязнений – З., К50",4
793348403,"Нарукавники, наплечники для защиты рук",Масса,numeric,г,127.0,127.0,127 г,4
793348403,"Нарукавники, наплечники для защиты рук",Материал,categorical,,,,"смесовая -хлопок, ПВХ",4
793348403,"Нарукавники, наплечники для защиты рук",Материал нарукавников,categorical,,,,полиуретан,4
793348403,"Нарукавники, наплечники для защиты рук",Модель,categorical,,,,"Нарукавники из смесовой ткани, Нарукавники сварщика «Приор» для защиты от искр, Нарукавники ПВХ VS-020, Нарукавники HACCPER Uretex 46х22 см",4
793348403,"Нарукавники, наплечники для защиты рук",Назначение,categorical,,,,"для защиты рук или рукавов спецодежды от общепроизводственных загрязнений., водонепроницаемые, Применяются для защиты от ОПЗ в широком диапазоне температур от –60 до +40 °С.",4
793348403,"Нарукавники, наплечники для защиты рук",Наплечников,categorical,,,,Защита от повышенных загрязнений,4
793348403,"Нарукавники, наплечники для защиты рук",Размер,numeric,-108/158-200,80.0,80.0,80-108/158-200,4
793348403,"Нарукавники, наплечники для защиты рук",Ткань,numeric,преокс,70.0,70.0,70 преокс,4
793348842,Халаты производственные,Вид,categorical,,,,Халаты производственные,20
793348842,Халаты производственные,Застежка,categorical,,,,"потайная застежка на пуговицы, Центральная застежка с планкой на потайные пуговицы, центральная потайная на пуговицы",20
793348842,Халаты производственные,Защитные свойства,categorical,,,,"для защиты от кислот концентрацией от 50% до 80% (по серной кислоте) – К80, для защиты от кислот и щелочей",20
793348842,Халаты производственные,Модель,categorical,,,,"Халат женский «Химик» для защиты от кислот и щелочей, Халат женский «Линда», Халат мужской «Химик» для защиты от кислот и щелочей, размер 44-46",20
793348842,Халаты производственные,Наличие карманов,categorical,,,,"Накладные боковые карманы с клапанами на пуговицу, накладные боковые и нагрудный карманы",20
793348842,Халаты производственные,Описание,categorical,,,,Не является медицинским изделием,20
793348842,Халаты производственные,Плотность,numeric,гр/м2,195.0,200.0,"200 гр/м2, 195 гр/м2",20
793348842,Халаты производственные,Половой признак,categorical,,,,"Женский, Мужской",20
793348842,Халаты производственные,Рукав,categorical,,,,Рукава с манжетами на пуговицах предотвращают попадание ткани в механизмы,20
793348842,Халаты производственные,Состав,numeric,% полиэфир,100.0,100.0,100% полиэфир,20
793348842,Халаты производственные,Состав ткани,categorical,,,,"«Оксфорд» смесовая (50% TENCEL®, 50 TENCEL®",20
793348842,Халаты производственные,Ткань,numeric,полиэфир %,100.0,100.0,100 полиэфир %,20
793348842,Халаты производственные,Цвет,categorical,,,,"темно-синий, белый, темно-синий/василек",20
793348842,Халаты производственные,Цвет отделки,categorical,,,,васильковый и оранжевый,20
793357683,Блузки женские,Вид,categorical,,,,"на пуговицы, Рубашки (сорочки) для взрослых, Блузки женские",13
793357683,Блузки женские,Воротник,categorical,,,,Отложной со стойкой,13
793357683,Блузки женские,Модель,categorical,,,,"Блузка женская «Слим-Фит» белая, Блузка с воротником женская «Поло» бирюзовая, Блузка с воротником ""Поло"" цвет сильвер, Блузка с воротником женская «Поло» сиреневая",13
793357683,Блузки женские,Плотность,numeric,г/кв.м,180.0,180.0,"180 г/кв.м, 180 гр/м2",13
793357683,Блузки женские,Плотность ткани,numeric,г/кв.м,125.0,180.0,"125 г/кв.м, 180 гр/м2",13
793357683,Блузки женские,Пол,categorical,,,,"Женский, женский",13
793357683,Блузки женские,Рост,numeric,/170,88.0,170.0,"100/170-176, 96/170, 88/170, 108/170, 170.00000 см, 108/170-176, 96/164-170, 92/170, 88/176",13
793357683,Блузки женские,Рукав,categorical,,,,"Длинный, короткий",13
793357683,Блузки женские,Состав,numeric,хлопок %,100.0,100.0,100 хлопок %,13
793357683,Блузки женские,Состав ткани,numeric,хлопок,60.0,60.0,60 хлопок,13
793357683,Блузки женские,Ткань,categorical,,,,"Смесовая, хлопок",13
793357683,Блузки женские,Трикотажного полотна,categorical,,,,Хлопок,13
793357683,Блузки женские,Цвет,categorical,,,,"Белый, белый, бирюзовый, серый, сиреневый",13
793357687,Сорочки верхние мужские,Вид,categorical,,,,"На пуговицы, Рубашки (сорочки) для взрослых, Сорочки верхние мужские, на пуговицы",52
793357687,Сорочки верхние мужские,Воротник,categorical,,,,"Отложной со стойкой, отложной воротничок укреплен тесьмой, отложной",52
793357687,Сорочки верхние мужские,Застежка,categorical,,,,"пуговицы, на 3 пуговицы",52
793357687,Сорочки верхние мужские,Модель,categorical,,,,"Сорочка с воротником «Поло» черная, Сорочка мужская «Аэро» белая, Сорочка с воротником Поло синяя, Сорочка с воротником «Поло» васильковая, Сорочка с воротником «Поло» синяя, Сорочка мужская белая, Сорочка с воротником «Поло» белая, белая, длинный рукав р. 41/170 арт.1.064, Сорочка с воротником Поло",52
793357687,Сорочки верхние мужские,Плотность,numeric,гр/м2,180.0,180.0,180 гр/м2,52
793357687,Сорочки верхние мужские,Плотность ткани,numeric,гр/м2,105.0,180.0,"180 гр/м2, 105 гр/м2",52
793357687,Сорочки верхние мужские,Пол,categorical,,,,"Мужской, мужской",52
793357687,Сорочки верхние мужские,Рукав,categorical,,,,"Короткий, короткий, Длинный, длинный",52
793357687,Сорочки верхние мужские,Силуэт,categorical,,,,прямой,52
793357687,Сорочки верхние мужские,Состав,numeric,хлопок %,60.0,100.0,"100 хлопок %, 60 хлопок, 65 полиэфир",52
793357687,Сорочки верхние мужские,Ткань,categorical,,,,"хлопок, сорочечная с повышенным содержанием хлопка, смесовая, 100 хлопок %",52
793357687,Сорочки верхние мужские,Цвет,categorical,,,,"Белый, черный, васильковый, синяя, синий, белый, Зеленый, Серый, черная, темно-синий",52
793357691,Уборы головные для взрослых,Вид,categorical,,,,"Уборы головные летние, Уборы головные для взрослых, Бейсболка, Кепи-бейсболка, Бейсболка пять клиньев, Головной убор с околышем",49
793357691,Уборы головные для взрослых,Материал основы,numeric,полиэфир,65.0,65.0,65 полиэфир,49
793357691,Уборы головные для взрослых,Модель,categorical,,,,"Кепи-бейсболка утепленная синяя, Кепи-бейсболка темно-синяя, Кепи-бейсболка утепленная черная, Бандана «Лотос» сливовая, Кепи-бейсболка васильковая, Кепи-бейсболка, Кепи-бейсболка «Дунай», Кепи-бейсболка Рио, Каскетка защитная RZ BioT CAP оранжевая, Шапочка голубая",49
793357691,Уборы головные для взрослых,Отделка,categorical,,,,"малосминаемая, масловодоотталкивающая",49
793357691,Уборы головные для взрослых,Плотность ткaни,numeric,гр/м2,126.0,250.0,"126 гр/м2, 165 гр/м2, 210 гр/м2, 200 гр/м2, 250 гр/м2",49
793357691,Уборы головные для взрослых,Размер,numeric,-62,54.0,61.0,"54-62, 61-62, 59-60, 54–62 (регулируемый), 60, 57-58, 60.00000 см, 54-62 (единый), 56-64, 61",49
793357691,Уборы головные для взрослых,Размер (универсальный),categorical,,,,регулировка размера 54-62,49
793357691,Уборы головные для взрослых,Сезон,categorical,,,,"Лето, лето, Демисезон",49
793357691,Уборы головные для взрослых,Состав ткани,numeric,полиэфир,35.0,100.0,"65 полиэфир, 47 бамбук, 60 хлопок, 100 полиамид %, 70 хлопок, 60 хлопок 40 полиэфира %, смесовая (65% полиэфир, хлопок %, 35 хлопок 65 полиэфир %, хлопок 35",49
793357691,Уборы головные для взрослых,Ткань,categorical,,,,"смесовая, полиамид, 65 полиэфир, «Бамбук», (47 бамбук, смесовая (60% хлопок, 100% полиамид, «Нью Арена»",49
793357691,Уборы головные для взрослых,Утеплитель,categorical,,,,"флис, 100 полиэфир %",49
793357691,Уборы головные для взрослых,Цвет,categorical,,,,"темно-синий, синий, серый, черный, белый, васильковый, морская волна с бирюзовым, зеленый, :Морская волна, оранжевый",49
793357705,Респираторы,Вид,categorical,,,,"Респираторы, Полумаска фильтрующая (респиратор), Респиратор РПГ-67, полумаска, При концентрации аэрозолей от 100 до 200 мг/куб.м., фильтрующая полумаска",51
793357705,Респираторы,Гарантийный срок,numeric,г,5.0,5.5,"5.50000 г, 5 г, 5.50000 лет",51
793357705,Респираторы,Класс фильтрующей эффективности,numeric,,2.0,2.0,2,51
793357705,Респираторы,Масса,numeric,г,5.0,480.0,"480 г, не более 30 г, 5 г, 10 г, 13 г, не более 20 г, 11 г, 142 г, 130 г, 329 г",51
793357705,Респираторы,Материал лицевой части,categorical,,,,силикон,51
793357705,Респираторы,Модель,categorical,,,,"Полумаска фильтрующая (респиратор) РПГ-67, Полумаска фильтрующая MFA, Полумаска фильтрующая (респиратор) противоаэрозольная 8112 с клапаном выдоха (FFP1, Полумаска фильтрующая (респиратор) для защиты от пыли и туманов (с клапаном выдоха) 3М™ Aura 9322+ (FFP2, Полумаска изолирующая UNIX 2100 (средний размер), Полумаска фильтрующая (респиратор) противоаэрозольная 9915P с дополнительной защитой от раздражающего действия кислых газов и паров (FFP1, Панорамная маска UNIX 6100, Полумаска фильтрующая (респиратор) противоаэрозольная 8101 (FFP1, Полумаска фильтрующая (респиратор) противоаэрозольная «Алина-200», Полумаска фильтрующая (респиратор) для защиты от пыли и туманов (с клапаном выдоха) 3М™ Aura 9312+ (FFP1",51
793357705,Респираторы,Назначение,categorical,,,,"Защита от пыли и туманов, Защита от пыли, :Предназначена для защиты органов дыхания от вредных газо- и парообразных веществ при содержании кислорода не менее 17%., Применяется в условиях высоких температур и повышенной влажности при выполнении работ, Применяется для защиты от пыли металлсодержащих руд, Обеспечивает подачу очищенного воздуха к органам дыхания и одновременную защиту лица и глаз от воздействия вредных веществ, Применяется для защиты от сварочных дымов, обеспечивает защиту органов дыхания, для защиты органов дыхания от высоко- и среднедисперсных аэрозолей всех классов опасности, металлургическая промышленность",51
793357705,Респираторы,Степень защиты,numeric,ПДК,4.0,50.0,"4 ПДК, 12 ПДК, 50 ПДК, :12 ПДК, А1 – до 50 ПДК",51
793357705,Респираторы,Температурный режим эксплуатации,categorical,,,,"от -40 до +40 [0*]С, от –30 до +70 [0*]С, –40 до +40 [0*]С",51
793357705,Респираторы,Тип,categorical,,,,"FFP1, формованный, FFP2, неформованный, FFP1 R D, Обеспечивает защиту FFP2 (до 12 ПДК, Фильтрующий",51
793357705,Респираторы,Цвет товара,categorical,,,,"Белый, голубой, синий",51
793358151,Каска строительная,Вид,categorical,,,,"Средства защиты головы, Каска строительная",1
793358151,Каска строительная,Категория качества каски,categorical,,,,Высшая,1
793358151,Каска строительная,Комплектация,categorical,,,,Комплект Б (каска,1
793358151,Каска строительная,Материал,categorical,,,,Полипропилен (PP),1
793358151,Каска строительная,Модель,categorical,,,,Каска строительная,1
793358151,Каска строительная,Размер максимальный,numeric,см,62.0,62.0,62.00000 см,1
793358151,Каска строительная,Размер минимальный,numeric,см,54.0,54.0,54.00000 см,1
793358151,Каска строительная,Цвет,categorical,,,,Оранжевый,1
793358153,Каски защитные,Вид,categorical,,,,"Каски защитные, Средства защиты головы, каска защитная, наушники, каска",56
793358153,Каски защитные,Защита от электричества,categorical,,,,"440 В, до 440 В, защита от поражения переменным электрическим током напряжением не более 1000 В или постоянным – не более 1500 В В, до 1000 В, 1000 В, защита от поражения переменным током напряжением до 1000 В В, до 440 В В, защита от переменного тока напряжением до 1000 В В, 1500 В",56
793358153,Каски защитные,Защитные свойства,categorical,,,,"предназначена для защиты головы от механических воздействий, предназначена для защиты головы от механических повреждений (устойчива к боковой деформации), предназначена для защиты головы от механических повреждений, :предназначена для защиты головы от механических повреждений, :специальная модель, :предназначена для использования в горнодобывающей промышленности для защиты головы шахтеров, предназначена для предотвращения или уменьшения воздействия на голову опасных и вредных производственных факторов, максимальная амортизация и равномерное распределение ударных нагрузок, предназначена для защиты головы работающих от механических повреждений, рекомендуется для использования в горнодобывающей промышленности для защиты головы шахтеров",56
793358153,Каски защитные,Конструкция предполагает применение дополнительных средств защиты,categorical,,,,наушников,56
793358153,Каски защитные,Масса,numeric,г,223.0,460.0,"330 г, 240 г, 380 г, не более 235 г, 223 г, не более 340 г, 421 г, 460 г, 265 г, 340 г",56
793358153,Каски защитные,Материал изготовления,categorical,,,,"TermotreK®, полиэтилен, SUPER Termotrek, высококачественный полиэтилен, SUPER TermotreK®",56
793358153,Каски защитные,Материал корпуса,categorical,,,,"TermotreK, полиэтилен, TermotreK®, корпус из ударопрочного материала SUPER TermotreK® с вентиляционными отверстиями в верхней части, Termotrek, ударопрочный корпус из АБС-пластика, корпус каски изготовлен из материала Termotrek",56
793358153,Каски защитные,Материал оголовья,categorical,,,,"текстиль, текстильный",56
793358153,Каски защитные,Подбородочный ремень,categorical,,,,"наличие, текстильный",56
793358153,Каски защитные,Размер оголовья,numeric,–65 см,51.0,52.0,"51–65 см, 52–61 см",56
793358153,Каски защитные,Температурный режим,categorical,,,,"от -50 до +50 [0*]С, от –50 до +50 [0*]С, 50 до +50 [0*]С, от – 50 до +50 [0*]С, от –40 до +50 [0*]С, -50 до +50 [0*]С, от -30 до +50 [0*]С, от -50 до +150 [0*]С",56
793358153,Каски защитные,Цвет,categorical,,,,"белый, оранжевый, желтый, синий, Оранжевый, оранжевый., серый, красный, Синий, Белый",56
793358155,Накомарники,Вид,categorical,,,,"Средства защиты головы, Накомарники",1
793358155,Накомарники,Комплектация,categorical,,,,К полям шляпы прикреплена москитная сетка,1
793358155,Накомарники,Материал,numeric,полиэфира процент (%),100.0,100.0,100 полиэфира процент (%),1
793358155,Накомарники,Модель,categorical,,,,Шляпа с противомоскитной сеткой,1
793358155,Накомарники,Описание,categorical,,,,Диаметр горловины затягивается до необходимого размера шнурком. В области подбородка накомарник фиксируется резинкой.,1
793358155,Накомарники,Цвет,categorical,,,,защитный камуфлированный,1
793358157,Очки защитные,Вид,categorical,,,,"Средства защиты головы, Очки защитные, Очки, очки, закрытые защитные очки., непрямая вентиляция., непрямая направленная вентиляция., :комбинированное, Очки открытые, :дужки",50
793358157,Очки защитные,Защитные свойства,categorical,,,,"высокопрочная поликарбонатная линза защищает от летящих частиц (45 м/с), :высокопрочная поликарбонатная линза защищает от летящих частиц (120 м/с), :защита от низкоэнергетического удара (45м/с) – F, :поликарбонатная линза защищает от летящих частиц (120 м/с), :предназначены для защиты глаз спереди и с боков от летящих частиц (45 м/с). Защита от УФ-излучения, Высокопрочная поликарбонатная линза защищает от летящих частиц (45 м/с), защищает от летящих частиц (120 м/с), предназначены для защиты глаз от высокоскоростных частиц (низкоэнергетический удар V=45 м/с), :поликарбонатная линза защищает от летящих частиц, высокопрочная поликарбонатная линза защищает от летящих частиц",50
793358157,Очки защитные,Конструкция,categorical,,,,"открытые панорамные очки с оптимальной системой вентиляции, открытые, защитные открытые очки с линзой сферической формы, закрытые панорамные очки с ограниченной вентиляцией. Огнестойкие обтюратор и резинка с возможностью быстрой регулировки. Можно надевать на диоптрические очки., закрытые очки с непрямой вентиляцией. Обеспечивают панорамный обзор 180°. Оправа из мягкого ПВХ, открытые очки с линзой-светофильтром (градационный шифр 5-2, для использования с большинством моделей корригирующих очков, универсальные защитные очки с панорамной линзой из оптически прозрачного поликарбоната. Регулировка угла наклона линзы и длины заушников. Увеличенная защита с боков и сверху, Открытые очки с боковой защитой. Можно использовать с корригирующими очками, закрытые панорамные очки с непрямой направленной вентиляцией",50
793358157,Очки защитные,Крепление,categorical,,,,"дужки, резинка, гибкие дужки",50
793358157,Очки защитные,Масса,numeric,кг,0.024,136.0,"0.03000 кг, 28 г, 81 г, 56 г, 136 г, 30 г, 133 г, 0.02800 кг, 0.35000 кг, 0.13100 кг",50
793358157,Очки защитные,Материал линзы,categorical,,,,":поликарбонат, поликарбонат, высокопрочный поликарбонат, оптически прозрачный материал Plexiglas, Высокопрочный поликарбонат, Поликарбонат, высокопрочная поликарбонатная линза, ацетат, АБС-пластик",50
793358157,Очки защитные,Модель,categorical,,,,"Очки О37 UNIVERSAL TITAN (Универсал Титан) (PL) (13711), Очки защитные закрытые Univet «6X3» (6X3.00.00.00), Очки защитные закрытые UVEX «Ай-Гард Плюс Кит» (9143300), Очки «Ультравижн» закрытые огнестойкие, Очки защитные открытые О15 HAMMER ACTIVE (Хаммер Актив) StrongGlass (11537-5), Очки UVEX с диоптриями, Очки «Химилюкс» (60600), Очки O88 SURGUT super (Сургут супер) (5-2, Очки О55 HAMMER PROFI super (Хаммер Профи супер) (PC) (15530) прозрачные, Очки «Ай-3» (9190275)",50
793358157,Очки защитные,Оптический класс,categorical,,,,"1 №, №1",50
793358157,Очки защитные,Покрытие линз,categorical,,,,"uvex supravision excellence, покрытие от запотевания, uvex supravision excellence – не запотевает внутри, высокая стойкость к царапинам и защита от химикатов – uvex supravision excellence, uvex supravision excellence – не запотевает изнутри, специальное покрытие super защищает от запотевания и царапин, специальное покрытие линз защищает от царапин и запотевания., uvex infradur plus, твердое незапотевающие покрытие, uvex supravision extreme",50
793358157,Очки защитные,Температурный режим использования,categorical,,,,"от -5 до +55 [0*]С, -5 до +55 [0*]С, от –5 до +55 [0*]С",50
793358157,Очки защитные,Тип,categorical,,,,"открытые, закрытые, классическая, закрытые панорамные (обзор 180°) очки с непрямой вентиляцией, неприменимо, непрямая",50
793358157,Очки защитные,Цвет линз,categorical,,,,"прозрачный, серый, прозрачная, янтарный, Серый, прозрачный., бесцветный",50
793358157,Очки защитные,Цвет оправы,categorical,,,,"серый, антрацит, черный, темно-серый/зеленый, прозрачный",50
793358161,Подшлемники,", органов дыхания, шеи от внешних воздействий",categorical,,,,сильного ветра,15
793358161,Подшлемники,Вид,categorical,,,,"Подшлемники, Средства защиты головы, От брызг, флис (100% полиэфир), Защита от пониженных температур, Подшлемник вязаный",15
793358161,Подшлемники,Материал,categorical,,,,флис «Виндблок»,15
793358161,Подшлемники,Модель,categorical,,,,"Шлем-подшлемник «Виндблок», Подшлемник флисовый, Шлем-подшлемник сварщика летний «Цезарь», Шлем-подшлемник сварщика зимний «Цезарь», Подшлемник термостойкий «ВОЛЬТ з», 8.233, Подшлемник вязаный, «Виндблок» р. 60-61 арт.8.240, «Виндблок» р. 62-63 арт.8.240, Подшлемник утепленный",15
793358161,Подшлемники,Назначение подшлемника,categorical,,,,для защиты головы,15
793358161,Подшлемники,Описание,categorical,,,,"Подшлемник с пелериной и высокой подбородочной частью. Лицевой вырез и верх подбородочной части регулируются по объему эластичным шнуром, Мягкий и удобный подшлемник с пелериной и высокой подбородочной частью. Лицевой вырез и верх подбородочной части регулируются по объему эластичным шнуром., Удобный подшлемник с пелериной",15
793358161,Подшлемники,Плотность материала,numeric,гр/м2,200.0,365.0,"365 гр/м2, 280 гр/м2, 200 гр/м2",15
793358161,Подшлемники,Размер универсальный,numeric,-62,54.0,54.0,54-62,15
793358161,Подшлемники,Состав,numeric,полиэфир %,30.0,100.0,"100 полиэфир %, флис (100 полиэфир) %, 59 модакрил, 30 шерсть, 100 хлопок %, хлопок 100 %",15
793358161,Подшлемники,Тип,categorical,,,,Подшлемник,15
793358161,Подшлемники,Трикотажного полотна,categorical,,,,Хлопок,15
793358161,Подшлемники,Цвет,categorical,,,,"лицевая сторона – темно-синий, синий, черный, серый меланж",15
793358163,Средства защиты противошумные,Вид,categorical,,,,"Средства защиты головы, Средства защиты противошумные, Наушники, складное, наушники, Вкладыши (беруши) противошумные, Противошумные вкладыши, наушники противошумные",17
793358163,Средства защиты противошумные,Защитные свойства,categorical,,,,":от воздействия шума до 107 дБ, SNR 31 дБ, защита от воздействия шума до 107 дБ (SNR=27 дБ)., защита от воздействия шума до 107 дБ (SNR=27 дБ), :SNR 25 дБ, Две точки крепления оголовья к чашке обеспечивают плотное, защита от низких",17
793358163,Средства защиты противошумные,Конструкционные детали,categorical,,,,изготовлены из АБС-пластика,17
793358163,Средства защиты противошумные,Масса,categorical,,,,"не более 139 г, не более 308 г, 180 г, 200 грамм (г), 256 грамм (г), 218 грамм (г)",17
793358163,Средства защиты противошумные,Материал,categorical,,,,"вспененный полиуретан, термопластичный эластомер, пластик",17
793358163,Средства защиты противошумные,Материал корпуса,categorical,,,,пластик,17
793358163,Средства защиты противошумные,Модель,categorical,,,,"Наушники противошумные складные «Max 500» (31050), Наушники противошумные «СОМЗ-1 ЯГУАР» (60100), Вкладыши (беруши) «Билсом 303 Ладж» без шнурка (1005073), Наушники противошумные «СОМЗ-8 DriverActive» (60800), Вкладыши (беруши) многоразовые со съемным шнурком в индивидуальной упаковке «Фьюжн Смол» (1011281), Вкладыши (беруши) «Билсом 303 Смол» (1006187) для диспенсера ЛС-400, Наушники противошумные «СОМЗ-5 ШТУРМ» с креплением на каску (60105), Наушники противошумные «СОМЗ-3 ПУМА» (60300), Вкладыши (беруши) противошумные «Билсом 304 Ладж» (Bilsom 304L) (1000106) со шнурком, Наушники противошумные «СОМЗ-88 ЗЕБРА PREMIUM» (60882)",17
793358163,Средства защиты противошумные,Назначение,categorical,,,,"Предназначены для снижения уровня шума, обеспечивают стабильную защиту органов слуха на протяжении всего времени использования",17
793358163,Средства защиты противошумные,Описание,categorical,,,,"Регулируемое оголовье, Очень мягкие фланцы SoftFlanges™ создают внутри ушного канала комфортную изоляцию. Твердая ножка FlexiFirm® удобна для захвата, наушники состоят из прочных пластмассовых чашек с повышенным шумопоглощением, изготовлены из АБС-пластика, Благодаря стальной конструкции серия VeriShield отличается высокой прочностью, Чашки противошумных наушников изготовлены из прочного АБС-пластика, Легко регулируются по длине",17
793358163,Средства защиты противошумные,Размер изделия,numeric,,15.0,15.0,15,17
793358163,Средства защиты противошумные,Цвет,categorical,,,,"черный/оранжевый, :черный, Желтый, белый/желтый, :белый/желтый, оранжевый",17
793358165,Шлемы защитные,Модель,categorical,,,,Шлем-подшлемник сварщика летний «Приор»,2
793358165,Шлемы защитные,Описание,categorical,,,,Трикотажная полоска по лицевому вырезу обеспечивает хорошее прилегание по окружности лица. Пелерина обеспечивает дополнительную защиту в области затылочной части и плеч,2
793358165,Шлемы защитные,Плотность ткани,numeric,кг/кв.м.,260.0,260.0,260 кг/кв.м.,2
793358165,Шлемы защитные,Размер,numeric,-61,59.0,62.0,"59-61, 62-64",2
793358165,Шлемы защитные,Ткань,numeric,Преокс,70.0,70.0,70 Преокс,2
793358165,Шлемы защитные,Цвет,categorical,,,,хаки,2
793358167,Щитки лицевые защитные,Вид,categorical,,,,"Щитки лицевые защитные, Средства защиты головы, Защитный лицевой щиток, пластиковое со сменным налобным текстильным обтюратором, 100х60 мм, Закрытые, позволяет одновременное ношение наушников противошумных., 100?83, Наголовное крепление RAPID с плавной регулировкой размера.",16
793358167,Щитки лицевые защитные,Защитные свойства,categorical,,,,"рекомендован строителям, высокопрочная поликарбонатная линза защищает от летящих частиц (190 м/с)., защита от воздействия твердых частиц с кинетической энергией до 5, светофильтр может находиться в незатемненном, защита глаз и лица электросварщика от прямых излучений сварочной дуги, для защиты от термических рисков электрической дуги",16
793358167,Щитки лицевые защитные,Масса,numeric,г,184.0,622.0,"445 г, 374 г, 622 г, 184 г, 335 г, 274 г, не более 445 г, 284 г",16
793358167,Щитки лицевые защитные,Материал,categorical,,,,"оптически прозрачный термостойкий поликарбонат, поликарбоната, оптически прозрачный ударо- и термостойкий поликарбонат",16
793358167,Щитки лицевые защитные,Материал корпуса,categorical,,,,"ударопрочный нейлон, :из термостойкого и холодостойкого материала Super Termotrek, высокопрочный нейлон",16
793358167,Щитки лицевые защитные,Модель,categorical,,,,"Щиток защитный лицевой «КБТ ВИЗИОН® TITAN» с креплением на каске (04390), Щиток защитный лицевой НБТ2 Сфера ВИЗИОН TITAN (424530), Защитный лицевой щиток сварщика с автоматически затемняющимся светофильтром НН12 Crystaline® Universal FavoriT (51275), Щиток для очков серии «Ультравижн» (9301317), Щиток сварщика Tecmen, Щиток защитный лицевой с креплением на каску КБТ ENERGO RX (Энерго RX) (04257), Щиток защитный лицевой для сварщика с АСФ Shine AS-8000F/XA-5122D(G), Щиток защитный лицевой НБТ1 ВИЗИОН® (413130), Щиток защитный лицевой НБТ-2 ВИЗИОН TITAN (РС) с подбородником (424391), Сварочный щиток 3M™ Speedglas® 100 в комплектации со светофильтром 3M™ Speedglas® 100V",16
793358167,Щитки лицевые защитные,Оптический класс,numeric,/1/1/1,1.0,1.0,"1/1/1/1, 1/1/1/2",16
793358167,Щитки лицевые защитные,Размер светофильтра,numeric,х90х9 мм,110.0,110.0,"110х90х9 мм, 110*90*9 мм",16
793358167,Щитки лицевые защитные,"Степень затемнения, din",numeric,-13,9.0,13.0,"9-13, 13",16
793358167,Щитки лицевые защитные,Температурный режим,categorical,,,,"от –10 до +55 [0*]С, от -5 до +55 [0*]С, :от -5 до +55 [0*]С",16
793358167,Щитки лицевые защитные,Толщина,numeric,мм,1.0,2.0,"2.00000 мм, 1.00000 мм, 1.60000 мм",16
793358167,Щитки лицевые защитные,Цвет,categorical,,,,"прозрачный, черный",16
793368388,Шкафы сушильные промышленные,Вес,numeric,кг,15.0,15.0,15 кг,1
793368388,Шкафы сушильные промышленные,Вид,categorical,,,,"Оборудование, Шкафы сушильные промышленные",1
793368388,Шкафы сушильные промышленные,Внешние габариты,numeric,х380х454 мм,320.0,320.0,320х380х454 мм,1
793368388,Шкафы сушильные промышленные,Диапазон температуры сушки,categorical,,,,от 0 до +40 [0*]С,1
793368388,Шкафы сушильные промышленные,Количество пар патрубков для обуви,numeric,шт,2.0,2.0,2 шт,1
793368388,Шкафы сушильные промышленные,Модель,categorical,,,,Дезинфектор,1
793368388,Шкафы сушильные промышленные,Мощность,numeric,кВт,130.0,130.0,130 кВт,1
793368388,Шкафы сушильные промышленные,Напряжение,numeric,В,240.0,240.0,240 В,1
793369836,Полотенца текстильные,Вес,numeric,кг,0.07,0.07,0.07000 кг,6
793369836,Полотенца текстильные,Вид,categorical,,,,"Гигиенические средства, Полотенца текстильные",6
793369836,Полотенца текстильные,Длина,numeric,см,80.0,80.0,80.00000 см,6
793369836,Полотенца текстильные,Международный размер,numeric,х90,50.0,50.0,50х90,6
793369836,Полотенца текстильные,Модель,categorical,,,,"Полотенце вафельное, Полотенце махровое 50?90 см зеленое, Полотенце махровое 50?90 см темно-бордовое, Полотенце махровое 50?90 см синее",6
793369836,Полотенца текстильные,Назначение,categorical,,,,"Для рук и лица, Для рук",6
793369836,Полотенца текстильные,Описание,categorical,,,,"Полотенце махровое, Полотенце",6
793369836,Полотенца текстильные,Плотность основной ткани,numeric,грамм на квадраный метр,360.0,360.0,360 грамм на квадраный метр,6
793369836,Полотенца текстильные,Размер,numeric,*90 см,50.0,50.0,"50*90 см, 50х90 см",6
793369836,Полотенца текстильные,Состав,numeric,хлопок,100.0,100.0,100 хлопок,6
793369836,Полотенца текстильные,Тип,categorical,,,,вафельное,6
793369836,Полотенца текстильные,Цвет,categorical,,,,"белое, Темно-бордовый, Синий, Белый",6
793370340,Части запасные и материалы расходные для инструментов спасательных служб и служб гражданской обороны,Величина обхвата талии,numeric,–1600 мм,1200.0,1200.0,"1200–1600 мм, 1200–1600 мм. мм",3
793370340,Части запасные и материалы расходные для инструментов спасательных служб и служб гражданской обороны,Вид,categorical,,,,"Пояс предохранительный лямочный, наплечные",3
793370340,Части запасные и материалы расходные для инструментов спасательных служб и служб гражданской обороны,Гарантийный срок хранения,numeric,г,5.0,5.0,5 г,3
793370340,Части запасные и материалы расходные для инструментов спасательных служб и служб гражданской обороны,Длина поясного ремня,numeric,мм,1800.0,1800.0,1800 мм,3
793370340,Части запасные и материалы расходные для инструментов спасательных служб и служб гражданской обороны,Защитные свойства,categorical,,,,Полумаска используется с фильтрами (фильтры приобретаются отдельно),3
793370340,Части запасные и материалы расходные для инструментов спасательных служб и служб гражданской обороны,Количество точек крепления,numeric,шт,2.0,4.0,"2 шт, 4 шт",3
793370340,Части запасные и материалы расходные для инструментов спасательных служб и служб гражданской обороны,Масса,categorical,,,,"не более 2, 110 грамм (г)",3
793370340,Части запасные и материалы расходные для инструментов спасательных служб и служб гражданской обороны,Модель,categorical,,,,"Пояс предохранительный лямочный ППЛ-32 (размер XXL), Пояс предохранительный лямочный ППЛ-34 (размер XXL), Полумаска изолирующая UNIX 1000 (средний размер)",3
793370340,Части запасные и материалы расходные для инструментов спасательных служб и служб гражданской обороны,Назначение,categorical,,,,"предназначен для обеспечения безопасности работ на высоте как удерживающая и страховочная привязь, для обеспечения безопасности работ на высоте как удерживающая и страховочная привязь",3
793370340,Части запасные и материалы расходные для инструментов спасательных служб и служб гражданской обороны,Размер пояса,categorical,,,,XXL,3
793370340,Части запасные и материалы расходные для инструментов спасательных служб и служб гражданской обороны,Разрывная нагрузка,numeric,Н,15000.0,15000.0,15000 Н,3
793370374,Части запасные и материалы расходные для средств пожаротушения,Вид,categorical,,,,Сумка,1
793370374,Части запасные и материалы расходные для средств пожаротушения,Габаритные размеры,numeric,см,40.0,40.0,40 см,1
793370374,Части запасные и материалы расходные для средств пожаротушения,Гарантийный срок хранения,numeric,лет,15.0,15.0,15 лет,1
793370374,Части запасные и материалы расходные для средств пожаротушения,Масса,numeric,г,200.0,200.0,200 г,1
793370374,Части запасные и материалы расходные для средств пожаротушения,Модель,categorical,,,,Сумка для панорамных масок UNIX,1
793370374,Части запасные и материалы расходные для средств пожаротушения,Описание,categorical,,,,Снабжена клапаном,1
793370374,Части запасные и материалы расходные для средств пожаротушения,Предназначен,categorical,,,,для хранения и ношения промышленного противогаза с панорамной маской.,1
793370402,Противогазы,Вид,categorical,,,,"Средства индивидуальной защиты органов дыхания, Товары для противопожарных, Противогазы",4
793370402,Противогазы,Гарантийный срок хранения,numeric,г,10.0,10.0,10.00000 г,4
793370402,Противогазы,Диапазон рабочих температур,categorical,,,,во всех климатических зонах при температуре окружающего воздуха от - 40 до + 40С и относительной влажности воздуха до 98%. градус,4
793370402,Противогазы,Или оголовья маски противогаза,categorical,,,,Регулируемый,4
793370402,Противогазы,Комплектация,categorical,,,,"Маска состоит из панорамного стекла-корпуса, с воздухоподводящим шлангом длиной 10 м в мешке",4
793370402,Противогазы,Модель,categorical,,,,"МАГ 0403 CL 2, Противогаз шланговый изолирующий ПШ-1С с воздухоподводящим шлангом длиной 10 м в мешке, МАГ 4, Газодымозащитный комплект «Зевс 30У»",4
793370402,Противогазы,Назначение,categorical,,,,"Предназначен для защиты органов дыхания, предназначена для использования в качестве лицевой части в фильтрующих СИЗОД с резьбовым присоединением фильтров.",4
793370402,Противогазы,Площадь поля зрения,numeric,%,77.0,77.0,77 %,4
793370402,Противогазы,Применение,categorical,,,,Применяется в различных отраслях промышленности и коммунального хозяйства для работы в емкостях,4
793370402,Противогазы,Принцип работы,categorical,,,,Противогаз работает по принципу всасывания воздуха под лицевую часть самим работающим из зоны чистого воздуха по шлангу и соединительным трубкам,4
793370402,Противогазы,Срок хранеиия,numeric,г,10.0,10.0,10 г,4
793370402,Противогазы,Степень защиты до,numeric,(CL 2),2.0,2.0,2 (CL 2),4
793370426,Веревки альпинистские,Вес,numeric,г,3850.0,3850.0,3850.00000 г,1
793370426,Веревки альпинистские,Диаметр,numeric,мм,12.0,12.0,12.00000 мм,1
793370426,Веревки альпинистские,Длина,numeric,м,50.0,50.0,50.00000 м,1
793370426,Веревки альпинистские,Материал,categorical,,,,изготавливается из полиэфира (лавсана) – обозначение КСЛ,1
793370426,Веревки альпинистские,Модель,categorical,,,,КСЛ 50,1
793370426,Веревки альпинистские,Назначение,categorical,,,,Используют для страховки работников аварийно-спасательных служб,1
793370426,Веревки альпинистские,Особенности,categorical,,,,Завальцованные кольца на концах веревки,1
793370428,Изделия и принадлежности для альпинизма,Вес,numeric,г,980.0,980.0,980.00000 г,8
793370428,Изделия и принадлежности для альпинизма,Длина,numeric,см,15.0,1990.0,"200.00000 см, 1990.00000 мм, 20 м, 80 см, 15 м, 230-255 мм",8
793370428,Изделия и принадлежности для альпинизма,Карабины,categorical,,,,наличие,8
793370428,Изделия и принадлежности для альпинизма,Материал,categorical,,,,"полиэфирный канат, Полиамид, высокопрочный канат из синтетических волокон диаметром, Оцинкованная сталь, лицевая коровья кожа",8
793370428,Изделия и принадлежности для альпинизма,Модель,categorical,,,,"Строп веревочный одинарный регулируемый «B12p» (vnt B12p), Страховочная привязь ТА50 M-XL, Строп веревочный одинарный регулируемый с амортизатором «aB12p» (vnt аB12p), Гибкая анкерная линия «АнкерЛайн», Петля анкерная «ЛЮКС» 80 см, Зажим на гибкой анкерной линии длиной 15 м, Привязь «Профи Мастер» (vnt 050) размер, Перчатки кожаные DAKAR (Дакар)",8
793370428,Изделия и принадлежности для альпинизма,Назначение элемента альпинистского снаряжения,categorical,,,,Промышленный альпинизм,8
793370428,Изделия и принадлежности для альпинизма,Обхват груди,numeric,-120 см,75.0,75.0,75-120 см,8
793370428,Изделия и принадлежности для альпинизма,Обхват ног,numeric,-80 см,50.0,50.0,50-80 см,8
793370428,Изделия и принадлежности для альпинизма,Обхват пояса,numeric,-120 см,72.0,90.0,"90-120 см, 72–140 см",8
793370428,Изделия и принадлежности для альпинизма,Отличительные признаки,categorical,,,,Строп регулируемый одинарный веревочный,8
793370428,Изделия и принадлежности для альпинизма,Ширина,numeric,мм,19.0,19.0,19.00000 мм,8
793370434,Снаряжение специальное для спасательных служб и служб гражданской обороны,Вид,categorical,,,,"сигнальный, Универсальные перчатки из натурального латекса с х/б напылением для дополнительного комфорта",148
793370434,Снаряжение специальное для спасательных служб и служб гражданской обороны,Класс вязки,numeric,,7.0,15.0,"13, 15, 12, 10, 7",148
793370434,Снаряжение специальное для спасательных служб и служб гражданской обороны,Материал основы,categorical,,,,"нейлон, хлопковое напыление, полиамид, хлопковое джерси, спандекс нейлон, интерлочный хлопок, синтетическое волокно, спандекс, плотная смесовая ткань, cпециальное нитриловое покрытие отталкивает продукты нефтепереработки",148
793370434,Снаряжение специальное для спасательных служб и служб гражданской обороны,Материал покрытия,categorical,,,,"нитрил, полиуретан, вспененный нитрил, ПВХ, натуральный каучук, неопрен, натуральный латекс",148
793370434,Снаряжение специальное для спасательных служб и служб гражданской обороны,Назначение,categorical,,,,"работы на топливозаправочных станциях, ремонтные, сборочные операции, наружные строительные работы, для защиты рук от механических воздействий и истирания, обработка говядины и свинины, комфортные перчатки для защиты от механических воздействий и общепроизводственных загрязнений, Защита от пониженных температур., обращение с химическими продуктами, Предназначены для защиты от контакта с нагретыми поверхностями",148
793370434,Снаряжение специальное для спасательных служб и служб гражданской обороны,Плотность ткани,numeric,гр/м2,120.0,220.0,"120 гр/м2, 120 г/кв.м, 220 гр/м2",148
793370434,Снаряжение специальное для спасательных служб и служб гражданской обороны,Применение,categorical,,,,"сборка, сборка крупной бытовой техники, контакт с любыми пищевыми продуктами, электронная промышленность, сборка мелких и средних деталей, сельское хозяйство, сбор мусора, надежная защита рук при проведении сварочных работ в холодных условиях, Используются для сварочных работ, для рабочих",148
793370434,Снаряжение специальное для спасательных служб и служб гражданской обороны,Размер,numeric,-108,6.0,120.0,"10, 11, 9, 7, 8, 104-108, 12, 88-96, 96-100, 6",148
793370434,Снаряжение специальное для спасательных служб и служб гражданской обороны,Световозвращающий материал,categorical,,,,"лента, лента шириной 5 см",148
793370434,Снаряжение специальное для спасательных служб и служб гражданской обороны,Состав материала,numeric,полиэфир %,100.0,100.0,"100 полиэфир %, модифицированный полиакрилонитрил – 96, 100% %, полиэфир 100 %",148
793370434,Снаряжение специальное для спасательных служб и служб гражданской обороны,Тип,categorical,,,,"лента-липучка, трикотажная манжета, прямая, трикотаж, лента липучка",148
793370434,Снаряжение специальное для спасательных служб и служб гражданской обороны,Цвет,categorical,,,,"синий, флуоресцентный оранжевый, флуоресцентный желтый, черный, оранжевый, черный и серый, серый и белый, желтый с оранжевым, темно-синяя основа, коричневый",148
793370434,Снаряжение специальное для спасательных служб и служб гражданской обороны,Ширина соп,numeric,см,5.0,5.0,5 см,148
793370454,Боевая одежда пожарного (БОП),Вид,categorical,,,,каска защитная,1
793370454,Боевая одежда пожарного (БОП),Защита от электричества,categorical,,,,защиты от постоянного электрического тока напряжением до 1500 В,1
793370454,Боевая одежда пожарного (БОП),Масса,numeric,г,240.0,240.0,240 г,1
793370454,Боевая одежда пожарного (БОП),Материал корпуса,categorical,,,,TermotreK,1
793370454,Боевая одежда пожарного (БОП),Модель,categorical,,,,Каска защитная «СОМЗ-55 Favori®T» красная (75516),1
793370454,Боевая одежда пожарного (БОП),Подбородочный ремень,categorical,,,,наличие,1
793370454,Боевая одежда пожарного (БОП),Тип,categorical,,,,STANDAR,1
793370454,Боевая одежда пожарного (БОП),Цвет,categorical,,,,красный,1
793370506,Приборы осветительные мобильные для спасательных служб и служб гражданской обороны,Вес,numeric,г,663.0,663.0,663.00000 г,1
793370506,Приборы осветительные мобильные для спасательных служб и служб гражданской обороны,Вид,categorical,,,,Светодиодный фонарь,1
793370506,Приборы осветительные мобильные для спасательных служб и служб гражданской обороны,Зарядное устройство,categorical,,,,от сети,1
793370506,Приборы осветительные мобильные для спасательных служб и служб гражданской обороны,Защита,categorical,,,,Встроенная от перезаряда и полного разряда аккумулятора,1
793370506,Приборы осветительные мобильные для спасательных служб и служб гражданской обороны,Модель,categorical,,,,Фонарь «Яркий Луч» LA-1W,1
793370506,Приборы осветительные мобильные для спасательных служб и служб гражданской обороны,Режимов освещения,numeric,шт,3.0,3.0,3 шт,1
793370506,Приборы осветительные мобильные для спасательных служб и служб гражданской обороны,Тип,categorical,,,,Литий -ионный,1
793370542,Сумки повседневные,Вид,categorical,,,,"молния, Сумки, Сумки повседневные",1
793370542,Сумки повседневные,Габаритные размеры,numeric,х45х24 см,35.0,35.0,35х45х24 см,1
793370542,Сумки повседневные,Количество внешних карманов,numeric,шт,7.0,7.0,7.00000 шт,1
793370542,Сумки повседневные,Материал,categorical,,,,полиэстер,1
793370542,Сумки повседневные,Модель,categorical,,,,Рюкзак,1
793370542,Сумки повседневные,Цвет,categorical,,,,васильковый,1
793370560,"Колготки, легинсы (рейтузы), кюлоты",Вид,categorical,,,,классические,16
793370560,"Колготки, легинсы (рейтузы), кюлоты",Материал,categorical,,,,полиамид,16
793370560,"Колготки, легинсы (рейтузы), кюлоты",Модель,categorical,,,,"колготки, колготки женские, 40 ден бежевые размер 4, 40 ден бежевые размер 3, Колготки женские CONTE ELEGANT SOLO 40 den",16
793370560,"Колготки, легинсы (рейтузы), кюлоты",Плотность,numeric,%,40.0,40.0,40 %,16
793370560,"Колготки, легинсы (рейтузы), кюлоты","Плотность плетения колгот, ден",numeric,,40.0,40.0,40.00000,16
793370560,"Колготки, легинсы (рейтузы), кюлоты",Производитель,categorical,,,,"беларусь, Беларусь",16
793370560,"Колготки, легинсы (рейтузы), кюлоты",Размер,numeric,,2.0,6.0,"4, 2, 3, 5, 6",16
793370560,"Колготки, легинсы (рейтузы), кюлоты",Состав,categorical,,,,"Полиамид и эластан, 87-полиамид. 13-эластан, 87 - полиамид, Полиамид 88%, эластан, 87% полиамид",16
793370560,"Колготки, легинсы (рейтузы), кюлоты",Упаковка,numeric,шт,1.0,1.0,1 шт,16
793370560,"Колготки, легинсы (рейтузы), кюлоты",Цвет,categorical,,,,"бежевый, Черный, черный, бежевые",16
793370562,"Носки, подследники",Вид,categorical,,,,"Изделия чулочно-носочные, Носки, Галантерейные товары, Термоноски",19
793370562,"Носки, подследники",Модель,categorical,,,,"Носки из полушерстяной пряжи, Носки «Гладь» из хлопчатобумажной пряжи, Термоноски Island Cup Wintertech (Айланд Кап Винтертеч), Термоноски WINTER, Термоноски Island Cup, Термоноски Island Cup р.45-47",19
793370562,"Носки, подследники",Описание,categorical,,,,"Разработаны для использования в зимнее время года при низких температурах в широком диапазоне, Носки выполнены из хлопка высокого качества, Носки из полушерстенной пряжи. МИНПРОМТОРГ, Носки из полушерстенной пряжи",19
793370562,"Носки, подследники",Половая принадлежность,categorical,,,,"мужские, унисекс",19
793370562,"Носки, подследники",Сезон,categorical,,,,"Зима, зимнее время года",19
793370562,"Носки, подследники",Состав,categorical,,,,"50 шерсть мериносов, хлопок 100 процент (%), 75 шерсть, 60шерсть",19
793370562,"Носки, подследники",Цвет,categorical,,,,"черные, Черный, черные/синие, черный",19
793370566,Обувь форменная для взрослых,Верх обуви,categorical,,,,кожа натуральная,12
793370566,Обувь форменная для взрослых,Высота голенища,numeric,см,32.0,32.0,32 см,12
793370566,Обувь форменная для взрослых,Защитные носки,categorical,,,,термопласт,12
793370566,Обувь форменная для взрослых,Защитные свойства,categorical,,,,"защита от общих производственных загрязнений, Нс Нм Щ20 Мун200 СЖ Тн40 Тп З",12
793370566,Обувь форменная для взрослых,Материал верха обуви,categorical,,,,"Кожа велюр, Кожа натуральная",12
793370566,Обувь форменная для взрослых,Материал подкладки,categorical,,,,Искусственный мех с шерстяным ворсом + мембрана J-Tex,12
793370566,Обувь форменная для взрослых,Материал подошвы,categorical,,,,двухслойный,12
793370566,Обувь форменная для взрослых,Метод крепления подошвы,categorical,,,,"клеевой, Литьевой",12
793370566,Обувь форменная для взрослых,Модель,categorical,,,,"Котка, Полуботинки форменные р.42, Полуботинки форменные р.45, Полуботинки форменные р.41, Полуботинки форменные р.44, Сапоги кожаные Неогард меховые",12
793370566,Обувь форменная для взрослых,Назначение,categorical,,,,рекомендуются для сотрудников охранных предприятий,12
793370566,Обувь форменная для взрослых,Подкладка,categorical,,,,"кожа подкладочная, мех натуральный",12
793370566,Обувь форменная для взрослых,Подошва,categorical,,,,термоэластопласт,12
793370566,Обувь форменная для взрослых,Тип,categorical,,,,шнурки,12
793370572,Обувь с верхом из текстильных материалов,Материал верха,categorical,,,,"велюр кожевенный, кожа с ПУ покрытием и высокопрочный дышащий текстильный материал, х/б ткань, текстильный материал",58
793370572,Обувь с верхом из текстильных материалов,Материал верха обуви,categorical,,,,"натуральная кожа., х/б ткань",58
793370572,Обувь с верхом из текстильных материалов,Метод крепления,categorical,,,,"литьевой, литьевой., клеевой",58
793370572,Обувь с верхом из текстильных материалов,Модель,categorical,,,,"Полуботинки кроссовые (кроссовки), Полуботинки URUGUAY FAST («Уругвай Фаст») с системой быстрой шнуровки BOA® и мембраной Gore-Tex®, Туфли женские текстильные «Эмануэла», Туфли мужские текстильные «Андрей», Туфли мужские «Дима» черные, Полуботинки URUGUAY FAST («Уругвай Фаст») с системой быстрой шнуровки BOA® и мембраной GORE-TEX, Полуботинки «БАЛТО» (BALTO) с внутренними защитными носками из металла",58
793370572,Обувь с верхом из текстильных материалов,Подкладка,categorical,,,,"нетканое полотно., паропроницаемый и водонепроницаемый материал Gore-Tex®, натуральная подкладочная кожа, нейлоновая сетка",58
793370572,Обувь с верхом из текстильных материалов,Подносок,categorical,,,,укрепленный гранитолевый.,58
793370572,Обувь с верхом из текстильных материалов,Подошва,categorical,,,,"однослойный полиуретан, двухслойная полиуретан и нитрильная резина VIBRAM® выдерживает кратковременный контакт (60 с) с поверхностями, ПВХ., двухслойная",58
793370572,Обувь с верхом из текстильных материалов,Цвет,categorical,,,,"синий, черный., черный с синим, черный, синий.",58
793370578,Обувь валяная,Вес,numeric,г,2500.0,2500.0,2500 г,29
793370578,Обувь валяная,Вид,categorical,,,,Обувь валяная,29
793370578,Обувь валяная,Высота,numeric,см,40.0,40.0,40 см,29
793370578,Обувь валяная,Материал,categorical,,,,натуральная шерсть процент (%),29
793370578,Обувь валяная,Материал верха обуви,categorical,,,,"Натуральная шерсть, натуральная шерсть, натуральная кожа",29
793370578,Обувь валяная,Материал подошвы,categorical,,,,"Резина, резина",29
793370578,Обувь валяная,Метод крепления подошвы,categorical,,,,клеевой,29
793370578,Обувь валяная,Модель,categorical,,,,"Обувь валяная специальная от пониженных температур на резиновом ходу, Туфли женские «Сальма» (SALMA LBL), Обувь валяная специальная от пониженных температур",29
793370578,Обувь валяная,Назначение,categorical,,,,Рекомендованы для эксплуатации во II,29
793370578,Обувь валяная,Пол,categorical,,,,женский,29
793370578,Обувь валяная,Размер,numeric,размер,23.0,42.0,"42, 40, 23 (36), 34 (47), 33 (46), 32 (45), 31 (44), 30 (43), 29 (42), 28 (41)",29
793370578,Обувь валяная,Цвет,categorical,,,,серый,29
793370578,Обувь валяная,Цвет изделия,categorical,,,,белый с голубым,29
793370580,Обувь с защитным металлическим подноском,Вид,categorical,,,,"Обувь, Обувь с защитным металлическим подноском, ботинки, Ботинки, залипы, металлический, Без застежки, Полуботинки",298
793370580,Обувь с защитным металлическим подноском,Внутренний защитный носок,categorical,,,,"металлический (Мун 200), композитный материал (Мун 200), алюминиевый (Мун 200), из металла",298
793370580,Обувь с защитным металлическим подноском,Высота,numeric,см,8.0,145.0,"38 см, 40.00000 см, 8, 145 см, 90 см, 38.00000 см, 44 см, 44.00000 см, 8.50000 см",298
793370580,Обувь с защитным металлическим подноском,Материал верха,categorical,,,,"ПВХ, резина, вспененный полиуретан Purofort., TECHSHELL – инновационная и чрезвычайно прочная ткань, VELOURTECH® – мягкая замшевая кожа, высокотехнологичный, ПВХ с добавлением нитрильного каучука, вспененный полиуретан Purofort, ЭВА (этиленвинилацетат), Натуральная кожа",298
793370580,Обувь с защитным металлическим подноском,Материал подошвы,categorical,,,,"полиуретан + термопластичный полиуретан., однослойный ПВХ, полиуретан, нитрильная резина Vibram, Двухслойная ПУ/ТПУ, полиуретан + термопластичный полиуретан",298
793370580,Обувь с защитным металлическим подноском,Метод крепления подошвы,categorical,,,,"литьевой., литьевой, Литьевой",298
793370580,Обувь с защитным металлическим подноском,Модель,categorical,,,,"Полуботинки «Альбус» с перфорацией, Сапоги ПВХ «Призма» с металлическими носками и металлическими проколозащитными прокладками 1200 Н, Сапоги «Данлоп ФудПро ПУ» с металлическими носками, Полуботинки Monty (Монти), Полуботинки кожаные Indy Orange (Инди Оранж) с перфорацией, Полуботинки Modul Orange (Модуль Оранж), Полуботинки «Альбус», Полуботинки «Альбус» с металлическими внутренними защитными носками, Сапоги ПВХ «Призма», Сапоги ПВХ+нитрил «Призма» с композитными носками и кевларовыми проколозащитными прокладками",298
793370580,Обувь с защитным металлическим подноском,Подкладка,categorical,,,,"трикотаж, ткань хлопчатобумажная, подкладочный материал с антибактериальной пропиткой, SPYDER NET® – ультравпитывающая воздухопроницаемая (абсорбирует и отводит влагу от стопы), полотно DERMODRY COOLMAX и ON STEAM., полотно ARTICO, полотно DERMODRY COOLMAX и ON STEAM, искусственный мех + кожа из спилка, нейлоновая сетка, полиэстер (ПЭ)",298
793370580,Обувь с защитным металлическим подноском,Подошва,categorical,,,,"однослойный ПВХ, TYRE®, двухслойная, ПВХ, резина, PU/TPU, однослойный полиуретан, ПУ / ПУ., нитрильная резина Vibram",298
793370580,Обувь с защитным металлическим подноском,Полнота,numeric,,8.0,12.0,"9, 8, 10, 12",298
793370580,Обувь с защитным металлическим подноском,Проколозащитные прокладки,categorical,,,,"TXZERO® многослойный материал (1200 H), металлические (1200 Н), кевларовые (1200 Н), неметаллические (1200 Н), металлические (1200)",298
793370580,Обувь с защитным металлическим подноском,Цвет,categorical,,,,"черный, белый, белый., синий, оливковый, Черный, Синий, черный.",298
793370590,Обувь специальная диэлектрическая,Вид,categorical,,,,"Боты диэлектрические, Обувь специальная, Обувь специальная диэлектрическая, Боты, Обувь",6
793370590,Обувь специальная диэлектрическая,Защитные свойства,categorical,,,,защита от электрического тока напряжением 1кВ,6
793370590,Обувь специальная диэлектрическая,Материал,categorical,,,,резина процент (%),6
793370590,Обувь специальная диэлектрическая,Материал верха обуви,categorical,,,,резина,6
793370590,Обувь специальная диэлектрическая,Метод крепления подошвы,categorical,,,,формовой,6
793370590,Обувь специальная диэлектрическая,Модель,categorical,,,,"Боты диэлектрические, Боты диэлектрические размер 44",6
793370590,Обувь специальная диэлектрическая,Назначение,categorical,,,,Боты обеспечивают дополнительную защиту от поражения электрическим током при работе в электроустановках закрытого типа,6
793370590,Обувь специальная диэлектрическая,Подошва,categorical,,,,резина,6
793370590,Обувь специальная диэлектрическая,Половой признак,categorical,,,,Универсальные,6
793370590,Обувь специальная диэлектрическая,Размер,numeric,размер,42.0,46.0,"42, 43.00000 размер, 45.00000 размер, 46",6
793370590,Обувь специальная диэлектрическая,Размер обуви,numeric,,44.0,45.0,"45, 44",6
793370590,Обувь специальная диэлектрическая,Цвет,categorical,,,,кремовый,6
793370592,Обувь специальная из полимерных материалов для защиты от механических воздействий для работающих в угольных шахтах и разрезах,", кислотощелочестойкая (устойчивая к воздействию химических факторов",categorical,,,,нефти,65
793370592,Обувь специальная из полимерных материалов для защиты от механических воздействий для работающих в угольных шахтах и разрезах,Вид,categorical,,,,"Обувь специальная, Обувь специальная из полимерных материалов для защиты от механических воздействий для работающих в угольных шахтах и разрезах, Обувь, Сапоги являются водонепроницаемыми",65
793370592,Обувь специальная из полимерных материалов для защиты от механических воздействий для работающих в угольных шахтах и разрезах,Вкладная стелька,categorical,,,,текстильный материал,65
793370592,Обувь специальная из полимерных материалов для защиты от механических воздействий для работающих в угольных шахтах и разрезах,Высота,numeric,сантиметр (см),15.0,383.0,"383 мм, 44.00000 см, 38 сантиметр (см), 15 сантиметр (см), 383 сантиметр (см), 15 см",65
793370592,Обувь специальная из полимерных материалов для защиты от механических воздействий для работающих в угольных шахтах и разрезах,Защита,categorical,,,,водонепроницаемые,65
793370592,Обувь специальная из полимерных материалов для защиты от механических воздействий для работающих в угольных шахтах и разрезах,Защитные носки,categorical,,,,"металлические 200 Дж, стекловолокно 200 Дж, металлические (Мун 200) Дж, металлический (200) Дж",65
793370592,Обувь специальная из полимерных материалов для защиты от механических воздействий для работающих в угольных шахтах и разрезах,Материал,numeric,ПВХ процент (%),100.0,100.0,"100 ПВХ процент (%), кожа водоотталкивающая и дышащий текстиль процент (%)",65
793370592,Обувь специальная из полимерных материалов для защиты от механических воздействий для работающих в угольных шахтах и разрезах,Метод крепления,categorical,,,,"литьевой, Литьевой, клеевой",65
793370592,Обувь специальная из полимерных материалов для защиты от механических воздействий для работающих в угольных шахтах и разрезах,Модель,categorical,,,,"Сапоги ПВХ «Призма-2», Сапоги мужские «НордМан Классик» утепленные с манжетой, Сапоги ПВХ мужские «Внедорожник 4x4» с надставкой утепленные, Ботинки кожаные утепленные CLAN (Клан), Сапоги ПВХ «Ферма», Полуботинки «БАЛТО» (BALTO) с внутренними защитными носками из металла, Сапоги ПВХ ""Призма-2"", Сапоги резиновые «Призма-2», Сапоги специальные шахтерские «Экстрагард» с комплексом ударозащитных свойств, Полуботинки мужские «Атлетик-Лайт» (микрофибра)",65
793370592,Обувь специальная из полимерных материалов для защиты от механических воздействий для работающих в угольных шахтах и разрезах,Подкладка,categorical,,,,"полиэстер, паропроницаемый и водонепроницаемый материал GORE-TEX., проколозащитные металлические стельки, полиэстер процент (%), нейлоновая сетка, искусственный мех, ПЭ, полотно DERMODRY COOLMAX и ON STEAM, SANY-DRY® – дышащий материал из полиэстера, 100 полиэфирное волокно",65
793370592,Обувь специальная из полимерных материалов для защиты от механических воздействий для работающих в угольных шахтах и разрезах,Подошва,categorical,,,,"двухслойная маслобензостойкая, двухслойная, ЭВА, рифленая, ПВХ с содержанием нитрильного каучука, Подошва двухслойная: полиуретан/резина VIBRAM FIRE & ICE, двухслойная из вспененного полиуретана и резины, PU/TPU, ПВХ",65
793370592,Обувь специальная из полимерных материалов для защиты от механических воздействий для работающих в угольных шахтах и разрезах,Подошва промежуточный слой,categorical,,,,вспененный ПВХ + нитрильный каучук.,65
793370592,Обувь специальная из полимерных материалов для защиты от механических воздействий для работающих в угольных шахтах и разрезах,Утеплитель,categorical,,,,"многослойный вкладной чулок (шерстяной мех на трикотажной основе / нетканое льняное полотно / фольгированное полотно)., полотно синтетическое Thinsulate®, 100 полиэфир процент (%), 100 полиэфир (вкладной чулок из дублированного материала (полотно нетканное «Полизон») процент (%), вкладной чулок из материала (полотно нетканное «Полизон»)",65
793370594,Обувь специальная кожаная для защиты от механических воздействий,Вид,categorical,,,,"Обувь специальная, Обувь специальная кожаная для защиты от механических воздействий, Обувь, Двухслойная, Шнурки, Защита от общих производственных загрязнений, Защита от нефти, Защита от ударов в носочной части, Металл, Ботинки",1039
793370594,Обувь специальная кожаная для защиты от механических воздействий,Защитные носки,categorical,,,,"композитный материал (Мун 200), металлические (Мун 200)., металлические (Мун 200), композитный материал (Мун 200)., алюминиевые (Мун 200), композитные (Мун 200), алюминиевые (Мун 200)., композитный материал TOP return (Мун 200), композитный материал, металлические",1039
793370594,Обувь специальная кожаная для защиты от механических воздействий,Количество слоев подошвы,categorical,,,,"2, два, Два, один, однослойная, 2 шт",1039
793370594,Обувь специальная кожаная для защиты от механических воздействий,Материал,categorical,,,,"кожа натуральная, натуральная кожа, хай-тек микровелюр, кожа натуральная и материал RETOR, нубук водостойкий, натуральная кожа с полиуретановым покрытием, кожа натуральная термоустойчивая, кожа натуральная гидрофобная и материал ON DURA RETOR (Он Дюра Ретор), кожа натуральная гидрофобная, кожа натуральная водоотталкивающая",1039
793370594,Обувь специальная кожаная для защиты от механических воздействий,Материал верха обуви,categorical,,,,"кожа натуральная, натуральная кожа., Натуральная кожа, натуральная кожа / трехслойная кирза., кожа натуральная., натуральная кожа, кожа натуральная и материал RETOR, кожа натуральная + материал RETOR., кожа натуральная термоустойчивая, кожа натуральная и материал ON DURA RETOR.",1039
793370594,Обувь специальная кожаная для защиты от механических воздействий,Материал подошвы,categorical,,,,"полиуретан + термопластичный полиуретан, Полиуретан, полиуретан + термопластичный полиуретан., полиуретан и нитрильная резина, полиуретан + нитрильная резина, нитрильная резина, однослойный полиуретан, полиуретан / термопластичный полиуретан, полиуретан + нитрильная резина., полиуретан.",1039
793370594,Обувь специальная кожаная для защиты от механических воздействий,Метод крепления,categorical,,,,"литьевой, клеепрошивной, клеевой, литьевой., Литьевой, из полиуретана и резины на основе нитрильного каучука",1039
793370594,Обувь специальная кожаная для защиты от механических воздействий,Назначение,categorical,,,,"для работы в нефтегазовой, для работ в различных отраслях промышленности, Предназначены для повседневной носки инженерно-техническими работниками различных отраслей промышленности., для тяжелых работ в различных отраслях промышленности: нефтегазовой, для эксплуатации в атомной промышленности и пищевом производстве, для защиты от повышенных температур, для лесорубов, для защиты от пониженных температур, Обувь обеспечивает защиту от нефтепродуктов, Предназначены для повседневной носки инженерно-техническими работниками различных отраслей промышленности",1039
793370594,Обувь специальная кожаная для защиты от механических воздействий,Подкладка,categorical,,,,"нетканое полотно., полотно DERMODRY COOLMAX и ON STEAM, полотно нетканое, полотно ARTICO, нетканое полотно, полотно REJILLA VENUS (Реджила Венус), полотно DERMODRY COOLMAX и ON STEAM., полотно ARTICO (Артико), натуральный мех «Аляска» (овчина), нетканая",1039
793370594,Обувь специальная кожаная для защиты от механических воздействий,Подошва,categorical,,,,"двухслойная, пористый термоэластопласт (ТЭП), маслобензостойкая, полиуретан, Подошва двухслойная маслобензостойкая (устойчивая к воздействию химических факторов – нефти, ПУ/ТПУ, полиуретан + термопластичный полиуретан, резина, термоэластопласт CROSSING, устойчивая к воздействию нефти",1039
793370594,Обувь специальная кожаная для защиты от механических воздействий,Полнота,numeric,/10,6.0,12.0,"10, 9, 8, 9/10, 12, 11, 6, ультравпитывающая воздухопроницаемая стойкая к истиранию",1039
793370594,Обувь специальная кожаная для защиты от механических воздействий,Половой признак,categorical,,,,"мужской, женский, Мужская, мужские, женские, Мужской, Мужские, Женская, Женский, Женские",1039
793370594,Обувь специальная кожаная для защиты от механических воздействий,Размер,numeric,размер,34.0,52.0,"41, 44, 42, 43, 40, 45, 46, 39, 38, 37",1039
793370594,Обувь специальная кожаная для защиты от механических воздействий,Цвет,categorical,,,,"черный, черный., Черный, черно-коричневый, белый, коричневый, синий, черно-коричневый., черный с зеленым, серый с розовыми элементами",1039
793370596,"Обувь специальная кожаная для защиты от нефти, нефтепродуктов, кислот, щелочей, нетоксичной и взрывоопасной пыли",Верх обуви,categorical,,,,"кожа натуральная, кожа, кожа натуральная гидрофобная, натуральная кожа, натуральная кожа (нубук) и текстильный материал., кожа натуральная / кожа искусственная (голенище)., кожа натуральная с полиуретановым покрытием, микрофибра, кожа натуральная водоотталкивающая, кожа с ПУ покрытием и высокопрочный дышащий текстильный материал",132
793370596,"Обувь специальная кожаная для защиты от нефти, нефтепродуктов, кислот, щелочей, нетоксичной и взрывоопасной пыли",Вид,categorical,,,,"Обувь специальная, Обувь специальная кожаная для защиты от нефти, Обувь, Композитный, Ботинки, На шнуровке, Защита от общих производственных загрязнений, Шнурки, Металл, Двухслойная",132
793370596,"Обувь специальная кожаная для защиты от нефти, нефтепродуктов, кислот, щелочей, нетоксичной и взрывоопасной пыли",Защитные носки,categorical,,,,"композитный материал, термопласт, стекловолокно, композитный материал (Мун 200), композитный материал Мун 200, металлический (Мун 200), FIBERGLASS CAP стекловолокно, металлические, композитные",132
793370596,"Обувь специальная кожаная для защиты от нефти, нефтепродуктов, кислот, щелочей, нетоксичной и взрывоопасной пыли",Защитный носок,categorical,,,,"металлические (Мун 200), композитный материал, алюминиевые (Мун 200), металлический (Мун 200), композитный материл",132
793370596,"Обувь специальная кожаная для защиты от нефти, нефтепродуктов, кислот, щелочей, нетоксичной и взрывоопасной пыли",Метод крепления,categorical,,,,"литьевой, :литьевой",132
793370596,"Обувь специальная кожаная для защиты от нефти, нефтепродуктов, кислот, щелочей, нетоксичной и взрывоопасной пыли",Модель,categorical,,,,"Сапоги мужские Неогард-2® утепленные, Ботинки «Челси» (пр-во M&G, Сапоги «Айсгард» утепленные, Ботинки кожаные «Билд», Ботинки «Айсгард» утепленные, Ботинки кожаные «Билд» с металлическими внутренними защитными носками, Ботинки кожаные «Денвер» (3684.6/J – пр-во M&G, Сапоги «Билд» с комбинированным верхом, Ботинки мужские кожаные Техногард-2, Сапоги кожаные утепленные ARGO (Арго)",132
793370596,"Обувь специальная кожаная для защиты от нефти, нефтепродуктов, кислот, щелочей, нетоксичной и взрывоопасной пыли",Подкладка,categorical,,,,"мех натуральный «Аляска», полиамидное полотно с водоотталкивающей мембраной J-Тех, полиэстер + полотно иглопробивное + кожа из спилка, искусственный мех + кожа из спилка., нетканое полотно, полотно текстильное воздухопроницаемое, полиэстер + полотно иглопробивное + кожа из спилка., полиамидное полотно с водоотталкивающей мембраной J-Tex., натуральная шерсть 70, паропроницаемый и водонепроницаемый материал GORE-TEX",132
793370596,"Обувь специальная кожаная для защиты от нефти, нефтепродуктов, кислот, щелочей, нетоксичной и взрывоопасной пыли",Подошва,categorical,,,,"двухслойная, однослойная, Подошва промежуточный слой: ПУ. Подошва ходовой слой: нитрильная резина., двухслойная (ПУ / нитрильная резина), двухслойная ПУ, двухслойная полиуретан и нитрильная резина VIBRAM выдерживает кратковременный контакт (60 с) с поверхностями, двухслойная полиуретан и нитрильная резина VIBRAM выдерживает кратковременный контакт, ПУ / ПУ, Пoдoшва двyxслойная маслобензocтойкая (устойчивая к вoздeйствию химических факторов – нефти, однослойный полиуретан",132
793370596,"Обувь специальная кожаная для защиты от нефти, нефтепродуктов, кислот, щелочей, нетоксичной и взрывоопасной пыли",Полнота,numeric,,9.0,12.0,"10, 11, 12, 9",132
793370598,Обувь специальная кожаная для защиты от повышенных температур,Верх обуви,categorical,,,,"натуральная кожа, кожа натуральная, кожа натуральная термоустойчивая, Термоустойчивая",66
793370598,Обувь специальная кожаная для защиты от повышенных температур,Вид,categorical,,,,"Обувь, Обувь специальная, Обувь специальная кожаная для защиты от повышенных температур, Металл, Шнурки, Ботинки, Неутепленная, Спецзаказной, Пряжки",66
793370598,Обувь специальная кожаная для защиты от повышенных температур,Высота,numeric,см,20.0,30.0,"20 см, 30 см, 22 см",66
793370598,Обувь специальная кожаная для защиты от повышенных температур,Защитные носки,categorical,,,,"композитный материал, композитный материал (Мун 200), композитный материал 200 Дж",66
793370598,Обувь специальная кожаная для защиты от повышенных температур,Материал подошвы,categorical,,,,"Резина термостойкая, однослойная, ПУ / нитрильная резина, двухслойная, ПУ / нитрильная резина., Однослойная, Резина, Термопластичный полиуретан",66
793370598,Обувь специальная кожаная для защиты от повышенных температур,Материал стельки,categorical,,,,"Полотно нетканое, Кожа",66
793370598,Обувь специальная кожаная для защиты от повышенных температур,Метод крепления,categorical,,,,литьевой,66
793370598,Обувь специальная кожаная для защиты от повышенных температур,Модель,categorical,,,,"Ботинки кожаные Техногард-2® с высокими берцами утепленные, Обувь специальная кожаная для защиты от повышенных температур, Ботинки кожаные «Билд» утепленные, Ботинки кожаные «Сварщик» с композитными внутренними защитными носками, Ботинки мужские Неогард-2® утепленные, Ботинки женские Неогард-2® утепленные, Сапоги женские Неогард-2® утепленные, Ботинки мужские Неогард-2® для сварочных работ, Ботинки «Айсгард» с высокими берцами утепленные антистатические (модель 5.768), Сапоги кожаные «Супер Юта» утепленные с композитными внутренними защитными носками р 42",66
793370598,Обувь специальная кожаная для защиты от повышенных температур,Назначение обуви в зависимости от защитных свойств,categorical,,,,"Защита от искр и брызг расплавленного металла, на производствах",66
793370598,Обувь специальная кожаная для защиты от повышенных температур,Половой признак,categorical,,,,Мужская,66
793370600,Обувь специальная кожаная для защиты от скольжения по зажиренным поверхностям,Верх обуви,categorical,,,,"искусственная кожа, натуральная кожа",17
793370600,Обувь специальная кожаная для защиты от скольжения по зажиренным поверхностям,Вид,categorical,,,,"Обувь, Обувь специальная, Обувь специальная кожаная для защиты от скольжения по зажиренным поверхностям",17
793370600,Обувь специальная кожаная для защиты от скольжения по зажиренным поверхностям,Защитные свойства,categorical,,,,"Защищают от нефтяных масел, З - От общих производственных загрязнений, защита от скольжения",17
793370600,Обувь специальная кожаная для защиты от скольжения по зажиренным поверхностям,Материал подошвы,categorical,,,,полиуретан / термопластичный полиуретан.,17
793370600,Обувь специальная кожаная для защиты от скольжения по зажиренным поверхностям,Метод крепления,categorical,,,,"клеевой, ЭВА / нитрильная резина",17
793370600,Обувь специальная кожаная для защиты от скольжения по зажиренным поверхностям,Модель,categorical,,,,"Полуботинки женские кожаные ""Неогард-Лайт Антистат"", Полуботинки женские «Камиль» (CAMILLE), Женские туфли (типа сабо) «Леон медикал» черные, Ботинки кожаные «СКАУТ» (SCOUT), АЛЬБИНОС-ЛОРИКА размер 38, Пол121, Полуботинки мужские кожаные «Неогард-Лайт® Антистат» с внутренними защитными носками из композитного материала, Полуботинки женские кожаные Неогард-Лайт® с перфорацией",17
793370600,Обувь специальная кожаная для защиты от скольжения по зажиренным поверхностям,Подкладка,categorical,,,,"полотно DERMODRY COOLMAX и ON STEAM., сетка (mesh), мембрана WR + нейлоновая сетка, полотно DERMODRY COOLMAX и ON STEAM",17
793370600,Обувь специальная кожаная для защиты от скольжения по зажиренным поверхностям,Подносок,categorical,,,,алюминиевый,17
793370600,Обувь специальная кожаная для защиты от скольжения по зажиренным поверхностям,Подошва,categorical,,,,"промежуточный слой – ЭВА, Полиуретан, двухслойная, полиуретан, ЭВА / нитрильная резина",17
793370600,Обувь специальная кожаная для защиты от скольжения по зажиренным поверхностям,Половой признак,categorical,,,,"Мужская, Женская",17
793370600,Обувь специальная кожаная для защиты от скольжения по зажиренным поверхностям,Цвет,categorical,,,,"черный, белый, хаки, черный/зеленый",17
793370602,Сапоги резиновые формовые,Верх обуви,categorical,,,,"ПВХ, полиуретан, ЭВА, переработанный ПВХ + нитрильный каучук, ПВХ с добавлением нитрильного каучука, ПВХ + нитрильный каучук., дублированное полотно с водоотталкивающей пропиткой, Материал голенища: неопрен. Материал галоши: полиуретан., вспененный полиуретан Purofort, резина",220
793370602,Сапоги резиновые формовые,Вид,categorical,,,,"Обувь специальная, Сапоги резиновые формовые, Обувь, сапоги, Сапоги, Боты диэлектрические, Сапоги резиновые, Сапоги с полукомбинезоном",220
793370602,Сапоги резиновые формовые,Внутренний защитный носок,categorical,,,,"металлический (Мун 200), металлические (Мун 200), композитный материал (Мун 200).",220
793370602,Сапоги резиновые формовые,Высота,numeric,см,18.0,105.0,"34.00000 см, 38.00000 см, 33.00000 см, 28.00000 см, 35.00000 см, 40.00000 см, 40.50000 см, 38.30000 см, 26.50000 см, 42.00000 см",220
793370602,Сапоги резиновые формовые,Защитные свойства обуви,categorical,,,,"защищают от растворов кислот и щелочей концентрацией до 20%, Сапоги изготовлены из высококачественного пластиката, Сапоги защищают от растворов кислот и щелочей концентрацией до 50%, от общих производственных и природных загрязнений, Усиление в виде утолщения по носу и пятке, Сапоги защищают от растворов кислот и щелочей концентрацией до 20%., 2, водоотталкивающие",220
793370602,Сапоги резиновые формовые,Материал верха,categorical,,,,"ПВХ, полиуретан, Резина, ЭВА, резина, ПВХ/полиамид",220
793370602,Сапоги резиновые формовые,Метод крепления подошвы,categorical,,,,"литьевой, Литьевой, формовой",220
793370602,Сапоги резиновые формовые,Назначение сапог,categorical,,,,"для защиты от воды и растворов нетоксичных веществ, Сапоги защищают от растворов кислот и щелочей концентрацией до 20%. Подошва имеет самоочищающийся профиль",220
793370602,Сапоги резиновые формовые,Подкладка,categorical,,,,"трикотаж, без подкладки, ПЭ, полиэстер процент (%), полиэстер, Текстильная, 100 ПЭ, Трикотаж, Материал голенища: неопрен. Материал галоши: полиуретан., подкладочный материал с антибактериальной пропиткой",220
793370602,Сапоги резиновые формовые,Подошва,categorical,,,,"однослойный ПВХ, ПВХ, двухслойная из вспененного полиуретана и резины, ЭВА, Подошва, ПВХ с добавлением нитрильного каучука, Резиновая, Однослойный ПВХ, промежуточный слой: вспененный ПВХ + нитрильный каучук. Подошва ходовой слой: ПВХ + нитрильный каучук., ПУ/ПУ/резина",220
793370602,Сапоги резиновые формовые,Пол,categorical,,,,"мужской, женский, мужской/женский, мужскрй",220
793370602,Сапоги резиновые формовые,Полнота,numeric,,12.0,12.0,12,220
793370602,Сапоги резиновые формовые,Утеплитель,categorical,,,,"вкладной чулок из иглопробивного нетканого полотна, вкладной чулок из искусственного меха, съёмный двуслойный фольгированный чулок, многослойный вкладной чулок (шерстяной мех на трикотажной основе / нетканое льняное полотно / фольгированное полотно), Вкладной чулок из 7 слоёв, вкладной чулок из искусственного меха.",220
793370606,Кроссовки,Материал верха,categorical,,,,велюр кожевенный,8
793370606,Кроссовки,Материал подошвы,categorical,,,,полиуретан,8
793370606,Кроссовки,Метод крепления подошвы,categorical,,,,литьевой,8
793370606,Кроссовки,Половой признак,categorical,,,,"N/A, мужской",8
793370606,Кроссовки,Размер,numeric,размер,39.0,46.0,"39.00000 размер, 40.00000 размер, 41.00000 размер, 42.00000 размер, 43.00000 размер, 44.00000 размер, 45.00000 размер, 46.00000 размер",8
793370606,Кроссовки,Страна,categorical,,,,Россия,8
793370606,Кроссовки,Цвет,categorical,,,,темно-синий,8
793370608,Галоши резиновые клееные для взрослых,Вид,categorical,,,,галоши на валенки,2
793370608,Галоши резиновые клееные для взрослых,Материал,categorical,,,,морозостойкая резина 100 процент (%),2
793370608,Галоши резиновые клееные для взрослых,Метод крепления,categorical,,,,формовой,2
793370608,Галоши резиновые клееные для взрослых,Метод крепления подошвы,categorical,,,,Формовой,2
793370608,Галоши резиновые клееные для взрослых,Модель,categorical,,,,Галоши на валенки НМС,2
793370608,Галоши резиновые клееные для взрослых,Размер,numeric,,28.0,29.0,"28, 29",2
793370612,Туфли на подошве и с верхом из резины или пластмассы повседневная,Амортизация,categorical,,,,Улучшенные амортизационные характеристики материала Dec-smart обеспечат комфорт в течение всего дня,36
793370612,Туфли на подошве и с верхом из резины или пластмассы повседневная,Верх обуви,categorical,,,,"натуральная кожа, DEC-smart (ЭВА), натуральная кожа.",36
793370612,Туфли на подошве и с верхом из резины или пластмассы повседневная,Метод крепления,categorical,,,,"клеевой, клеевой.",36
793370612,Туфли на подошве и с верхом из резины или пластмассы повседневная,Модель,categorical,,,,"Туфли летние (типа сабо) «Нордман Шарк С» (ЭВА) белые, Туфли-сабо женские «Дориа» (DORIA MUG) белые с серым принтом, Туфли-сабо женские «Дориа» (DORIA LBL) белые с голубым, Туфли летние (типа сабо) «Нордман Шарк С» (ЭВА) синие, Туфли-сабо мужские «Леон» белые, Сабо женские ""Эмануэла"", Сабо мужские ""Павел""",36
793370612,Туфли на подошве и с верхом из резины или пластмассы повседневная,Описание,categorical,,,,Удобная анатомическая колодка и полуприлегающая посадка на стопе снижают до минимума возможность дискомфорта во время носки.,36
793370612,Туфли на подошве и с верхом из резины или пластмассы повседневная,Подкладка,categorical,,,,"CoolMax, CoolMax., натуральная кожа",36
793370612,Туфли на подошве и с верхом из резины или пластмассы повседневная,Подошва,categorical,,,,"промежуточный слой – ЭВА, DEC-smart (ЭВА), полиуретан",36
793370612,Туфли на подошве и с верхом из резины или пластмассы повседневная,Половой признак,categorical,,,,"женский, мужской",36
793370612,Туфли на подошве и с верхом из резины или пластмассы повседневная,Стелька,categorical,,,,вкладная Oxyfoam.,36
793370612,Туфли на подошве и с верхом из резины или пластмассы повседневная,Цвет,categorical,,,,"белый, белый с серым принтом, белый с голубым., синий",36
793370618,Обувь зимняя с верхом из кожи,Вид,categorical,,,,"Обувь с верхом из кожи, Обувь зимняя с верхом из кожи, Сапоги литьевые, шнурки, сапоги, Обувь",46
793370618,Обувь зимняя с верхом из кожи,Высота голенища,numeric,см,27.0,27.0,27 см,46
793370618,Обувь зимняя с верхом из кожи,Защитные свойства,categorical,,,,З,46
793370618,Обувь зимняя с верхом из кожи,Материал верха,categorical,,,,"кожа натуральная, Кожа натуральная, натуральная кожа, кожа натуральная и материал RETOR (Ретор), дублированное полотно «Оксфорд» с водоотталкивающей пропиткой, HYP на основе термопластичного полиуретана, натуральная хромовая кожа, кожа велюр",46
793370618,Обувь зимняя с верхом из кожи,Материал подкладки,categorical,,,,"Мех искусственный на трикотажной основе с шерстяным ворсом, натуральный мех «Аляска» (овчина), мех натуральный (овчина)",46
793370618,Обувь зимняя с верхом из кожи,Материал подноска,categorical,,,,Композитный,46
793370618,Обувь зимняя с верхом из кожи,Материал подошвы,categorical,,,,"Полиуретан+термопластичный полиуретан, PU/TPU, Полиуретан (ПУ), Alpi, полиуретан и нитрильная резина",46
793370618,Обувь зимняя с верхом из кожи,Метод крепления,categorical,,,,"литьевой, клеепрошивной",46
793370618,Обувь зимняя с верхом из кожи,Модель,categorical,,,,"Техногард-2®, Сапоги кожаные Неогард® меховые, Ботинки мужские кожаные Техногард® утепленные, Ботинки женские кожаные утепленные Oksana S3 CI SRC (Оксана), Ботинки мужские Неогард-2® утепленные, Сапоги зимние «Полар Фокс» (пр-во M&G, Ботинки женские Неогард-2® утепленные, Ботинки «Билд» кожаные утепленные, Ботинки кожаные меховые «Альпы», Ботинки мужские кожаные Неогард меховые",46
793370618,Обувь зимняя с верхом из кожи,По высоте заготовки верха,categorical,,,,Сапоги,46
793370618,Обувь зимняя с верхом из кожи,Подошва,categorical,,,,"двухслойная, ПУ / нитрильная резина., ПУ / нитрильная резина, термопластичный полиуретан, двухслойная маслобензостойкая, термоэластопласт CROSSING, ПУ/ТПУ",46
793370618,Обувь зимняя с верхом из кожи,Половой признак,categorical,,,,"мужской, Женские, женский",46
793370618,Обувь зимняя с верхом из кожи,Содержание шерсти в подкладке,numeric,%,70.0,70.0,70 %,46
793370618,Обувь зимняя с верхом из кожи,Ударная нагрузка подноска,numeric,Дж,200.0,200.0,200 Дж,46
793370620,Обувь летняя с верхом из кожи,Верх обуви,categorical,,,,"натуральная кожа, нубук водостойкий, натуральная кожа с покрытием, кожа натуральная и материал RETOR",66
793370620,Обувь летняя с верхом из кожи,Внутренний защитный носок,categorical,,,,"металлический (Мун 200), алюминиевый (Мун 200), из композитного материала TOP return (Мун 200)., из композитного материала TOP return (Мун 200), из композитного материала (Мун 200), композитный материал (Мун 200), алюминиевый",66
793370620,Обувь летняя с верхом из кожи,Материал верха,categorical,,,,"кожа натуральная, Натуральная кожа, натуральная кожа, кожа натуральная и материал RETOR (Ретор), натуральная кожа толщиной 2",66
793370620,Обувь летняя с верхом из кожи,Метод крепления,categorical,,,,"литьевой, Литьевой, клеевой",66
793370620,Обувь летняя с верхом из кожи,Модель,categorical,,,,"Полуботинки мужские кожаные МБС, Полуботинки кожаные Gjovik (Гьевик), Полуботинки мужские кожаные Юнигард®, Ботинки кожаные Conference (Конференс), Полуботинки кожаные «Юниград», Ботинки мужские кожаные Техногард® черные, Полуботинки мужские кожаные Юнигард® р.47, Ботинки кожаные «Капитан» меховые р.43, Ботинки мужские кожаные Техногард® р.43, Ботинки кожаные Conference (Конференс) р.42",66
793370620,Обувь летняя с верхом из кожи,Назначение,categorical,,,,"для работы в нефтегазовой, полотно текстильное воздухопроницаемое, для тяжелых работ в различных отраслях промышленности: нефтегазовой, Для защиты от общих производственных загрязнений",66
793370620,Обувь летняя с верхом из кожи,Подкладка,categorical,,,,"нетканое полотно, Обувь обеспечивает защиту от нефтепродуктов, натуральная подкладочная кожа, полотно ARTICO (Артико), спилок подкладочный, мех искусственный на трикотажной основе с шерстяным ворсом (70% шерсть, синтетический материал Sievi 3D-dry, Комбинированная подкладка из кожевенного спилка и полотна из полиэфира обеспечивает хорошую гигроскопичность.",66
793370620,Обувь летняя с верхом из кожи,Подносок,categorical,,,,укрепленный гранитолевый,66
793370620,Обувь летняя с верхом из кожи,Подошва,categorical,,,,"двухслойная, однослойная, однослойный полиуретан, ПУ, однослойная маслобензостойкая, ПВХ, полиуретан, двухслойная подошва с ходовым слоем из TPU и промежуточным слоем из разработанного Sievi инновационного полиуретанового материала FlexStep®",66
793370620,Обувь летняя с верхом из кожи,Полнота,numeric,,6.0,10.0,"10, 9, 6",66
793370620,Обувь летняя с верхом из кожи,Половой признак,categorical,,,,"мужской, Мужской, мужские, Мужские",66
793370620,Обувь летняя с верхом из кожи,Проколозащитная стелька,categorical,,,,неметаллическая APT Plate – Zero Perforation (1200 H),66
793370620,Обувь летняя с верхом из кожи,Толщина кожи,numeric,мм,1.8,1.8,1.80000 мм,66
793370622,Обувь осенне-весенняя с верхом из кожи,Вид,categorical,,,,"сапоги, Обувь, Обувь с верхом из кожи, Обувь осенне-весенняя с верхом из кожи, Мужская",23
793370622,Обувь осенне-весенняя с верхом из кожи,Внутренний защитный носок,categorical,,,,металлический (Мун 200),23
793370622,Обувь осенне-весенняя с верхом из кожи,Высота,numeric,см,29.5,44.0,"44.00000 см, 29.50000 см",23
793370622,Обувь осенне-весенняя с верхом из кожи,Высота сапог,numeric,см,28.0,29.5,"29.50000 см, 28.00000 см",23
793370622,Обувь осенне-весенняя с верхом из кожи,Манжета,categorical,,,,сверхпрочная водонепроницаемая ткань Ripstop,23
793370622,Обувь осенне-весенняя с верхом из кожи,Материал верха,categorical,,,,"ЭВА (этиленвинилацетат), водоотталкивающая ткань Oxford, кожа натуральная",23
793370622,Обувь осенне-весенняя с верхом из кожи,Метод крепления,categorical,,,,литьевой,23
793370622,Обувь осенне-весенняя с верхом из кожи,Модель,categorical,,,,"Сапоги мужские «НордМан Сэйфети» утепленные с манжетой, Сапоги мужские «Зима» утепленные (ЭВА), Сапоги мужские кожаные Техногард® утепленные, Туфли мужские «Дима» черные, Ботинки «Моушн Лайт» (69862) р. 40, Сапоги «НордМан Классик» утепленные с манжетой, Сапоги мужские кожаные Техногард® утепленные р.43, Сапоги кожаные Техногард®",23
793370622,Обувь осенне-весенняя с верхом из кожи,Подошва,categorical,,,,"ЭВА, двухслойная, в виде галоши из ЭВА (этиленвинилацетата), однослойный полиуретан",23
793370622,Обувь осенне-весенняя с верхом из кожи,Половой признак,categorical,,,,"мужской, Мужской",23
793370622,Обувь осенне-весенняя с верхом из кожи,Температура эксплуатации,categorical,,,,до 45 [0*]С,23
793370622,Обувь осенне-весенняя с верхом из кожи,Толщина кожи,numeric,мм,1.8,1.8,1.80000 мм,23
793370622,Обувь осенне-весенняя с верхом из кожи,Утеплитель,categorical,,,,многослойный вкладной чулок (шерстяной мех на трикотажной основе / нетканое льняное полотно / фольгированное полотно),23
793370624,Обувь повседневная с верхом из кожи,Вид,categorical,,,,"Обувь, Обувь с верхом из кожи, Обувь повседневная с верхом из кожи, Полуботинки, шнурки, Туфли, Женские медицинские сабо",160
793370624,Обувь повседневная с верхом из кожи,Материал верха,categorical,,,,"Натуральная кожа, натуральная кожа., кожа натуральная, натуральная кожа с покрытием, натуральная кожа с покрытием., Синтетическая кожа + сетка, натур. кожа с естественной лицевой поверхностью., нубук, натуральная кожа, Спилок с покрытием ПУ.",160
793370624,Обувь повседневная с верхом из кожи,Материал подошвы,categorical,,,,"Полиуретан, ПВХ, полиуретан, ЭВА / нитрильная резина, полиуретан / термопластичный полиуретан., двухслойная",160
793370624,Обувь повседневная с верхом из кожи,Метод крепления,categorical,,,,"литьевой, литьевой., клеевой, Литьевой",160
793370624,Обувь повседневная с верхом из кожи,Модель,categorical,,,,"Сабо женские кожаные «Лариса» белые, Туфли женские «Эмануэла» белые, Полуботинки кожаные «Билд» с перфорацией, Туфли (полуботинки) мужские кожаные «Дима» МБС черные, Туфли (типа сабо) мужские кожаные «Михаил» белые, Сабо мужские кожаные «Михаил» белые, Туфли (полуботинки) женские кожаные «Света» МБС черные, Сабо мужские «Павел» черные, Мужские туфли (типа сабо) «Леон медикал» цв. белый, Туфли женские «Света» черные",160
793370624,Обувь повседневная с верхом из кожи,Особенности модели,categorical,,,,"добный ремешок регулирует полноту и подъем по ноге. Задний ремешок надежно фиксирует стопу., Сабо предназначены для профессионального использования. Подходят для врачей",160
793370624,Обувь повседневная с верхом из кожи,Подкладка,categorical,,,,"натуральная подкладочная кожа., натуральная кожа, полиэстер + полотно иглопробивное + кожа из спилка, натуральная подкладочная кожа, без подкладки процент (%), кожа натуральная подкладочная, сетка (mesh) процент (%)",160
793370624,Обувь повседневная с верхом из кожи,Подошва,categorical,,,,"ПВХ, двухслойная, полиуретан., полиуретан, однослойный полиуретан, однослойная, промежуточный слой – ЭВА",160
793370624,Обувь повседневная с верхом из кожи,Полнота,numeric,,5.0,10.0,"7, 6, 10, 5",160
793370624,Обувь повседневная с верхом из кожи,Половой признак,categorical,,,,"женский, мужской, Женский, Мужской, Мужская, Женская",160
793370624,Обувь повседневная с верхом из кожи,Цвет,categorical,,,,"белый, черный, черный., белый., белый с серым принтом, Белый, оливковый, бежевый, белый с голубым.",160
793370684,"Платки (шали, парео), косынки (банданы)",Вид,categorical,,,,"Уборы головные летние, Платки (шали",2
793370684,"Платки (шали, парео), косынки (банданы)",Длина,numeric,см,90.0,90.0,90 см,2
793370684,"Платки (шали, парео), косынки (банданы)",Материал,categorical,,,,"Бязь» отбеленная (100% хлопок), «Бязь» отбеленная",2
793370684,"Платки (шали, парео), косынки (банданы)",Модель,categorical,,,,Косынка,2
793370684,"Платки (шали, парео), косынки (банданы)",Плотность,numeric,гр/м2,142.0,142.0,142 гр/м2,2
793370684,"Платки (шали, парео), косынки (банданы)",Плотность материала,numeric,гр/м2,142.0,142.0,142 гр/м2,2
793370684,"Платки (шали, парео), косынки (банданы)",Размер,numeric,-62,54.0,54.0,54-62,2
793370684,"Платки (шали, парео), косынки (банданы)",Состав материала,categorical,,,,хлопок,2
793370684,"Платки (шали, парео), косынки (банданы)",Форма,numeric,-х угольная,3.0,3.0,3-х угольная,2
793370684,"Платки (шали, парео), косынки (банданы)",Цвет,categorical,,,,белый,2
793370684,"Платки (шали, парео), косынки (банданы)",Ширина,numeric,см,40.0,40.0,40 см,2
793371056,Ограждения металлические барьерные,Вес брутто,numeric,кг,0.93,0.93,0.93000 кг,2
793371056,Ограждения металлические барьерные,Длина,numeric,м,250.0,250.0,250 м,2
793371056,Ограждения металлические барьерные,Модель,categorical,,,,Лента,2
793371056,Ограждения металлические барьерные,Назначение,categorical,,,,сигнальная лента,2
793371056,Ограждения металлические барьерные,Страна,categorical,,,,Россия,2
793371056,Ограждения металлические барьерные,Тип,categorical,,,,Скотч,2
793371056,Ограждения металлические барьерные,Цвет,categorical,,,,бело-красный,2
793371056,Ограждения металлические барьерные,Ширина,numeric,мм,75.0,75.0,75.00000 мм,2
793371954,Фартуки профессиональные,Вид,categorical,,,,"Фартуки профессиональные, От воды и растворов нетоксичных веществ, Предприятие общественного питания",2
793371954,Фартуки профессиональные,Грузополучатель товара,categorical,,,,Заказчик,2
793371954,Фартуки профессиональные,Длина фартука,numeric,см,85.0,85.0,85.00000 см,2
793371954,Фартуки профессиональные,Материал,categorical,,,,этиленвинилацетат %,2
793371954,Фартуки профессиональные,Метод крепления,categorical,,,,пояс со шлевками спереди. При малом объеме талии свободные концы пояса можно продеть в шлевки и завязать как спереди,2
793371954,Фартуки профессиональные,Модель,categorical,,,,Фартук HACCPER EvaTex 150х83 см,2
793371954,Фартуки профессиональные,Назначение изделия,categorical,,,,Защита нижней части работающего,2
793371954,Фартуки профессиональные,Описание,categorical,,,,Надежная замена фартуков из ПВХ. Отвечает самым высоким требованиям гигиены и безопасности. Легкий,2
793371954,Фартуки профессиональные,Особенности модели,categorical,,,,Стирка в стиральной машине,2
793371954,Фартуки профессиональные,Плотность ткани,numeric,гр/м2,200.0,200.0,200 гр/м2,2
793371954,Фартуки профессиональные,Размер,numeric,х83 см,150.0,150.0,150х83 см,2
793371954,Фартуки профессиональные,Толщина,numeric,мм,0.2,0.2,0.20000 мм,2
793371954,Фартуки профессиональные,Устойчивость,categorical,,,,Устойчивость к жирам и маслам,2
793372516,Емкости для инструментов,Вес,numeric,кг,0.12,0.12,0.12000 кг,5
793372516,Емкости для инструментов,Вид,categorical,,,,"Товары для ремонта или строительства, Инструмент и оборудование инструментальное, Приспособления для хранения и переноски инструмента, Емкости для инструментов, Сумка",5
793372516,Емкости для инструментов,Материал,categorical,,,,кожа 100 % (процент),5
793372516,Емкости для инструментов,Материал изделия,categorical,,,,кожа,5
793372516,Емкости для инструментов,Модель,categorical,,,,"Сумка односекционная ""Мастер"", Сумка-крепёж для молотка ""Мастер"", Чехол для шуруповёрта ""Мастер""",5
793372516,Емкости для инструментов,Назначение,categorical,,,,"Конструкция крепежа для молотка позволяет навесить изделие на поясной или брючный ремень., Сумка малая односекционная для саморезов, Сумка малая двухсекционная для саморезов, Позволяет переносить основной инструмент, Чехол для аккумуляторного шуруповёрта из натуральной кожи",5
793372516,Емкости для инструментов,Описание,categorical,,,,"Конструктивные элементы сумки позволяют навешивать изделие на брючный или поясной ремень. Концы строчек дополнительно закреплены заклёпками, Служит для обеспечения максимального удобства при работе на стремянках и строительных «лесах», На внешней стороне четыре ячейки для бит. Кожаный хляст на клёпке",5
793372516,Емкости для инструментов,Размеры,numeric,х120 мм,150.0,150.0,150х120 мм,5
793372516,Емкости для инструментов,Толщина материала,numeric,,2.0,2.0,2,5
793373080,Перчаточные изделия бытового назначения,Вид,categorical,,,,"Тыльная и ладонная части перчаток усилены накладками из кожевенного велюра, Перчаточные изделия бытового назначения, перчатки",11
793373080,Перчаточные изделия бытового назначения,Материал,categorical,,,,"75 шерсть, Изготовлены из вязаного трикотажа (100% акрил), натуральная кожа козленка, Натуральная кожа, вязаный трикотаж (акрил), из натуральной кожи козленка",11
793373080,Перчаточные изделия бытового назначения,Материал подкладки,categorical,,,,"Флис, из натурального меха ягненка",11
793373080,Перчаточные изделия бытового назначения,Межподкладочный утеплитель,categorical,,,,Тинсулейт® 3М™,11
793373080,Перчаточные изделия бытового назначения,Модель,categorical,,,,"Перчатки полушерстяные, Перчатки кожаные с подкладкой из натурального меха (овчина), Перчатки кожаные Дакар, Перчатки утепленные велюр-трикотаж с утеплителем Тинсулейт®, Перчатки Дарт, Перчатки утепленные велюр-трикотаж с утеплителем Тинсулейт® р.9, Перчатки утепленные велюр-трикотаж с утеплителем Тинсулейт® р.10, Перчатки кожаные утепленные",11
793373080,Перчаточные изделия бытового назначения,Назначение,categorical,,,,"Защита от пониженных температур. Могут использоваться как утепляющий вкладыш для других моделей перчаток, Для защиты рук от механических воздействий",11
793373080,Перчаточные изделия бытового назначения,Описание,categorical,,,,Обеспечивают хороший захват и высокую чувствительность пальцев. Благодаря особому крою повторяют анатомическую форму руки,11
793373080,Перчаточные изделия бытового назначения,Размер,numeric,(10),8.0,27.0,"9, 10, 27 (10), 8, 11",11
793373080,Перчаточные изделия бытового назначения,Сезон,categorical,,,,"Зима, демисезонные",11
793373234,"Приборы бытовые осветительные с питанием от батарей, аккумуляторов",Время непрерывной работы,numeric,–4 час (ч),3.0,3.0,3–4 час (ч),1
793373234,"Приборы бытовые осветительные с питанием от батарей, аккумуляторов",Емкость аккумулятора,numeric,мАч,1500.0,1500.0,1500 мАч,1
793373234,"Приборы бытовые осветительные с питанием от батарей, аккумуляторов",Комплектация,categorical,,,,USB-кабель,1
793373234,"Приборы бытовые осветительные с питанием от батарей, аккумуляторов",Модель,categorical,,,,Фонарь налобный аккумуляторный «Яркий Луч» LH-160A Stalker,1
793373234,"Приборы бытовые осветительные с питанием от батарей, аккумуляторов",Режимы освещения,categorical,,,,дальний и ближний свет,1
793373234,"Приборы бытовые осветительные с питанием от батарей, аккумуляторов",Светодиод,categorical,,,,Основной - CREE XP-G2,1
793373234,"Приборы бытовые осветительные с питанием от батарей, аккумуляторов",Тип,categorical,,,,встроенный литий-полимерный,1
793375024,Ремни поясные,Вид,categorical,,,,"Ремень поясной, Ремень поясной со шлёвками для полуколец",2
793375024,Ремни поясные,Длина,numeric,см,130.0,130.0,130.00000 см,2
793375024,Ремни поясные,Материал,categorical,,,,кожа,2
793375024,Ремни поясные,Материал ремней,categorical,,,,кожа,2
793375024,Ремни поясные,Модель,categorical,,,,"Ремень поясной ""Мастер"", Ремень поясной ""Мастер"" с подтяжками",2
793375024,Ремни поясные,Описание,categorical,,,,"Возможна регулировка до необходимого объёма талии, Подтяжки с плечевыми накладками",2
793375024,Ремни поясные,Ширина,numeric,см,5.0,5.0,5.00000 см,2
793375044,Обувь специальная из полимерных материалов для защиты от механических воздействий,Верх обуви,categorical,,,,"микрофибра, ПВХ + нитрильный каучук., микрофибра с полиуретановым покрытием., ПВХ + нитрильный каучук, спилок с покрытием ПУ, нубук + кожа + полиэстер, DEC-smart (ЭВА), текстиль + микрофибра, ПВХ с добавлением нитрильного каучука, натуральная кожа",121
793375044,Обувь специальная из полимерных материалов для защиты от механических воздействий,Вид,categorical,,,,"Обувь, Обувь специальная, Обувь специальная из полимерных материалов для защиты от механических воздействий, Композитный материал, Шнурки, Сапоги, Липучка, Спецзаказной, Защита от механических воздействий истирания",121
793375044,Обувь специальная из полимерных материалов для защиты от механических воздействий,Высота,numeric,см,8.0,44.0,"8 см, 44.00000 см, 28 см, 44 см, 13 см",121
793375044,Обувь специальная из полимерных материалов для защиты от механических воздействий,Высота обуви,numeric,см,8.0,13.0,"13 см, 8 см",121
793375044,Обувь специальная из полимерных материалов для защиты от механических воздействий,Глубина протектора,numeric,мм,3.0,5.0,"3 мм, 5, 5 мм",121
793375044,Обувь специальная из полимерных материалов для защиты от механических воздействий,Метод крепления,categorical,,,,"литьевой, клеевой",121
793375044,Обувь специальная из полимерных материалов для защиты от механических воздействий,Модель,categorical,,,,"Полуботинки «Шварц», Сапоги ПВХ «Форест», Ботинки «Шварц», Сапоги ПВХ «Призма-2», Сапоги специальные с комбинированным верхом «Нордман Нью Ред», Полуботинки «Альбус» с перфорацией, Ботинки «МОДУЛО» (MODULO S3S MID) с внутренними защитными носками из нано-карбона и неметаллическими проколозащитными прокладками, Ботинки «Флоренция» (13703.1/J – пр-во M&G, «МОДУЛО», Полуботинки «Шварц» с перфорацией",121
793375044,Обувь специальная из полимерных материалов для защиты от механических воздействий,Особенности модели,categorical,,,,Сапоги,121
793375044,Обувь специальная из полимерных материалов для защиты от механических воздействий,Подкладка,categorical,,,,"из полотна ARTICO (Артико) и подкладочного полотна ON STEAM (Он Стим)., полиэстер, полотно полиэстер процент (%), полиэстер процент (%), нейлоновая сетка процент (%), полиамидное полотно с водоотталкивающей мембраной J-tex процент (%), без подкладки процент (%), сетка 100 процент (%), полиэстер 100 процент (%), текстильное полотно процент (%)",121
793375044,Обувь специальная из полимерных материалов для защиты от механических воздействий,Подошва,categorical,,,,"промежуточный слой: вспененный ПВХ + нитрильный каучук. Подошва ходовой слой: ПВХ + нитрильный каучук., однослойный ПВХ, двухслойная",121
793375044,Обувь специальная из полимерных материалов для защиты от механических воздействий,Проколозащитная стелька,categorical,,,,"неметаллические, полотно иглопробивное, 42",121
793375102,Детали и аксессуары для одежды форменной,Вид,categorical,,,,"шеврон, Шеврон, Галантерейные товары, Элементы одежды, Герб",8
793375102,Детали и аксессуары для одежды форменной,Высота,numeric,мм,45.0,80.0,"45.00000 мм, 80.00000 мм, 50.00000 мм",8
793375102,Детали и аксессуары для одежды форменной,Материал ниток,categorical,,,,шелк,8
793375102,Детали и аксессуары для одежды форменной,Материал шеврона,categorical,,,,сукно красное + дублерин,8
793375102,Детали и аксессуары для одежды форменной,Место размещения нашивки,categorical,,,,грудь,8
793375102,Детали и аксессуары для одежды форменной,Метод изготовления,categorical,,,,вышивка,8
793375102,Детали и аксессуары для одежды форменной,Модель,categorical,,,,"вышивка, Шевроны ""Герб Москвы"", Шеврон ""Строительный комплекс Москвы"" мал., Герб Москвы, Шеврон ""Герб Москвы"", Авиабезопасность, Эмблема, Подшлемник трикотажный хлопчатобумажный черный",8
793375102,Детали и аксессуары для одежды форменной,Плотность застила,numeric,мм,0.4,0.55,"0.40000 мм, 0.55000 мм",8
793375102,Детали и аксессуары для одежды форменной,Стабилизатор,categorical,,,,двойной флизелин,8
793375102,Детали и аксессуары для одежды форменной,Тип,categorical,,,,татами,8
793375102,Детали и аксессуары для одежды форменной,Цвет вышивки,categorical,,,,фиолетовый,8
793375102,Детали и аксессуары для одежды форменной,Цвет материала,categorical,,,,белый,8
793375102,Детали и аксессуары для одежды форменной,Ширина,numeric,мм,21.0,67.0,"45.00000 мм, 67.00000 мм, 21.00000 мм",8
793376396,Фильтры для общебольничного оборудования,Габаритные размеры,numeric,х 87,110.0,110.0,110 х 87,2
793376396,Фильтры для общебольничного оборудования,Комплектация,categorical,,,,Специальная огнестойкая (огнезащитная) накидка «Шанс» выполнена в виде пончо из водо-,2
793376396,Фильтры для общебольничного оборудования,Модель,categorical,,,,"Средство увлажняющее офтальмологическое (4691 Плум) Plum Eyewash 200 мл для промывания глаз при попадании инородных частиц, Специальная огнезащитная накидка «Шанс»",2
793376396,Фильтры для общебольничного оборудования,Область применения,categorical,,,,используется при попадании в глаза инородных тел (металлической или древесной стружки,2
793376396,Фильтры для общебольничного оборудования,Объём,numeric,милилитр,200.0,200.0,200 милилитр,2
793376396,Фильтры для общебольничного оборудования,Предназначен,categorical,,,,"для промывания глаз, для предотвращения возгорания одежды и защиты тела человека от открытого пламени",2
793376396,Фильтры для общебольничного оборудования,Состав,categorical,,,,содержит стерильный раствор хлорида натрия,2
793376396,Фильтры для общебольничного оборудования,Способ применения,categorical,,,,:струя жидкости для промывания не должна попадать в глаза под напором,2
793376396,Фильтры для общебольничного оборудования,Срок годности,categorical,,,,Если упаковка не вскрыта,2
793376396,Фильтры для общебольничного оборудования,Срок хранения,categorical,,,,не менее 10 года,2
793382390,Перчатки смотровые/процедурные и хирургические,Вид,categorical,,,,перчатки,7
793382390,Перчатки смотровые/процедурные и хирургические,Длина,numeric,мм,240.0,240.0,"240 мм, 240 миллиметр (мм)",7
793382390,Перчатки смотровые/процедурные и хирургические,Количество в упаковке,numeric,шт,100.0,100.0,100 шт,7
793382390,Перчатки смотровые/процедурные и хирургические,Материал,categorical,,,,нитрил,7
793382390,Перчатки смотровые/процедурные и хирургические,Модель,categorical,,,,"Перчатки Ansell TouchNTuff® 92-500 (Тач-н-таф) (50 пар), Перчатки одноразовые нитриловые химически стойкие JSN9",7
793382390,Перчатки смотровые/процедурные и хирургические,Особенности,categorical,,,,Используются в лабораториях,7
793382390,Перчатки смотровые/процедурные и хирургические,Поверхность области захвата,categorical,,,,текстурированные кончики пальцев,7
793382390,Перчатки смотровые/процедурные и хирургические,Покрытие перчатки,categorical,,,,нитрил,7
793382390,Перчатки смотровые/процедурные и хирургические,Размер,numeric,(S),6.0,10.0,"9, 8, 7, 6, 7 (S), 9 (L), 10 (XL)",7
793382390,Перчатки смотровые/процедурные и хирургические,Толщина,numeric,мм,0.12,0.12,0.12000 мм,7
793382485,Шапочки медицинские,Вид,categorical,,,,"Шапочки медицинские, Текстиль и полимерные изделия медицинские однократного применения, Медицинские расходные материалы, Медицинские товары",7
793382485,Шапочки медицинские,Диаметр,numeric,мм,48.0,48.0,48 мм,7
793382485,Шапочки медицинские,Защитные свойства,categorical,,,,"Зо – защита от общих производственных загрязнений, З - защита от общих производственных загрязнений Зо - защита от общих производственных загрязнений (облегченная)",7
793382485,Шапочки медицинские,Количество штук в упаковке,numeric,шт,1.0,1.0,1.00000 шт,7
793382485,Шапочки медицинские,Модель,categorical,,,,"Шапочка «Медик», Шапочка ""Кротик"", Шапочка «Панацея», Бандана «Лотос» белая, Шапочка медицинская белая, Шапочка-берет «Шарлотта» медицинская одноразовая белая (RLN5302",7
793382485,Шапочки медицинские,Назначение,categorical,,,,"для персонала медицинских учреждений, для защиты от общих производственных загрязнений, медицинские учреждения",7
793382485,Шапочки медицинские,Обхват головы (горизонтальный обхват по окружности головы),numeric,-62 см,54.0,54.0,54-62 см,7
793382485,Шапочки медицинские,Состав ткани,categorical,,,,"65 полиэфир, смесовая (97% хлопок",7
793382485,Шапочки медицинские,Ткань,categorical,,,,"65 полиэфир, тиси, смесовая",7
793382485,Шапочки медицинские,Цвет,categorical,,,,"белый, принт «Кротики» на белом фоне., кобальтовый",7
793382486,Салфетки,Вид,categorical,,,,Чехол-салфетка для очков,1
793382486,Салфетки,Материал,categorical,,,,микрофазер,1
793382486,Салфетки,Модель,categorical,,,,Чехол-салфетка для открытых очков (9954349),1
793382486,Салфетки,Назначение,categorical,,,,внутренняя сторона чехла предназначена для сухой очистки линзы,1
793382486,Салфетки,Цвет,categorical,,,,серый,1
793382492,"Халат изолирующий, процедурный",Карманы,categorical,,,,"3 нижних накладных кармана, Накладные боковые и нагрудный карманы выполнены как навесной, 2 накладных, боковые, Накладные карманы спереди, нагрудный слева с петелькой для крепления бейджа, Накладные карманы сзади и по бокам, 4 кармана – по 2 спереди и сзади., 2 накладных кармана, Накладные боковые и нагрудный карманы выполнены как навесной. По боковым швам в области нижних карманов – прорези с внутренними планками для удобства пользования карманами брюк.",120
793382492,"Халат изолирующий, процедурный",Модель,categorical,,,,"Халат женский «Бьянка-2», Халат женский медицинский «Линда-Арт», Блуза женская «Стелла» сливовая, Халат женский медицинский «Линда», Брюки женские «Атлантик», Блуза женская «Афина» белая, Халат мужской медицинский, Халат женский медицинский, Блуза женская медицинская «Тереза», Брюки женские «Бьянка-2»",120
793382492,"Халат изолирующий, процедурный",Назначение,categorical,,,,"Защита от общепроизводственных загрязнений, для защиты от общих производственных загрязнений",120
793382492,"Халат изолирующий, процедурный",Описание,categorical,,,,"Рекомендуется для персонала медицинских учреждений, С логотипом, Халат полуприлегающего силуэта с рельефами, возможность нанесения логотипа, наличие логотипа",120
793382492,"Халат изолирующий, процедурный",Отделка,categorical,,,,"малосминаемая, малосминаемая CRF",120
793382492,"Халат изолирующий, процедурный",Пол,categorical,,,,"женский, мужской, Женский, Мужской",120
793382492,"Халат изолирующий, процедурный",Половая принадлежность,categorical,,,,"женская, мужской",120
793382492,"Халат изолирующий, процедурный",Рукава,categorical,,,,короткие с отворотом,120
793382492,"Халат изолирующий, процедурный",Силуэт,categorical,,,,"трапеция, прямой",120
793382492,"Халат изолирующий, процедурный",Состав ткани,numeric,полиэфир,47.0,65.0,"65 полиэфир, 55 полиэфир, 47 бамбук, 49 хлопок, 50 полиэфир, 65 поли­эстер, 50 TENCEL®, отбеленная бязь - хлопок %, отбеленная бязь (хлопок), отбеленная бязь",120
793382492,"Халат изолирующий, процедурный",Ткань,categorical,,,,"«Старлайт», «Артвейв», смесовая, «К-Флекс 200» малосминаемая отделка CRF, «Оксфорд», «Супербандмастер» смесовая с несминаемой отделкой, «Сатори», 47 бамбук, «К-Флекс 200» (49% хлопок, Старлайт",120
793382492,"Халат изолирующий, процедурный",Цвет,categorical,,,,"белый, сливовый, морская волна, Белый, темно-синий, киви, белый/бирюзовый",120
793382493,Текстиль общего назначения,Карманы,categorical,,,,"Накладные карманы сзади и по бокам, 3 нижних накладных кармана, 4 кармана – по 2 спереди и сзади., Накладные карманы спереди, нагрудный слева с петелькой для крепления бейджа, Накладные боковые и?нагрудный карманы, накладные боковые и?нагрудный, боковые, 2 кармана на молнии., :накладные",375
793382493,Текстиль общего назначения,Модель,categorical,,,,"Блуза женская медицинская «Лотос» синяя, Блуза женская медицинская «Тереза» белая с синей отделкой, «Элис», «Афина», Брюки женские медицинские «Лотос» синие, Брюки женские медицинские «Тереза» красные, Брюки женские медицинские «Афина» сиреневые, Брюки женские медицинские «Тереза» белые, Брюки женские «Бьянка-2», Блуза женская «Инга»",375
793382493,Текстиль общего назначения,Назначение,categorical,,,,"для защиты от общих производственных загрязнений, Защита от общепроизводственных загрязнений, Защита от общепроизводственных назначений, Брюки женские медицинские «Афина» бирюзовые р.132/158-164, Медицинское изделие, медицинский, для медицинских учреждений",375
793382493,Текстиль общего назначения,Отделка,categorical,,,,"малосминаемая CRF, водоотталкивающая, Малоусадочная, Малосминаемая CRF",375
793382493,Текстиль общего назначения,Плотность ткани,numeric,г/кв.м,115.0,205.0,"140 г/кв.м, 160 г/кв.м, 165 г/кв.м, 180 г/кв.м, 200 г/кв.м, 205 г/кв.м, 115 г/кв.м, 180 г/м2",375
793382493,Текстиль общего назначения,Пол,categorical,,,,"женский, мужской, Женский",375
793382493,Текстиль общего назначения,Рукав,categorical,,,,"короткий, короткий с отворотом, Короткий, :короткий",375
793382493,Текстиль общего назначения,Состав ткани,numeric,полиэфир,47.0,65.0,"47 бамбук, 65 полиэфир, 55 полиэфир, 65% полиэфир, 49 хлопок, 49% хлопок, смесовая (65% полиэфир, 55 полиэфира, 55% полиэфир, 65 % полиэфир",375
793382493,Текстиль общего назначения,Ткань,categorical,,,,"смесовая, бамбук, «Бамбук», «Артвейв», «К-Флекс 200», «Старлайт», 47 бамбук, смесовая (65% полиэфир, Бамбук, 97 хлопок",375
793382493,Текстиль общего назначения,Цвет,categorical,,,,"белый, синий, бирюзовый, сиреневый, темно-синий, красный, комбинация белого, сливовый, васильковый, лайм",375
793382494,Одежда для пациента и посетителей,Воротник,categorical,,,,отложной на стойке,3
793382494,Одежда для пациента и посетителей,Застежка,categorical,,,,на кнопки,3
793382494,Одежда для пациента и посетителей,Застёжка,categorical,,,,на липучках,3
793382494,Одежда для пациента и посетителей,Материал,categorical,,,,"первичный воздухопроницаемый нетканый полипропилен, нетканный полипропилен",3
793382494,Одежда для пациента и посетителей,Модель,categorical,,,,"Халат одноразовый «Визитер» (спанбонд) на липучках белый, Халат одноразовый «Визитер» (спанбонд) на кнопках белый",3
793382494,Одежда для пациента и посетителей,Плотность,numeric,г/м2,20.0,20.0,20 г/м2,3
793382494,Одежда для пациента и посетителей,Размер,categorical,,,,XL,3
793382494,Одежда для пациента и посетителей,Размер халата,categorical,,,,"XL, 2XL",3
793382494,Одежда для пациента и посетителей,Рукава,categorical,,,,без манжет,3
793382494,Одежда для пациента и посетителей,Стерильность,categorical,,,,Нестерильный,3
793382494,Одежда для пациента и посетителей,Цвет,categorical,,,,белый,3
793382500,"Маска лицевая для защиты дыхательных путей, одноразового использования",Вид,categorical,,,,медицинская,1
793382500,"Маска лицевая для защиты дыхательных путей, одноразового использования",Количество в упаковке,numeric,шт,50.0,50.0,50 шт,1
793382500,"Маска лицевая для защиты дыхательных путей, одноразового использования",Количество слоев,numeric,шт,3.0,3.0,3.00000 шт,1
793382500,"Маска лицевая для защиты дыхательных путей, одноразового использования",Материал,categorical,,,,нетканый,1
793382500,"Маска лицевая для защиты дыхательных путей, одноразового использования",Модель,categorical,,,,Маска медицинская (50 шт.),1
793382500,"Маска лицевая для защиты дыхательных путей, одноразового использования",Назначение,categorical,,,,Обеспечивает защиту от различных патогенных микробов,1
793382500,"Маска лицевая для защиты дыхательных путей, одноразового использования",Носовой фиксатор,categorical,,,,гибкий,1
793382500,"Маска лицевая для защиты дыхательных путей, одноразового использования",Регистрационное удостоверение,categorical,,,,№ РЗН 2020/10189,1
793382500,"Маска лицевая для защиты дыхательных путей, одноразового использования",Состав материала,categorical,,,,спанбонд,1
793382504,Средства индивидуальной защиты для медицинского персонала прочие,Вес,numeric,г,39.0,50.0,"39 г, 50 г, 47 г",4
793382504,Средства индивидуальной защиты для медицинского персонала прочие,М2,numeric,,480.0,480.0,480.00000,4
793382504,Средства индивидуальной защиты для медицинского персонала прочие,Материал,categorical,,,,"Брезент, трикотажные перчатки изготовлены из комбинированного сырья (полиэфирной нити и хлопчатобумажной пряжи). Имеют точечное ПВХ-покрытие 50% хлопок, хлопкополиэфирная пряжа",4
793382504,Средства индивидуальной защиты для медицинского персонала прочие,Модель,categorical,,,,"Рукавицы из парусины полульняной, Перчатки трикотажные с латексным покрытием ладони, Перчатки трикотажные «Гриф» с точечным ПВХ-покрытием ладони, Перчатки трикотажные для защиты рук от механических воздействий и ОПЗ",4
793382504,Средства индивидуальной защиты для медицинского персонала прочие,Назначение,categorical,,,,"Предназначены для защиты рук от механических воздействий и общих производственных загрязнений, Обеспечивают хороший захват и повышают износостойкость, для защиты рук от механических воздействий (истирания)., для защиты рук от общепроизводственных загрязнений и механических воздействий.",4
793382504,Средства индивидуальной защиты для медицинского персонала прочие,Размер,numeric,см,10.0,21.0,"10, 21, 10 см",4
793382504,Средства индивидуальной защиты для медицинского персонала прочие,Состав материала,categorical,,,,"хлопок с латексным покрытием, хлопок 60%",4
793382504,Средства индивидуальной защиты для медицинского персонала прочие,Цвет,categorical,,,,"бежевый, черный, белый",4
793410076,Патроны и фильтры сменные для средств индивидуальной защиты органов дыхания,Артикул,numeric,,7884.0,7884.0,7884,11
793410076,Патроны и фильтры сменные для средств индивидуальной защиты органов дыхания,Вид,categorical,,,,"Сменный фильтр (предфильтр), сменный фильтр., Держатель, Товары для противопожарных, Патроны и фильтры сменные для средств индивидуальной защиты органов дыхания, Средства индивидуальной защиты органов дыхания",11
793410076,Патроны и фильтры сменные для средств индивидуальной защиты органов дыхания,Гарантийный срок хранения,numeric,г,5.0,5.0,"5.00000 г, 5 г",11
793410076,Патроны и фильтры сменные для средств индивидуальной защиты органов дыхания,Масса,numeric,г,10.0,120.0,"120 г, 10 г, 37.00000 г",11
793410076,Патроны и фильтры сменные для средств индивидуальной защиты органов дыхания,Модель,categorical,,,,"Фильтр противоаэрозольный (предфильтр) MFA, Фильтр противогазовый MFA, Фильтр UNIX 531 марки А1В1Е1К1, Держатель предфильтра MFA, Противоаэрозольная полумаска фильтрующая (респиратор) VFlex™ 9162V (Ви Флекс) с клапаном выдоха (FFP2, ДОТ P3 R D, Держатель предфильтров UNIX, Фильтр UNIX 502 А2 для средств индивидуальной защиты, Фильтр UNIX 502 А2, Сменный фильтр Elipse P3 R D (пара) с защитой от запаха для полумасок SPR337/502 (SPR336)",11
793410076,Патроны и фильтры сменные для средств индивидуальной защиты органов дыхания,Назначение,categorical,,,,"Обеспечивает защиту при объемном содержании кислорода в воздухе не менее 17% и суммарном содержании паро- и газообразных вредных веществ не более 50 ПДК (с полумаской), для дополнительной защиты и увеличения срока службы основного сменного противогазового фильтра MFA от воздействий аэрозолей (пыль, для защиты органов дыхания (в комплекте с лицевой частью MFA), Фильтр предназначен для защиты органов дыхания (в комплекте с лицевой частью) от воздействия органических газов и паров с температурой кипения выше 65°С, для крепления сменных противоаэрозольных фильтров MFA (предфильтров) к сменным противогазовым фильтрам MFA, для крепления сменных предфильтров",11
793410076,Патроны и фильтры сменные для средств индивидуальной защиты органов дыхания,Срок службы,numeric,г,5.0,5.0,5 г,11
793410076,Патроны и фильтры сменные для средств индивидуальной защиты органов дыхания,Страна,categorical,,,,"Россия, РОССИЯ",11
793410076,Патроны и фильтры сменные для средств индивидуальной защиты органов дыхания,Температурный режим,categorical,,,,от –10 до +50 [0*]С,11
793410076,Патроны и фильтры сменные для средств индивидуальной защиты органов дыхания,Температурный режим хранения,categorical,,,,"от –10 до +50 °c, от -10 до +50 °c",11
793410700,Поло спортивные для взрослых,Воротник,categorical,,,,отложной воротничок укреплен тесьмой,5
793410700,Поло спортивные для взрослых,Застежка,categorical,,,,пуговицы мм,5
793410700,Поло спортивные для взрослых,М2,numeric,,180.0,180.0,180.00000,5
793410700,Поло спортивные для взрослых,Модель,categorical,,,,Сорочка с воротником «Поло» темно-синяя,5
793410700,Поло спортивные для взрослых,Рост,numeric,/182-188 см,92.0,120.0,"120/182-188 см, 92/170-176 см, 100/170-176 см, 108/182-188 см, 112/182-188 см",5
793410700,Поло спортивные для взрослых,Рукав,categorical,,,,короткий,5
793410700,Поло спортивные для взрослых,Силуэт,categorical,,,,прямой,5
793410700,Поло спортивные для взрослых,Состав,numeric,хлопок %,100.0,100.0,100 хлопок %,5
793410700,Поло спортивные для взрослых,Цвет,categorical,,,,темно-синяя,5
793411714,Медицинские наборы,Аптечка изготовлена в соответствии с приказом минз,categorical,,,,Министерства здравоохранения Российской Федерации от 08.10.2020 г. №?1080н,4
793411714,Медицинские наборы,Бинт марлевый медицинский нестерильный 5 м х 10 см,numeric,штук,4.0,4.0,4 штук,4
793411714,Медицинские наборы,Высота,numeric,мм,255.0,255.0,255 мм,4
793411714,Медицинские наборы,Количество вложений,numeric,шт,23.0,23.0,23 шт,4
793411714,Медицинские наборы,Комплектация,categorical,,,,Жгут кровоостанавливающий 1 шт.,4
793411714,Медицинские наборы,Маска медицинская нестерильная 3-слойная из неткан,numeric,штук,2.0,2.0,2 штук,4
793411714,Медицинские наборы,Модель,categorical,,,,"Аптечка Автомобильная ФЭСТ, 9230, Аптечка для оказания первой помощи пострадавшим в дорожно-транспортных происшествиях (автомобильная) ФЭСТ",4
793411714,Медицинские наборы,Назначение,categorical,,,,для оказания первой помощи работникам на производственных участках и в рабочих кабинетах,4
793411714,Медицинские наборы,Ножницы для разрезания повязок по листеру,numeric,штук,1.0,1.0,1 штук,4
793411714,Медицинские наборы,Размер,numeric,x205x70 мм,205.0,205.0,205x205x70 мм,4
793411714,Медицинские наборы,Устройство для проведения искусственного дыхания «,numeric,штук,1.0,1.0,1 штук,4
793411714,Медицинские наборы,Фармакологическое действие,categorical,,,,Аптечка предназначена для оказания первой помощи,4
793411714,Медицинские наборы,Форма выпуска,categorical,,,,Пластиковый чемодан,4
793411714,Медицинские наборы,Футляр,numeric,штук,1.0,1.0,1 штук,4
793411966,Принадлежности и расходные материалы для хирургического оборудования,Вес в упаковке,numeric,г,5.0,5.0,5 г,1
793411966,Принадлежности и расходные материалы для хирургического оборудования,Гарантийный срок,numeric,мес,5.0,5.0,5 мес,1
793411966,Принадлежности и расходные материалы для хирургического оборудования,Защита при концентрации аэрозолей,categorical,,,,не более 300 мг/куб.м,1
793411966,Принадлежности и расходные материалы для хирургического оборудования,Модель,categorical,,,,Фильтр противоаэрозольный UNIX P3,1
793411966,Принадлежности и расходные материалы для хирургического оборудования,Температурный режим эксплуатации,categorical,,,,от -40 до +40 [0*]С,1
793412180,Самоспасатели пожарные изолирующие с химически связанным кислородом,Вес,numeric,г,1500.0,1500.0,1500 г,6
793412180,Самоспасатели пожарные изолирующие с химически связанным кислородом,Вид,categorical,,,,Универсальный фильтрующий малогаборитный самоспасатель,6
793412180,Самоспасатели пожарные изолирующие с химически связанным кислородом,Время защитного действия,categorical,,,,не менее 30 минут.,6
793412180,Самоспасатели пожарные изолирующие с химически связанным кислородом,Габаритные размеры,numeric,x203x213 мм,118.0,118.0,118x203x213 мм,6
793412180,Самоспасатели пожарные изолирующие с химически связанным кислородом,Исполнение капюшона фильтрующего самоспасателя,categorical,,,,имеет внутреннюю систему самонатяжения оголовья,6
793412180,Самоспасатели пожарные изолирующие с химически связанным кислородом,Клапан вдоха,categorical,,,,исключает попадание выдыхаемого воздуха (слюны и конденсата) в фильтры,6
793412180,Самоспасатели пожарные изолирующие с химически связанным кислородом,Модель,categorical,,,,"СПИ-20, САМОСПАСАТЕЛЬ СПИ-20, СПИ-20М, Универсальный фильтрующий малогабаритный самоспасатель (УФМС) «Шанс-Е» с полумаской",6
793412180,Самоспасатели пожарные изолирующие с химически связанным кислородом,Назначение,categorical,,,,при эвакуации в условиях пожара из зданий,6
793412180,Самоспасатели пожарные изолирующие с химически связанным кислородом,Описание,categorical,,,,Боковое расположение фильтров самоспасателя не ограничивает подвижность головы и шеи,6
793412180,Самоспасатели пожарные изолирующие с химически связанным кислородом,Применение,categorical,,,,для индивидуальной защиты органов дыхания и зрения людей от токсичных продуктов горения (в том числе от монооксида углерода – угарного газа) при эвакуации из задымленных помещений во время пожара,6
793412180,Самоспасатели пожарные изолирующие с химически связанным кислородом,Срок службы,numeric,г,10.0,10.0,10.00000 г,6
793412180,Самоспасатели пожарные изолирующие с химически связанным кислородом,Срок хранения,numeric,г,5.0,5.0,5.00000 г,6
793412180,Самоспасатели пожарные изолирующие с химически связанным кислородом,Температурный диапазон эксплуатации,categorical,,,,от -10 до +60 градус,6
793413026,Перчатки резиновые общего назначения (кроме медицинских),Вид,categorical,,,,"упаковка-диспенсер, перчатки, Полиэтилен, Подходят для сборочных работ в авиационной, хлопковое гипоаллергенное напыление, Латекс",9
793413026,Перчатки резиновые общего назначения (кроме медицинских),Длина перчатки,numeric,мм,300.0,320.0,"300.00000 мм, 320.00000 мм",9
793413026,Перчатки резиновые общего назначения (кроме медицинских),Количество пар в упаковке,numeric,шт,50.0,50.0,50 шт,9
793413026,Перчатки резиновые общего назначения (кроме медицинских),Материал внешнего покрытия,categorical,,,,"нитрил, отсутствует",9
793413026,Перчатки резиновые общего назначения (кроме медицинских),Модель,categorical,,,,"Перчатки полиэтиленовые, Перчатки VersaTouch 37-210 (Версатач) нитриловые, 6301, (50 пар), Bi-Colour 87-900, Перчатки резиновые хозяйственные ""Комфорт"", Перчатки «Латекс Лайт» VLX 1 (Latex Lite VLX 1)",9
793413026,Перчатки резиновые общего назначения (кроме медицинских),Назначение,categorical,,,,для использования в косметологии и клининге,9
793413026,Перчатки резиновые общего назначения (кроме медицинских),Поверхность области захвата,categorical,,,,рельефная,9
793413026,Перчатки резиновые общего назначения (кроме медицинских),Размер,numeric,-8,7.0,10.0,"7-8, 9.00000, M/L, 9-10, 10.00000, (9) L",9
793413026,Перчатки резиновые общего назначения (кроме медицинских),Состав,categorical,,,,полиэтилен низкого давления (ПНД),9
793413026,Перчатки резиновые общего назначения (кроме медицинских),Тип,categorical,,,,"гладкие, перчатки одноразовые",9
793413026,Перчатки резиновые общего назначения (кроме медицинских),Толщина,numeric,мм,0.03,0.4,"0.03000 мм, 0.20000 мм, 0.40000 мм",9
793413026,Перчатки резиновые общего назначения (кроме медицинских),Цвет,categorical,,,,"прозрачный, синий, желтый",9
793413032,Перчатки хозяйственные трикотажные,Вес пары,numeric,г,0.07,49.0,"0.07000 г, 49.00000 г",12
793413032,Перчатки хозяйственные трикотажные,Вид,categorical,,,,"перчатки, точечное, От механических воздействий",12
793413032,Перчатки хозяйственные трикотажные,Длина перчатки,numeric,мм,243.0,243.0,243.00000 мм,12
793413032,Перчатки хозяйственные трикотажные,Класс вязки,numeric,,10.0,13.0,"10.00000, 13.00000",12
793413032,Перчатки хозяйственные трикотажные,Материал основы,numeric,хлопок,60.0,90.0,"90 хлопок, 75% хлопок, 75 хлопок, 60 хлопок, хлопок",12
793413032,Перчатки хозяйственные трикотажные,Материал покрытия,categorical,,,,"ПВХ, натуральный латекс",12
793413032,Перчатки хозяйственные трикотажные,Модель,categorical,,,,"Перчатки трикотажные «Волна», Перчатки трикотажные, Перчатки трикотажные «Сити» с точечным ПВХ-покрытием ладони, Рукавицы комбинированные с наладонником, Перчатки трикотажные «Техно» с точечным ПВХ-покрытием ладони (10 класс) р.9, Перчатки трикотажные «Техно» с точечным ПВХ-покрытием ладони (10 класс) р.7, Перчатки трикотажные (10 класс), Перчатки трикотажные «Сити» с точечным ПВХ-покрытием ладони (13 класс), Перчатки трикотажные с латексным покрытием ладони",12
793413032,Перчатки хозяйственные трикотажные,Назначение,categorical,,,,"для защиты рук от механических воздействий и истирания, для защиты от механических воздействий, для работы с сухими предметами, для защиты рук от механических воздействий при грубой и тяжелой работе, для защиты рук от общих производственных загрязнений и механических воздействий",12
793413032,Перчатки хозяйственные трикотажные,Область применения,categorical,,,,Садово-строительные работы,12
793413032,Перчатки хозяйственные трикотажные,Размер,numeric,,2.0,10.0,"9, 8, L, 2, M (8), 10",12
793413032,Перчатки хозяйственные трикотажные,Цвет,categorical,,,,"основной-бежевый, Белый, белый",12
793413034,"Рукавицы хозяйственные брезентовые, трикотажные",Вес,numeric,г,31.0,31.0,31 г,2
793413034,"Рукавицы хозяйственные брезентовые, трикотажные",Вид,categorical,,,,рукавицы,2
793413034,"Рукавицы хозяйственные брезентовые, трикотажные",М2,numeric,,235.0,235.0,235.00000,2
793413034,"Рукавицы хозяйственные брезентовые, трикотажные",Материал,categorical,,,,Утеплитель – натуральная овчина,2
793413034,"Рукавицы хозяйственные брезентовые, трикотажные",Материал основания,categorical,,,,прочная х/б ткань (диагональ суровая,2
793413034,"Рукавицы хозяйственные брезентовые, трикотажные",Модель,categorical,,,,"Рукавицы меховые с кожаным наладонником, Рукавицы х/б с двойным наладонником (2)",2
793413034,"Рукавицы хозяйственные брезентовые, трикотажные",Назначение,categorical,,,,"для защиты рук от механических воздействий (истирания) и общих производственных загрязнений в условиях воздействия пониженных температур, Предназначены для защиты рук от механических воздействий при работах в различных отраслях промышленности и с/х.",2
793413034,"Рукавицы хозяйственные брезентовые, трикотажные",Размер,numeric,(27),2.0,2.0,2 (27),2
793413034,"Рукавицы хозяйственные брезентовые, трикотажные",Сезон,categorical,,,,Зима,2
793413404,Стропы,Амортизатор,categorical,,,,наличие,4
793413404,Стропы,Вид,categorical,,,,"Строп, строп",4
793413404,Стропы,Длина,numeric,м,2.0,2.0,2.00000 м,4
793413404,Стропы,Модель,categorical,,,,"Строп с амортизатором ALN101, Строп регулируемый для удерживания LN111, Строп капроновый LAS001 (LAS001), Строп из капронового каната СК-21а",4
793413404,Стропы,Назначение,categorical,,,,"для безопасной остановки падения и является компонентом страховочной системы, предназначен для работы в системе удержания, нерегулируемый",4
793413404,Стропы,Наименование материала изготовления,categorical,,,,"полиамид, плетеный полиамидный шнур с индикатором изнашивания, капроновый канат",4
793413404,Стропы,Статическая прочность,categorical,,,,"15 кн, мин. 15 кН.",4
793413404,Стропы,Тип,categorical,,,,"AZ002 (раскрытие 18 мм), один большой и один малый металлический карабины",4
793413924,Бахилы медицинские,Глубина,numeric,см,41.0,41.0,41 см,1
793413924,Бахилы медицинские,Количество слоёв,numeric,шт,1.0,1.0,1 шт,1
793413924,Бахилы медицинские,Модель,categorical,,,,Бахилы одноразовые Размер универсальный Текстурированные прочные 30-40 мкм,1
793413924,Бахилы медицинские,Производитель,categorical,,,,Китай,1
793413924,Бахилы медицинские,Цвет,categorical,,,,Голубой,1
